datetime_utc,candle_close_utc,current_price,candle_low,entry_price,current_return_pct,intraday_low_ret_pct,target_return_pct,sl_pct,sl_price,tp_price,days_held,horizon_days,exit_triggered
2026-07-13 09:27:27,2026-07-13 09:26:00,63119.0,63119.0,63780.0,-1.0364,-1.0364,2.4501,-0.65,63365.43,65342.67,0.0,7,stop_loss
2026-07-23 00:06:22,2026-07-23 00:05:00,66150.0,66116.0,66086.0,0.0968,0.0454,4.3711,-0.65,65656.44,68974.7,0.0,7,none
2026-07-23 00:11:10,2026-07-23 00:10:00,66179.0,66165.0,66086.0,0.1407,0.1195,4.3711,-0.65,65656.44,68974.7,0.003,7,none
2026-07-23 00:16:00,2026-07-23 00:15:00,66151.0,66151.0,66086.0,0.0984,0.0984,4.3711,-0.65,65656.44,68974.7,0.007,7,none
2026-07-23 00:21:17,2026-07-23 00:20:00,66215.0,66166.0,66086.0,0.1952,0.1211,4.3711,-0.65,65656.44,68974.7,0.011,7,none
2026-07-23 00:26:09,2026-07-23 00:25:00,66258.0,66254.0,66086.0,0.2603,0.2542,4.3711,-0.65,65656.44,68974.7,0.014,7,none
2026-07-23 00:31:18,2026-07-23 00:30:00,66179.0,66179.0,66086.0,0.1407,0.1407,4.3711,-0.65,65656.44,68974.7,0.017,7,none
2026-07-23 00:36:16,2026-07-23 00:35:00,66243.0,66242.0,66086.0,0.2376,0.2361,4.3711,-0.65,65656.44,68974.7,0.021,7,none
2026-07-23 00:41:10,2026-07-23 00:40:00,66167.0,66166.0,66086.0,0.1226,0.1211,4.3711,-0.65,65656.44,68974.7,0.024,7,none
2026-07-23 00:46:13,2026-07-23 00:45:00,66143.0,66115.0,66086.0,0.0863,0.0439,4.3711,-0.65,65656.44,68974.7,0.028,7,none
2026-07-23 00:51:11,2026-07-23 00:50:00,66095.0,66095.0,66086.0,0.0136,0.0136,4.3711,-0.65,65656.44,68974.7,0.031,7,none
2026-07-23 00:56:05,2026-07-23 00:55:00,66049.0,66038.0,66086.0,-0.056,-0.0726,4.3711,-0.65,65656.44,68974.7,0.035,7,none
2026-07-23 01:01:23,2026-07-23 01:00:00,65999.0,65998.0,66086.0,-0.1316,-0.1332,4.3711,-0.65,65656.44,68974.7,0.038,7,none
2026-07-23 01:06:11,2026-07-23 01:05:00,66168.0,66118.0,66086.0,0.1241,0.0484,4.3711,-0.65,65656.44,68974.7,0.042,7,none
2026-07-23 01:11:12,2026-07-23 01:10:00,66021.0,65989.0,66086.0,-0.0984,-0.1468,4.3711,-0.65,65656.44,68974.7,0.045,7,none
2026-07-23 01:16:09,2026-07-23 01:15:00,65995.0,65995.0,66086.0,-0.1377,-0.1377,4.3711,-0.65,65656.44,68974.7,0.049,7,none
2026-07-23 01:21:10,2026-07-23 01:20:00,65893.0,65857.0,66086.0,-0.292,-0.3465,4.3711,-0.65,65656.44,68974.7,0.052,7,none
2026-07-23 01:26:07,2026-07-23 01:25:00,65895.0,65869.0,66086.0,-0.289,-0.3284,4.3711,-0.65,65656.44,68974.7,0.056,7,none
2026-07-23 01:31:20,2026-07-23 01:30:00,65834.0,65834.0,66086.0,-0.3813,-0.3813,4.3711,-0.65,65656.44,68974.7,0.059,7,none
2026-07-23 01:36:13,2026-07-23 01:35:00,65818.0,65799.0,66086.0,-0.4055,-0.4343,4.3711,-0.65,65656.44,68974.7,0.063,7,none
2026-07-23 01:41:10,2026-07-23 01:40:00,65742.0,65712.0,66086.0,-0.5205,-0.5659,4.3711,-0.65,65656.44,68974.7,0.066,7,none
2026-07-23 01:46:08,2026-07-23 01:45:00,65797.0,65756.0,66086.0,-0.4373,-0.4993,4.3711,-0.65,65656.44,68974.7,0.069,7,none
2026-07-23 01:51:09,2026-07-23 01:50:00,65805.0,65797.0,66086.0,-0.4252,-0.4373,4.3711,-0.65,65656.44,68974.7,0.073,7,none
2026-07-23 01:56:11,2026-07-23 01:55:00,65830.0,65830.0,66086.0,-0.3874,-0.3874,4.3711,-0.65,65656.44,68974.7,0.076,7,none
2026-07-23 02:01:25,2026-07-23 02:00:00,65756.0,65756.0,66086.0,-0.4993,-0.4993,4.3711,-0.65,65656.44,68974.7,0.08,7,none
2026-07-23 02:06:12,2026-07-23 02:05:00,65795.0,65763.0,66086.0,-0.4403,-0.4888,4.3711,-0.65,65656.44,68974.7,0.083,7,none
2026-07-23 02:11:13,2026-07-23 02:10:00,65802.0,65784.0,66086.0,-0.4297,-0.457,4.3711,-0.65,65656.44,68974.7,0.087,7,none
2026-07-23 02:16:11,2026-07-23 02:15:00,65727.0,65683.0,66086.0,-0.5432,-0.6098,4.3711,-0.65,65656.44,68974.7,0.09,7,none
2026-07-23 02:21:15,2026-07-23 02:20:00,65713.0,65712.0,66086.0,-0.5644,-0.5659,4.3711,-0.65,65656.44,68974.7,0.094,7,none
2026-07-23 02:26:05,2026-07-23 02:25:00,65665.0,65664.0,66086.0,-0.637,-0.6386,4.3711,-0.65,65656.44,68974.7,0.097,7,none
2026-07-23 02:31:20,2026-07-23 02:30:00,65703.0,65687.0,66086.0,-0.5795,-0.6038,4.3711,-0.65,65656.44,68974.7,0.101,7,none
2026-07-23 02:36:14,2026-07-23 02:35:00,65792.0,65785.0,66086.0,-0.4449,-0.4555,4.3711,-0.65,65656.44,68974.7,0.104,7,none
2026-07-23 02:41:13,2026-07-23 02:40:00,65719.0,65699.0,66086.0,-0.5553,-0.5856,4.3711,-0.65,65656.44,68974.7,0.108,7,none
2026-07-23 02:46:10,2026-07-23 02:45:00,65799.0,65748.0,66086.0,-0.4343,-0.5115,4.3711,-0.65,65656.44,68974.7,0.111,7,none
2026-07-23 02:51:14,2026-07-23 02:50:00,65751.0,65744.0,66086.0,-0.5069,-0.5175,4.3711,-0.65,65656.44,68974.7,0.115,7,none
2026-07-23 02:56:12,2026-07-23 02:55:00,65764.0,65750.0,66086.0,-0.4872,-0.5084,4.3711,-0.65,65656.44,68974.7,0.118,7,none
2026-07-23 03:01:22,2026-07-23 03:00:00,65771.0,65771.0,66086.0,-0.4767,-0.4767,4.3711,-0.65,65656.44,68974.7,0.122,7,none
2026-07-23 03:06:05,2026-07-23 03:05:00,65674.0,65674.0,66086.0,-0.6234,-0.6234,4.3711,-0.65,65656.44,68974.7,0.125,7,none
2026-07-23 03:11:11,2026-07-23 03:10:00,65676.0,65674.0,66086.0,-0.6204,-0.6234,4.3711,-0.65,65656.44,68974.7,0.128,7,none
2026-07-23 03:16:08,2026-07-23 03:15:00,65586.0,65576.0,66086.0,-0.7566,-0.7717,4.3711,-0.65,65656.44,68974.7,0.132,7,stop_loss
2026-07-24 00:06:21,2026-07-24 00:05:00,64917.0,64917.0,65069.0,-0.2336,-0.2336,2.0652,-1.0326,64397.1,66412.8,0.0,7,none
2026-07-24 00:11:12,2026-07-24 00:10:00,64876.0,64875.0,65069.0,-0.2966,-0.2981,2.0652,-1.0326,64397.1,66412.8,0.004,7,none
2026-07-24 00:14:22,2026-07-24 00:13:00,64921.0,64907.0,65069.0,-0.2275,-0.249,2.0652,-1.0326,64397.1,66412.8,0.006,7,none
2026-07-24 00:16:08,2026-07-24 00:15:00,64901.0,64899.0,65069.0,-0.2582,-0.2613,2.0652,-1.0326,64397.1,66412.8,0.007,7,none
2026-07-24 00:21:09,2026-07-24 00:20:00,64888.0,64869.0,65069.0,-0.2782,-0.3074,2.0652,-1.0326,64397.1,66412.8,0.01,7,none
2026-07-24 00:26:04,2026-07-24 00:25:00,64889.0,64888.0,65069.0,-0.2766,-0.2782,2.0652,-1.0326,64397.1,66412.8,0.014,7,none
2026-07-24 00:31:29,2026-07-24 00:30:00,64850.0,64850.0,65069.0,-0.3366,-0.3366,2.0652,-1.0326,64397.1,66412.8,0.018,7,none
2026-07-24 00:36:10,2026-07-24 00:35:00,64846.0,64798.0,65069.0,-0.3427,-0.4165,2.0652,-1.0326,64397.1,66412.8,0.021,7,none
2026-07-24 00:41:10,2026-07-24 00:40:00,64733.0,64721.0,65069.0,-0.5164,-0.5348,2.0652,-1.0326,64397.1,66412.8,0.024,7,none
2026-07-24 00:46:07,2026-07-24 00:45:00,64877.0,64815.0,65069.0,-0.2951,-0.3904,2.0652,-1.0326,64397.1,66412.8,0.028,7,none
2026-07-24 00:51:18,2026-07-24 00:50:00,64908.0,64882.0,65069.0,-0.2474,-0.2874,2.0652,-1.0326,64397.1,66412.8,0.031,7,none
2026-07-24 00:56:11,2026-07-24 00:55:00,64889.0,64866.0,65069.0,-0.2766,-0.312,2.0652,-1.0326,64397.1,66412.8,0.035,7,none
2026-07-24 01:01:20,2026-07-24 01:00:00,64923.0,64923.0,65069.0,-0.2244,-0.2244,2.0652,-1.0326,64397.1,66412.8,0.038,7,none
2026-07-24 01:06:10,2026-07-24 01:05:00,65057.0,65056.0,65069.0,-0.0184,-0.02,2.0652,-1.0326,64397.1,66412.8,0.042,7,none
2026-07-24 01:11:14,2026-07-24 01:10:00,65046.0,65044.0,65069.0,-0.0353,-0.0384,2.0652,-1.0326,64397.1,66412.8,0.045,7,none
2026-07-24 01:16:08,2026-07-24 01:15:00,64989.0,64983.0,65069.0,-0.1229,-0.1322,2.0652,-1.0326,64397.1,66412.8,0.049,7,none
2026-07-24 01:21:11,2026-07-24 01:20:00,65000.0,64993.0,65069.0,-0.106,-0.1168,2.0652,-1.0326,64397.1,66412.8,0.052,7,none
2026-07-24 01:26:13,2026-07-24 01:25:00,65057.0,65011.0,65069.0,-0.0184,-0.0891,2.0652,-1.0326,64397.1,66412.8,0.056,7,none
2026-07-24 01:31:20,2026-07-24 01:30:00,65006.0,64999.0,65069.0,-0.0968,-0.1076,2.0652,-1.0326,64397.1,66412.8,0.059,7,none
2026-07-24 01:36:07,2026-07-24 01:35:00,65093.0,65080.0,65069.0,0.0369,0.0169,2.0652,-1.0326,64397.1,66412.8,0.062,7,none
2026-07-24 01:41:19,2026-07-24 01:40:00,65123.0,65113.0,65069.0,0.083,0.0676,2.0652,-1.0326,64397.1,66412.8,0.066,7,none
2026-07-24 01:46:24,2026-07-24 01:45:00,65062.0,65060.0,65069.0,-0.0108,-0.0138,2.0652,-1.0326,64397.1,66412.8,0.07,7,none
2026-07-24 01:51:07,2026-07-24 01:50:00,65055.0,65052.0,65069.0,-0.0215,-0.0261,2.0652,-1.0326,64397.1,66412.8,0.073,7,none
2026-07-24 01:56:06,2026-07-24 01:55:00,65068.0,65062.0,65069.0,-0.0015,-0.0108,2.0652,-1.0326,64397.1,66412.8,0.076,7,none
2026-07-24 02:01:29,2026-07-24 02:00:00,65070.0,65053.0,65069.0,0.0015,-0.0246,2.0652,-1.0326,64397.1,66412.8,0.08,7,none
2026-07-24 02:06:17,2026-07-24 02:05:00,65031.0,65031.0,65069.0,-0.0584,-0.0584,2.0652,-1.0326,64397.1,66412.8,0.083,7,none
2026-07-24 02:11:08,2026-07-24 02:10:00,65102.0,65100.0,65069.0,0.0507,0.0476,2.0652,-1.0326,64397.1,66412.8,0.087,7,none
2026-07-24 02:16:10,2026-07-24 02:15:00,65129.0,65128.0,65069.0,0.0922,0.0907,2.0652,-1.0326,64397.1,66412.8,0.09,7,none
2026-07-24 02:21:15,2026-07-24 02:20:00,65086.0,65085.0,65069.0,0.0261,0.0246,2.0652,-1.0326,64397.1,66412.8,0.094,7,none
2026-07-24 02:26:15,2026-07-24 02:25:00,65132.0,65117.0,65069.0,0.0968,0.0738,2.0652,-1.0326,64397.1,66412.8,0.097,7,none
2026-07-24 02:31:16,2026-07-24 02:30:00,65084.0,65084.0,65069.0,0.0231,0.0231,2.0652,-1.0326,64397.1,66412.8,0.101,7,none
2026-07-24 02:36:04,2026-07-24 02:35:00,64926.0,64887.0,65069.0,-0.2198,-0.2797,2.0652,-1.0326,64397.1,66412.8,0.104,7,none
2026-07-24 02:41:11,2026-07-24 02:40:00,65024.0,64963.0,65069.0,-0.0692,-0.1629,2.0652,-1.0326,64397.1,66412.8,0.108,7,none
2026-07-24 02:46:12,2026-07-24 02:45:00,65025.0,65020.0,65069.0,-0.0676,-0.0753,2.0652,-1.0326,64397.1,66412.8,0.111,7,none
2026-07-24 02:51:08,2026-07-24 02:50:00,64956.0,64925.0,65069.0,-0.1737,-0.2213,2.0652,-1.0326,64397.1,66412.8,0.115,7,none
2026-07-24 02:56:10,2026-07-24 02:55:00,65000.0,64983.0,65069.0,-0.106,-0.1322,2.0652,-1.0326,64397.1,66412.8,0.118,7,none
2026-07-24 03:01:20,2026-07-24 03:00:00,65074.0,65052.0,65069.0,0.0077,-0.0261,2.0652,-1.0326,64397.1,66412.8,0.122,7,none
2026-07-24 03:06:06,2026-07-24 03:05:00,65163.0,65131.0,65069.0,0.1445,0.0953,2.0652,-1.0326,64397.1,66412.8,0.125,7,none
2026-07-24 03:11:13,2026-07-24 03:10:00,65247.0,65237.0,65069.0,0.2736,0.2582,2.0652,-1.0326,64397.1,66412.8,0.129,7,none
2026-07-24 03:16:06,2026-07-24 03:15:00,65351.0,65287.0,65069.0,0.4334,0.335,2.0652,-1.0326,64397.1,66412.8,0.132,7,none
2026-07-24 03:21:20,2026-07-24 03:20:00,65344.0,65306.0,65069.0,0.4226,0.3642,2.0652,-1.0326,64397.1,66412.8,0.136,7,none
2026-07-24 03:26:10,2026-07-24 03:25:00,65294.0,65262.0,65069.0,0.3458,0.2966,2.0652,-1.0326,64397.1,66412.8,0.139,7,none
2026-07-24 03:31:23,2026-07-24 03:30:00,65315.0,65292.0,65069.0,0.3781,0.3427,2.0652,-1.0326,64397.1,66412.8,0.143,7,none
2026-07-24 03:36:11,2026-07-24 03:35:00,65280.0,65280.0,65069.0,0.3243,0.3243,2.0652,-1.0326,64397.1,66412.8,0.146,7,none
2026-07-24 03:41:10,2026-07-24 03:40:00,65300.0,65274.0,65069.0,0.355,0.3151,2.0652,-1.0326,64397.1,66412.8,0.149,7,none
2026-07-24 03:46:13,2026-07-24 03:45:00,65374.0,65363.0,65069.0,0.4687,0.4518,2.0652,-1.0326,64397.1,66412.8,0.153,7,none
2026-07-24 03:51:13,2026-07-24 03:50:00,65399.0,65390.0,65069.0,0.5072,0.4933,2.0652,-1.0326,64397.1,66412.8,0.156,7,none
2026-07-24 03:56:12,2026-07-24 03:55:00,65396.0,65376.0,65069.0,0.5025,0.4718,2.0652,-1.0326,64397.1,66412.8,0.16,7,none
2026-07-24 04:01:25,2026-07-24 04:00:00,65396.0,65395.0,65069.0,0.5025,0.501,2.0652,-1.0326,64397.1,66412.8,0.163,7,none
2026-07-24 04:06:12,2026-07-24 04:05:00,65404.0,65398.0,65069.0,0.5148,0.5056,2.0652,-1.0326,64397.1,66412.8,0.167,7,none
2026-07-24 04:11:09,2026-07-24 04:10:00,65366.0,65365.0,65069.0,0.4564,0.4549,2.0652,-1.0326,64397.1,66412.8,0.17,7,none
2026-07-24 04:16:08,2026-07-24 04:15:00,65337.0,65337.0,65069.0,0.4119,0.4119,2.0652,-1.0326,64397.1,66412.8,0.174,7,none
2026-07-24 04:21:10,2026-07-24 04:20:00,65315.0,65315.0,65069.0,0.3781,0.3781,2.0652,-1.0326,64397.1,66412.8,0.177,7,none
2026-07-24 04:26:11,2026-07-24 04:25:00,65387.0,65376.0,65069.0,0.4887,0.4718,2.0652,-1.0326,64397.1,66412.8,0.181,7,none
2026-07-24 04:31:14,2026-07-24 04:30:00,65357.0,65355.0,65069.0,0.4426,0.4395,2.0652,-1.0326,64397.1,66412.8,0.184,7,none
2026-07-24 04:36:11,2026-07-24 04:35:00,65324.0,65324.0,65069.0,0.3919,0.3919,2.0652,-1.0326,64397.1,66412.8,0.188,7,none
2026-07-24 04:41:11,2026-07-24 04:40:00,65283.0,65282.0,65069.0,0.3289,0.3273,2.0652,-1.0326,64397.1,66412.8,0.191,7,none
2026-07-24 04:46:08,2026-07-24 04:45:00,65305.0,65304.0,65069.0,0.3627,0.3612,2.0652,-1.0326,64397.1,66412.8,0.194,7,none
2026-07-24 04:51:15,2026-07-24 04:50:00,65287.0,65286.0,65069.0,0.335,0.3335,2.0652,-1.0326,64397.1,66412.8,0.198,7,none
2026-07-24 04:56:07,2026-07-24 04:55:00,65271.0,65270.0,65069.0,0.3104,0.3089,2.0652,-1.0326,64397.1,66412.8,0.201,7,none
2026-07-24 05:01:30,2026-07-24 05:00:00,65252.0,65251.0,65069.0,0.2812,0.2797,2.0652,-1.0326,64397.1,66412.8,0.205,7,none
2026-07-24 05:06:07,2026-07-24 05:05:00,65273.0,65237.0,65069.0,0.3135,0.2582,2.0652,-1.0326,64397.1,66412.8,0.208,7,none
2026-07-24 05:11:11,2026-07-24 05:10:00,65336.0,65336.0,65069.0,0.4103,0.4103,2.0652,-1.0326,64397.1,66412.8,0.212,7,none
2026-07-24 05:16:18,2026-07-24 05:15:00,65326.0,65323.0,65069.0,0.395,0.3904,2.0652,-1.0326,64397.1,66412.8,0.215,7,none
2026-07-24 05:21:17,2026-07-24 05:20:00,65323.0,65323.0,65069.0,0.3904,0.3904,2.0652,-1.0326,64397.1,66412.8,0.219,7,none
2026-07-24 05:26:04,2026-07-24 05:25:00,65316.0,65316.0,65069.0,0.3796,0.3796,2.0652,-1.0326,64397.1,66412.8,0.222,7,none
2026-07-24 05:31:21,2026-07-24 05:30:00,65309.0,65309.0,65069.0,0.3688,0.3688,2.0652,-1.0326,64397.1,66412.8,0.226,7,none
2026-07-24 05:36:13,2026-07-24 05:35:00,65258.0,65257.0,65069.0,0.2905,0.2889,2.0652,-1.0326,64397.1,66412.8,0.229,7,none
2026-07-24 05:41:11,2026-07-24 05:40:00,65247.0,65247.0,65069.0,0.2736,0.2736,2.0652,-1.0326,64397.1,66412.8,0.233,7,none
2026-07-24 05:46:09,2026-07-24 05:45:00,65298.0,65282.0,65069.0,0.3519,0.3273,2.0652,-1.0326,64397.1,66412.8,0.236,7,none
2026-07-24 05:51:15,2026-07-24 05:50:00,65278.0,65277.0,65069.0,0.3212,0.3197,2.0652,-1.0326,64397.1,66412.8,0.24,7,none
2026-07-24 05:56:07,2026-07-24 05:55:00,65264.0,65264.0,65069.0,0.2997,0.2997,2.0652,-1.0326,64397.1,66412.8,0.243,7,none
2026-07-24 06:01:22,2026-07-24 06:00:00,65264.0,65263.0,65069.0,0.2997,0.2981,2.0652,-1.0326,64397.1,66412.8,0.247,7,none
2026-07-24 06:06:15,2026-07-24 06:05:00,65261.0,65260.0,65069.0,0.2951,0.2935,2.0652,-1.0326,64397.1,66412.8,0.25,7,none
2026-07-24 06:11:13,2026-07-24 06:10:00,65314.0,65299.0,65069.0,0.3765,0.3535,2.0652,-1.0326,64397.1,66412.8,0.254,7,none
2026-07-24 06:16:10,2026-07-24 06:15:00,65339.0,65339.0,65069.0,0.4149,0.4149,2.0652,-1.0326,64397.1,66412.8,0.257,7,none
2026-07-24 06:21:21,2026-07-24 06:20:00,65449.0,65449.0,65069.0,0.584,0.584,2.0652,-1.0326,64397.1,66412.8,0.261,7,none
2026-07-24 06:26:12,2026-07-24 06:25:00,65448.0,65432.0,65069.0,0.5825,0.5579,2.0652,-1.0326,64397.1,66412.8,0.264,7,none
2026-07-24 06:31:16,2026-07-24 06:30:00,65374.0,65374.0,65069.0,0.4687,0.4687,2.0652,-1.0326,64397.1,66412.8,0.267,7,none
2026-07-24 06:36:16,2026-07-24 06:35:00,65448.0,65425.0,65069.0,0.5825,0.5471,2.0652,-1.0326,64397.1,66412.8,0.271,7,none
2026-07-24 06:41:12,2026-07-24 06:40:00,65459.0,65458.0,65069.0,0.5994,0.5978,2.0652,-1.0326,64397.1,66412.8,0.274,7,none
2026-07-24 06:46:32,2026-07-24 06:45:00,65408.0,65406.0,65069.0,0.521,0.5179,2.0652,-1.0326,64397.1,66412.8,0.278,7,none
2026-07-24 06:51:18,2026-07-24 06:50:00,65426.0,65425.0,65069.0,0.5486,0.5471,2.0652,-1.0326,64397.1,66412.8,0.281,7,none
2026-07-24 06:56:07,2026-07-24 06:55:00,65419.0,65419.0,65069.0,0.5379,0.5379,2.0652,-1.0326,64397.1,66412.8,0.285,7,none
2026-07-24 07:01:22,2026-07-24 07:00:00,65462.0,65453.0,65069.0,0.604,0.5901,2.0652,-1.0326,64397.1,66412.8,0.288,7,none
2026-07-24 07:06:12,2026-07-24 07:05:00,65531.0,65525.0,65069.0,0.71,0.7008,2.0652,-1.0326,64397.1,66412.8,0.292,7,none
2026-07-24 07:11:20,2026-07-24 07:10:00,65702.0,65613.0,65069.0,0.9728,0.836,2.0652,-1.0326,64397.1,66412.8,0.295,7,none
2026-07-24 07:16:20,2026-07-24 07:15:00,65718.0,65700.0,65069.0,0.9974,0.9697,2.0652,-1.0326,64397.1,66412.8,0.299,7,none
2026-07-24 07:21:14,2026-07-24 07:20:00,65680.0,65680.0,65069.0,0.939,0.939,2.0652,-1.0326,64397.1,66412.8,0.302,7,none
2026-07-24 07:26:10,2026-07-24 07:25:00,65635.0,65608.0,65069.0,0.8698,0.8284,2.0652,-1.0326,64397.1,66412.8,0.306,7,none
2026-07-24 07:31:19,2026-07-24 07:30:00,65582.0,65582.0,65069.0,0.7884,0.7884,2.0652,-1.0326,64397.1,66412.8,0.309,7,none
2026-07-24 07:36:07,2026-07-24 07:35:00,65493.0,65492.0,65069.0,0.6516,0.6501,2.0652,-1.0326,64397.1,66412.8,0.312,7,none
2026-07-24 07:41:15,2026-07-24 07:40:00,65436.0,65435.0,65069.0,0.564,0.5625,2.0652,-1.0326,64397.1,66412.8,0.316,7,none
2026-07-24 07:46:11,2026-07-24 07:45:00,65355.0,65348.0,65069.0,0.4395,0.4288,2.0652,-1.0326,64397.1,66412.8,0.319,7,none
2026-07-24 07:51:17,2026-07-24 07:50:00,65410.0,65409.0,65069.0,0.5241,0.5225,2.0652,-1.0326,64397.1,66412.8,0.323,7,none
2026-07-24 07:56:09,2026-07-24 07:55:00,65501.0,65484.0,65069.0,0.6639,0.6378,2.0652,-1.0326,64397.1,66412.8,0.326,7,none
2026-07-24 08:01:21,2026-07-24 08:00:00,65471.0,65471.0,65069.0,0.6178,0.6178,2.0652,-1.0326,64397.1,66412.8,0.33,7,none
2026-07-24 08:06:08,2026-07-24 08:05:00,65439.0,65412.0,65069.0,0.5686,0.5271,2.0652,-1.0326,64397.1,66412.8,0.333,7,none
2026-07-24 08:11:11,2026-07-24 08:10:00,65449.0,65446.0,65069.0,0.584,0.5794,2.0652,-1.0326,64397.1,66412.8,0.337,7,none
2026-07-24 08:16:09,2026-07-24 08:15:00,65413.0,65410.0,65069.0,0.5287,0.5241,2.0652,-1.0326,64397.1,66412.8,0.34,7,none
2026-07-24 08:21:22,2026-07-24 08:20:00,65382.0,65382.0,65069.0,0.481,0.481,2.0652,-1.0326,64397.1,66412.8,0.344,7,none
2026-07-24 08:26:13,2026-07-24 08:25:00,65292.0,65283.0,65069.0,0.3427,0.3289,2.0652,-1.0326,64397.1,66412.8,0.347,7,none
2026-07-24 08:31:20,2026-07-24 08:30:00,65387.0,65372.0,65069.0,0.4887,0.4657,2.0652,-1.0326,64397.1,66412.8,0.351,7,none
2026-07-24 08:36:04,2026-07-24 08:35:00,65372.0,65369.0,65069.0,0.4657,0.461,2.0652,-1.0326,64397.1,66412.8,0.354,7,none
2026-07-24 08:41:09,2026-07-24 08:40:00,65437.0,65432.0,65069.0,0.5656,0.5579,2.0652,-1.0326,64397.1,66412.8,0.358,7,none
2026-07-24 08:46:14,2026-07-24 08:45:00,65422.0,65421.0,65069.0,0.5425,0.541,2.0652,-1.0326,64397.1,66412.8,0.361,7,none
2026-07-24 08:51:30,2026-07-24 08:50:00,65402.0,65401.0,65069.0,0.5118,0.5102,2.0652,-1.0326,64397.1,66412.8,0.365,7,none
2026-07-24 08:56:12,2026-07-24 08:55:00,65306.0,65305.0,65069.0,0.3642,0.3627,2.0652,-1.0326,64397.1,66412.8,0.368,7,none
2026-07-24 09:01:28,2026-07-24 09:00:00,65286.0,65283.0,65069.0,0.3335,0.3289,2.0652,-1.0326,64397.1,66412.8,0.372,7,none
2026-07-24 09:06:22,2026-07-24 09:05:00,65101.0,65089.0,65069.0,0.0492,0.0307,2.0652,-1.0326,64397.1,66412.8,0.375,7,none
2026-07-24 09:11:13,2026-07-24 09:10:00,65086.0,65061.0,65069.0,0.0261,-0.0123,2.0652,-1.0326,64397.1,66412.8,0.379,7,none
2026-07-24 09:16:15,2026-07-24 09:15:00,64976.0,64972.0,65069.0,-0.1429,-0.1491,2.0652,-1.0326,64397.1,66412.8,0.382,7,none
2026-07-24 09:21:13,2026-07-24 09:20:00,64976.0,64975.0,65069.0,-0.1429,-0.1445,2.0652,-1.0326,64397.1,66412.8,0.385,7,none
2026-07-24 09:26:10,2026-07-24 09:25:00,64994.0,64950.0,65069.0,-0.1153,-0.1829,2.0652,-1.0326,64397.1,66412.8,0.389,7,none
2026-07-24 09:31:20,2026-07-24 09:30:00,64966.0,64947.0,65069.0,-0.1583,-0.1875,2.0652,-1.0326,64397.1,66412.8,0.393,7,none
2026-07-24 09:36:20,2026-07-24 09:35:00,64961.0,64959.0,65069.0,-0.166,-0.1691,2.0652,-1.0326,64397.1,66412.8,0.396,7,none
2026-07-24 09:41:04,2026-07-24 09:40:00,65060.0,65025.0,65069.0,-0.0138,-0.0676,2.0652,-1.0326,64397.1,66412.8,0.399,7,none
2026-07-24 09:46:18,2026-07-24 09:45:00,65058.0,65057.0,65069.0,-0.0169,-0.0184,2.0652,-1.0326,64397.1,66412.8,0.403,7,none
2026-07-24 09:51:17,2026-07-24 09:50:00,65090.0,65070.0,65069.0,0.0323,0.0015,2.0652,-1.0326,64397.1,66412.8,0.406,7,none
2026-07-24 09:56:15,2026-07-24 09:55:00,65109.0,65107.0,65069.0,0.0615,0.0584,2.0652,-1.0326,64397.1,66412.8,0.41,7,none
2026-07-24 10:01:33,2026-07-24 10:00:00,65124.0,65088.0,65069.0,0.0845,0.0292,2.0652,-1.0326,64397.1,66412.8,0.413,7,none
2026-07-24 10:06:05,2026-07-24 10:05:00,65069.0,65069.0,65069.0,0.0,0.0,2.0652,-1.0326,64397.1,66412.8,0.417,7,none
2026-07-24 10:11:16,2026-07-24 10:10:00,65052.0,65029.0,65069.0,-0.0261,-0.0615,2.0652,-1.0326,64397.1,66412.8,0.42,7,none
2026-07-24 10:16:13,2026-07-24 10:15:00,65001.0,64966.0,65069.0,-0.1045,-0.1583,2.0652,-1.0326,64397.1,66412.8,0.424,7,none
2026-07-24 10:21:13,2026-07-24 10:20:00,64969.0,64944.0,65069.0,-0.1537,-0.1921,2.0652,-1.0326,64397.1,66412.8,0.427,7,none
2026-07-24 10:26:11,2026-07-24 10:25:00,64979.0,64978.0,65069.0,-0.1383,-0.1399,2.0652,-1.0326,64397.1,66412.8,0.431,7,none
2026-07-24 10:31:28,2026-07-24 10:30:00,65010.0,64996.0,65069.0,-0.0907,-0.1122,2.0652,-1.0326,64397.1,66412.8,0.434,7,none
2026-07-24 10:36:08,2026-07-24 10:35:00,64992.0,64991.0,65069.0,-0.1183,-0.1199,2.0652,-1.0326,64397.1,66412.8,0.438,7,none
2026-07-24 10:41:15,2026-07-24 10:40:00,64998.0,64991.0,65069.0,-0.1091,-0.1199,2.0652,-1.0326,64397.1,66412.8,0.441,7,none
2026-07-24 10:46:16,2026-07-24 10:45:00,65005.0,64997.0,65069.0,-0.0984,-0.1107,2.0652,-1.0326,64397.1,66412.8,0.445,7,none
2026-07-24 10:51:15,2026-07-24 10:50:00,65000.0,64996.0,65069.0,-0.106,-0.1122,2.0652,-1.0326,64397.1,66412.8,0.448,7,none
2026-07-24 10:56:08,2026-07-24 10:55:00,64916.0,64884.0,65069.0,-0.2351,-0.2843,2.0652,-1.0326,64397.1,66412.8,0.451,7,none
2026-07-24 11:01:37,2026-07-24 11:00:00,64901.0,64896.0,65069.0,-0.2582,-0.2659,2.0652,-1.0326,64397.1,66412.8,0.455,7,none
2026-07-24 11:06:05,2026-07-24 11:05:00,65002.0,64972.0,65069.0,-0.103,-0.1491,2.0652,-1.0326,64397.1,66412.8,0.458,7,none
2026-07-24 11:11:25,2026-07-24 11:10:00,64952.0,64935.0,65069.0,-0.1798,-0.2059,2.0652,-1.0326,64397.1,66412.8,0.462,7,none
2026-07-24 11:16:12,2026-07-24 11:15:00,65019.0,64979.0,65069.0,-0.0768,-0.1383,2.0652,-1.0326,64397.1,66412.8,0.465,7,none
2026-07-24 11:21:11,2026-07-24 11:20:00,65000.0,65000.0,65069.0,-0.106,-0.106,2.0652,-1.0326,64397.1,66412.8,0.469,7,none
2026-07-24 11:26:04,2026-07-24 11:25:00,65004.0,65004.0,65069.0,-0.0999,-0.0999,2.0652,-1.0326,64397.1,66412.8,0.472,7,none
2026-07-24 11:31:21,2026-07-24 11:30:00,64993.0,64993.0,65069.0,-0.1168,-0.1168,2.0652,-1.0326,64397.1,66412.8,0.476,7,none
2026-07-24 11:36:11,2026-07-24 11:35:00,64937.0,64936.0,65069.0,-0.2029,-0.2044,2.0652,-1.0326,64397.1,66412.8,0.479,7,none
2026-07-24 11:41:14,2026-07-24 11:40:00,64957.0,64957.0,65069.0,-0.1721,-0.1721,2.0652,-1.0326,64397.1,66412.8,0.483,7,none
2026-07-24 11:46:13,2026-07-24 11:45:00,64893.0,64893.0,65069.0,-0.2705,-0.2705,2.0652,-1.0326,64397.1,66412.8,0.486,7,none
2026-07-24 11:51:13,2026-07-24 11:50:00,64965.0,64908.0,65069.0,-0.1598,-0.2474,2.0652,-1.0326,64397.1,66412.8,0.49,7,none
2026-07-24 11:56:05,2026-07-24 11:55:00,65016.0,65015.0,65069.0,-0.0815,-0.083,2.0652,-1.0326,64397.1,66412.8,0.493,7,none
2026-07-24 12:01:28,2026-07-24 12:00:00,65035.0,65034.0,65069.0,-0.0523,-0.0538,2.0652,-1.0326,64397.1,66412.8,0.497,7,none
2026-07-24 12:06:09,2026-07-24 12:05:00,64974.0,64970.0,65069.0,-0.146,-0.1521,2.0652,-1.0326,64397.1,66412.8,0.5,7,none
2026-07-24 12:11:10,2026-07-24 12:10:00,65061.0,65050.0,65069.0,-0.0123,-0.0292,2.0652,-1.0326,64397.1,66412.8,0.503,7,none
2026-07-24 12:16:21,2026-07-24 12:15:00,65044.0,65044.0,65069.0,-0.0384,-0.0384,2.0652,-1.0326,64397.1,66412.8,0.507,7,none
2026-07-24 12:21:17,2026-07-24 12:20:00,65003.0,65003.0,65069.0,-0.1014,-0.1014,2.0652,-1.0326,64397.1,66412.8,0.511,7,none
2026-07-24 12:26:05,2026-07-24 12:25:00,65075.0,65032.0,65069.0,0.0092,-0.0569,2.0652,-1.0326,64397.1,66412.8,0.514,7,none
2026-07-24 12:31:15,2026-07-24 12:30:00,65012.0,64990.0,65069.0,-0.0876,-0.1214,2.0652,-1.0326,64397.1,66412.8,0.517,7,none
2026-07-24 12:36:06,2026-07-24 12:35:00,64992.0,64971.0,65069.0,-0.1183,-0.1506,2.0652,-1.0326,64397.1,66412.8,0.521,7,none
2026-07-24 12:41:13,2026-07-24 12:40:00,64986.0,64985.0,65069.0,-0.1276,-0.1291,2.0652,-1.0326,64397.1,66412.8,0.524,7,none
2026-07-24 12:46:31,2026-07-24 12:45:00,64923.0,64900.0,65069.0,-0.2244,-0.2597,2.0652,-1.0326,64397.1,66412.8,0.528,7,none
2026-07-24 12:51:15,2026-07-24 12:50:00,64829.0,64823.0,65069.0,-0.3688,-0.3781,2.0652,-1.0326,64397.1,66412.8,0.531,7,none
2026-07-24 12:56:07,2026-07-24 12:55:00,64861.0,64826.0,65069.0,-0.3197,-0.3734,2.0652,-1.0326,64397.1,66412.8,0.535,7,none
2026-07-24 13:01:27,2026-07-24 13:00:00,64746.0,64745.0,65069.0,-0.4964,-0.4979,2.0652,-1.0326,64397.1,66412.8,0.538,7,none
2026-07-24 13:06:07,2026-07-24 13:05:00,64561.0,64482.0,65069.0,-0.7807,-0.9021,2.0652,-1.0326,64397.1,66412.8,0.542,7,none
2026-07-24 13:11:08,2026-07-24 13:10:00,64393.0,64333.0,65069.0,-1.0389,-1.1311,2.0652,-1.0326,64397.1,66412.8,0.545,7,stop_loss
2026-07-26 00:06:26,2026-07-26 00:05:00,64361.0,64360.0,64361.0,0.0,-0.0016,1.8569,-0.9284,63763.45,65556.1,0.0,7,none
2026-07-26 00:11:25,2026-07-26 00:10:00,64379.0,64379.0,64361.0,0.028,0.028,1.8569,-0.9284,63763.45,65556.1,0.004,7,none
2026-07-26 00:16:07,2026-07-26 00:15:00,64411.0,64410.0,64361.0,0.0777,0.0761,1.8569,-0.9284,63763.45,65556.1,0.007,7,none
2026-07-26 00:21:15,2026-07-26 00:20:00,64410.0,64400.0,64361.0,0.0761,0.0606,1.8569,-0.9284,63763.45,65556.1,0.01,7,none
2026-07-26 00:27:03,2026-07-26 00:26:00,64441.0,64440.0,64361.0,0.1243,0.1227,1.8569,-0.9284,63763.45,65556.1,0.014,7,none
2026-07-26 00:32:46,2026-07-26 00:31:00,64432.0,64427.0,64361.0,0.1103,0.1025,1.8569,-0.9284,63763.45,65556.1,0.018,7,none
2026-07-26 00:36:11,2026-07-26 00:35:00,64426.0,64425.0,64361.0,0.101,0.0994,1.8569,-0.9284,63763.45,65556.1,0.021,7,none
2026-07-26 00:42:08,2026-07-26 00:41:00,64392.0,64391.0,64361.0,0.0482,0.0466,1.8569,-0.9284,63763.45,65556.1,0.025,7,none
2026-07-26 00:47:30,2026-07-26 00:46:00,64399.0,64385.0,64361.0,0.059,0.0373,1.8569,-0.9284,63763.45,65556.1,0.029,7,none
2026-07-26 00:52:17,2026-07-26 00:51:00,64424.0,64412.0,64361.0,0.0979,0.0792,1.8569,-0.9284,63763.45,65556.1,0.032,7,none
2026-07-26 00:56:06,2026-07-26 00:55:00,64448.0,64447.0,64361.0,0.1352,0.1336,1.8569,-0.9284,63763.45,65556.1,0.035,7,none
2026-07-26 01:02:46,2026-07-26 01:01:00,64487.0,64487.0,64361.0,0.1958,0.1958,1.8569,-0.9284,63763.45,65556.1,0.039,7,none
2026-07-26 01:06:13,2026-07-26 01:05:00,64468.0,64455.0,64361.0,0.1662,0.1461,1.8569,-0.9284,63763.45,65556.1,0.042,7,none
2026-07-26 01:11:15,2026-07-26 01:10:00,64448.0,64445.0,64361.0,0.1352,0.1305,1.8569,-0.9284,63763.45,65556.1,0.045,7,none
2026-07-26 01:16:18,2026-07-26 01:15:00,64467.0,64467.0,64361.0,0.1647,0.1647,1.8569,-0.9284,63763.45,65556.1,0.049,7,none
2026-07-26 01:23:20,2026-07-26 01:22:00,64454.0,64453.0,64361.0,0.1445,0.1429,1.8569,-0.9284,63763.45,65556.1,0.054,7,none
2026-07-26 01:26:55,2026-07-26 01:25:00,64454.0,64453.0,64361.0,0.1445,0.1429,1.8569,-0.9284,63763.45,65556.1,0.056,7,none
2026-07-26 01:31:15,2026-07-26 01:30:00,64475.0,64453.0,64361.0,0.1771,0.1429,1.8569,-0.9284,63763.45,65556.1,0.059,7,none
2026-07-26 01:36:10,2026-07-26 01:35:00,64476.0,64471.0,64361.0,0.1787,0.1709,1.8569,-0.9284,63763.45,65556.1,0.062,7,none
2026-07-26 01:41:11,2026-07-26 01:40:00,64468.0,64468.0,64361.0,0.1662,0.1662,1.8569,-0.9284,63763.45,65556.1,0.066,7,none
2026-07-26 01:47:28,2026-07-26 01:46:00,64441.0,64437.0,64361.0,0.1243,0.1181,1.8569,-0.9284,63763.45,65556.1,0.07,7,none
2026-07-26 01:51:14,2026-07-26 01:50:00,64447.0,64440.0,64361.0,0.1336,0.1227,1.8569,-0.9284,63763.45,65556.1,0.073,7,none
2026-07-26 01:56:08,2026-07-26 01:55:00,64458.0,64457.0,64361.0,0.1507,0.1492,1.8569,-0.9284,63763.45,65556.1,0.076,7,none
2026-07-26 02:01:22,2026-07-26 02:00:00,64444.0,64435.0,64361.0,0.129,0.115,1.8569,-0.9284,63763.45,65556.1,0.08,7,none
2026-07-26 02:06:04,2026-07-26 02:05:00,64413.0,64412.0,64361.0,0.0808,0.0792,1.8569,-0.9284,63763.45,65556.1,0.083,7,none
2026-07-26 02:11:11,2026-07-26 02:10:00,64431.0,64413.0,64361.0,0.1088,0.0808,1.8569,-0.9284,63763.45,65556.1,0.087,7,none
2026-07-26 02:16:02,2026-07-26 02:15:00,64455.0,64454.0,64361.0,0.1461,0.1445,1.8569,-0.9284,63763.45,65556.1,0.09,7,none
2026-07-26 02:21:11,2026-07-26 02:20:00,64428.0,64427.0,64361.0,0.1041,0.1025,1.8569,-0.9284,63763.45,65556.1,0.094,7,none
2026-07-26 02:26:35,2026-07-26 02:25:00,64419.0,64418.0,64361.0,0.0901,0.0886,1.8569,-0.9284,63763.45,65556.1,0.097,7,none
2026-07-26 02:31:21,2026-07-26 02:30:00,64457.0,64454.0,64361.0,0.1492,0.1445,1.8569,-0.9284,63763.45,65556.1,0.101,7,none
2026-07-26 02:36:09,2026-07-26 02:35:00,64405.0,64404.0,64361.0,0.0684,0.0668,1.8569,-0.9284,63763.45,65556.1,0.104,7,none
2026-07-26 02:41:12,2026-07-26 02:40:00,64417.0,64417.0,64361.0,0.087,0.087,1.8569,-0.9284,63763.45,65556.1,0.108,7,none
2026-07-26 02:46:04,2026-07-26 02:45:00,64416.0,64415.0,64361.0,0.0855,0.0839,1.8569,-0.9284,63763.45,65556.1,0.111,7,none
2026-07-26 02:51:07,2026-07-26 02:50:00,64469.0,64443.0,64361.0,0.1678,0.1274,1.8569,-0.9284,63763.45,65556.1,0.115,7,none
2026-07-26 02:56:52,2026-07-26 02:55:00,64496.0,64495.0,64361.0,0.2098,0.2082,1.8569,-0.9284,63763.45,65556.1,0.119,7,none
2026-07-26 03:01:22,2026-07-26 03:00:00,64517.0,64495.0,64361.0,0.2424,0.2082,1.8569,-0.9284,63763.45,65556.1,0.122,7,none
2026-07-26 03:06:07,2026-07-26 03:05:00,64460.0,64460.0,64361.0,0.1538,0.1538,1.8569,-0.9284,63763.45,65556.1,0.125,7,none
2026-07-26 03:12:18,2026-07-26 03:11:00,64478.0,64471.0,64361.0,0.1818,0.1709,1.8569,-0.9284,63763.45,65556.1,0.129,7,none
2026-07-26 03:17:39,2026-07-26 03:16:00,64517.0,64517.0,64361.0,0.2424,0.2424,1.8569,-0.9284,63763.45,65556.1,0.133,7,none
2026-07-26 03:21:41,2026-07-26 03:20:00,64523.0,64511.0,64361.0,0.2517,0.2331,1.8569,-0.9284,63763.45,65556.1,0.136,7,none
2026-07-26 03:26:07,2026-07-26 03:25:00,64531.0,64530.0,64361.0,0.2641,0.2626,1.8569,-0.9284,63763.45,65556.1,0.139,7,none
2026-07-26 03:32:36,2026-07-26 03:31:00,64522.0,64518.0,64361.0,0.2502,0.2439,1.8569,-0.9284,63763.45,65556.1,0.143,7,none
2026-07-26 03:36:34,2026-07-26 03:35:00,64543.0,64543.0,64361.0,0.2828,0.2828,1.8569,-0.9284,63763.45,65556.1,0.146,7,none
2026-07-26 03:41:10,2026-07-26 03:40:00,64544.0,64538.0,64361.0,0.2843,0.275,1.8569,-0.9284,63763.45,65556.1,0.149,7,none
2026-07-26 03:46:09,2026-07-26 03:45:00,64520.0,64519.0,64361.0,0.247,0.2455,1.8569,-0.9284,63763.45,65556.1,0.153,7,none
2026-07-26 03:51:08,2026-07-26 03:50:00,64519.0,64519.0,64361.0,0.2455,0.2455,1.8569,-0.9284,63763.45,65556.1,0.156,7,none
2026-07-26 03:56:18,2026-07-26 03:55:00,64511.0,64510.0,64361.0,0.2331,0.2315,1.8569,-0.9284,63763.45,65556.1,0.16,7,none
2026-07-26 04:03:03,2026-07-26 04:02:00,64502.0,64501.0,64361.0,0.2191,0.2175,1.8569,-0.9284,63763.45,65556.1,0.164,7,none
2026-07-26 04:06:07,2026-07-26 04:05:00,64514.0,64503.0,64361.0,0.2377,0.2206,1.8569,-0.9284,63763.45,65556.1,0.167,7,none
2026-07-26 04:11:09,2026-07-26 04:10:00,64483.0,64482.0,64361.0,0.1896,0.188,1.8569,-0.9284,63763.45,65556.1,0.17,7,none
2026-07-26 04:17:47,2026-07-26 04:16:00,64464.0,64463.0,64361.0,0.16,0.1585,1.8569,-0.9284,63763.45,65556.1,0.175,7,none
2026-07-26 04:22:47,2026-07-26 04:21:00,64478.0,64477.0,64361.0,0.1818,0.1802,1.8569,-0.9284,63763.45,65556.1,0.178,7,none
2026-07-26 04:27:13,2026-07-26 04:26:00,64522.0,64514.0,64361.0,0.2502,0.2377,1.8569,-0.9284,63763.45,65556.1,0.181,7,none
2026-07-26 04:31:20,2026-07-26 04:30:00,64525.0,64525.0,64361.0,0.2548,0.2548,1.8569,-0.9284,63763.45,65556.1,0.184,7,none
2026-07-26 04:36:13,2026-07-26 04:35:00,64519.0,64513.0,64361.0,0.2455,0.2362,1.8569,-0.9284,63763.45,65556.1,0.187,7,none
2026-07-26 04:42:14,2026-07-26 04:41:00,64542.0,64532.0,64361.0,0.2812,0.2657,1.8569,-0.9284,63763.45,65556.1,0.192,7,none
2026-07-26 04:47:21,2026-07-26 04:46:00,64532.0,64531.0,64361.0,0.2657,0.2641,1.8569,-0.9284,63763.45,65556.1,0.195,7,none
2026-07-26 04:51:17,2026-07-26 04:50:00,64539.0,64539.0,64361.0,0.2766,0.2766,1.8569,-0.9284,63763.45,65556.1,0.198,7,none
2026-07-26 04:56:35,2026-07-26 04:55:00,64509.0,64509.0,64361.0,0.23,0.23,1.8569,-0.9284,63763.45,65556.1,0.202,7,none
2026-07-26 05:02:42,2026-07-26 05:01:00,64474.0,64474.0,64361.0,0.1756,0.1756,1.8569,-0.9284,63763.45,65556.1,0.206,7,none
2026-07-26 05:06:25,2026-07-26 05:05:00,64472.0,64472.0,64361.0,0.1725,0.1725,1.8569,-0.9284,63763.45,65556.1,0.208,7,none
2026-07-26 05:11:07,2026-07-26 05:10:00,64472.0,64472.0,64361.0,0.1725,0.1725,1.8569,-0.9284,63763.45,65556.1,0.212,7,none
2026-07-26 05:17:56,2026-07-26 05:16:00,64480.0,64479.0,64361.0,0.1849,0.1833,1.8569,-0.9284,63763.45,65556.1,0.216,7,none
2026-07-26 05:22:42,2026-07-26 05:21:00,64482.0,64481.0,64361.0,0.188,0.1864,1.8569,-0.9284,63763.45,65556.1,0.22,7,none
2026-07-26 05:27:35,2026-07-26 05:26:00,64476.0,64475.0,64361.0,0.1787,0.1771,1.8569,-0.9284,63763.45,65556.1,0.223,7,none
2026-07-26 05:32:44,2026-07-26 05:31:00,64437.0,64437.0,64361.0,0.1181,0.1181,1.8569,-0.9284,63763.45,65556.1,0.227,7,none
2026-07-26 05:38:01,2026-07-26 05:37:00,64433.0,64433.0,64361.0,0.1119,0.1119,1.8569,-0.9284,63763.45,65556.1,0.23,7,none
2026-07-26 05:41:17,2026-07-26 05:40:00,64442.0,64441.0,64361.0,0.1259,0.1243,1.8569,-0.9284,63763.45,65556.1,0.233,7,none
2026-07-26 05:46:12,2026-07-26 05:45:00,64442.0,64441.0,64361.0,0.1259,0.1243,1.8569,-0.9284,63763.45,65556.1,0.236,7,none
2026-07-26 05:52:21,2026-07-26 05:51:00,64423.0,64423.0,64361.0,0.0963,0.0963,1.8569,-0.9284,63763.45,65556.1,0.24,7,none
2026-07-26 05:56:51,2026-07-26 05:55:00,64399.0,64399.0,64361.0,0.059,0.059,1.8569,-0.9284,63763.45,65556.1,0.243,7,none
2026-07-26 06:01:19,2026-07-26 06:00:00,64388.0,64387.0,64361.0,0.042,0.0404,1.8569,-0.9284,63763.45,65556.1,0.247,7,none
2026-07-26 06:06:15,2026-07-26 06:05:00,64368.0,64367.0,64361.0,0.0109,0.0093,1.8569,-0.9284,63763.45,65556.1,0.25,7,none
2026-07-26 06:11:57,2026-07-26 06:10:00,64349.0,64348.0,64361.0,-0.0186,-0.0202,1.8569,-0.9284,63763.45,65556.1,0.254,7,none
2026-07-26 06:17:30,2026-07-26 06:16:00,64322.0,64317.0,64361.0,-0.0606,-0.0684,1.8569,-0.9284,63763.45,65556.1,0.258,7,none
2026-07-26 06:22:09,2026-07-26 06:21:00,64286.0,64272.0,64361.0,-0.1165,-0.1383,1.8569,-0.9284,63763.45,65556.1,0.261,7,none
2026-07-26 06:26:11,2026-07-26 06:25:00,64280.0,64266.0,64361.0,-0.1259,-0.1476,1.8569,-0.9284,63763.45,65556.1,0.264,7,none
2026-07-26 06:31:21,2026-07-26 06:30:00,64274.0,64274.0,64361.0,-0.1352,-0.1352,1.8569,-0.9284,63763.45,65556.1,0.267,7,none
2026-07-26 06:36:18,2026-07-26 06:35:00,64322.0,64316.0,64361.0,-0.0606,-0.0699,1.8569,-0.9284,63763.45,65556.1,0.271,7,none
2026-07-26 06:41:16,2026-07-26 06:40:00,64339.0,64338.0,64361.0,-0.0342,-0.0357,1.8569,-0.9284,63763.45,65556.1,0.274,7,none
2026-07-26 06:46:15,2026-07-26 06:45:00,64358.0,64349.0,64361.0,-0.0047,-0.0186,1.8569,-0.9284,63763.45,65556.1,0.278,7,none
2026-07-26 06:51:54,2026-07-26 06:50:00,64373.0,64370.0,64361.0,0.0186,0.014,1.8569,-0.9284,63763.45,65556.1,0.282,7,none
2026-07-26 06:57:10,2026-07-26 06:56:00,64397.0,64388.0,64361.0,0.0559,0.042,1.8569,-0.9284,63763.45,65556.1,0.285,7,none
2026-07-26 07:02:35,2026-07-26 07:01:00,64428.0,64407.0,64361.0,0.1041,0.0715,1.8569,-0.9284,63763.45,65556.1,0.289,7,none
2026-07-26 07:06:14,2026-07-26 07:05:00,64398.0,64397.0,64361.0,0.0575,0.0559,1.8569,-0.9284,63763.45,65556.1,0.292,7,none
2026-07-26 07:11:51,2026-07-26 07:10:00,64377.0,64376.0,64361.0,0.0249,0.0233,1.8569,-0.9284,63763.45,65556.1,0.296,7,none
2026-07-26 07:16:16,2026-07-26 07:15:00,64410.0,64393.0,64361.0,0.0761,0.0497,1.8569,-0.9284,63763.45,65556.1,0.299,7,none
2026-07-26 07:21:15,2026-07-26 07:20:00,64369.0,64369.0,64361.0,0.0124,0.0124,1.8569,-0.9284,63763.45,65556.1,0.302,7,none
2026-07-26 07:26:12,2026-07-26 07:25:00,64344.0,64344.0,64361.0,-0.0264,-0.0264,1.8569,-0.9284,63763.45,65556.1,0.306,7,none
2026-07-26 07:31:14,2026-07-26 07:30:00,64345.0,64344.0,64361.0,-0.0249,-0.0264,1.8569,-0.9284,63763.45,65556.1,0.309,7,none
2026-07-26 07:36:04,2026-07-26 07:35:00,64335.0,64334.0,64361.0,-0.0404,-0.042,1.8569,-0.9284,63763.45,65556.1,0.312,7,none
2026-07-26 07:41:20,2026-07-26 07:40:00,64335.0,64320.0,64361.0,-0.0404,-0.0637,1.8569,-0.9284,63763.45,65556.1,0.316,7,none
2026-07-26 07:46:07,2026-07-26 07:45:00,64330.0,64330.0,64361.0,-0.0482,-0.0482,1.8569,-0.9284,63763.45,65556.1,0.319,7,none
2026-07-26 07:51:09,2026-07-26 07:50:00,64356.0,64355.0,64361.0,-0.0078,-0.0093,1.8569,-0.9284,63763.45,65556.1,0.323,7,none
2026-07-26 07:56:08,2026-07-26 07:55:00,64345.0,64345.0,64361.0,-0.0249,-0.0249,1.8569,-0.9284,63763.45,65556.1,0.326,7,none
2026-07-26 08:01:21,2026-07-26 08:00:00,64336.0,64336.0,64361.0,-0.0388,-0.0388,1.8569,-0.9284,63763.45,65556.1,0.33,7,none
2026-07-26 08:06:07,2026-07-26 08:05:00,64333.0,64333.0,64361.0,-0.0435,-0.0435,1.8569,-0.9284,63763.45,65556.1,0.333,7,none
2026-07-26 08:11:13,2026-07-26 08:10:00,64352.0,64351.0,64361.0,-0.014,-0.0155,1.8569,-0.9284,63763.45,65556.1,0.337,7,none
2026-07-26 08:16:12,2026-07-26 08:15:00,64370.0,64364.0,64361.0,0.014,0.0047,1.8569,-0.9284,63763.45,65556.1,0.34,7,none
2026-07-26 08:21:14,2026-07-26 08:20:00,64378.0,64377.0,64361.0,0.0264,0.0249,1.8569,-0.9284,63763.45,65556.1,0.344,7,none
2026-07-26 08:26:33,2026-07-26 08:25:00,64356.0,64356.0,64361.0,-0.0078,-0.0078,1.8569,-0.9284,63763.45,65556.1,0.347,7,none
2026-07-26 08:31:22,2026-07-26 08:30:00,64362.0,64362.0,64361.0,0.0016,0.0016,1.8569,-0.9284,63763.45,65556.1,0.351,7,none
2026-07-26 08:36:07,2026-07-26 08:35:00,64372.0,64367.0,64361.0,0.0171,0.0093,1.8569,-0.9284,63763.45,65556.1,0.354,7,none
2026-07-26 08:41:16,2026-07-26 08:40:00,64373.0,64372.0,64361.0,0.0186,0.0171,1.8569,-0.9284,63763.45,65556.1,0.358,7,none
2026-07-26 08:46:08,2026-07-26 08:45:00,64419.0,64409.0,64361.0,0.0901,0.0746,1.8569,-0.9284,63763.45,65556.1,0.361,7,none
2026-07-26 08:51:11,2026-07-26 08:50:00,64442.0,64442.0,64361.0,0.1259,0.1259,1.8569,-0.9284,63763.45,65556.1,0.365,7,none
2026-07-26 08:56:31,2026-07-26 08:55:00,64465.0,64465.0,64361.0,0.1616,0.1616,1.8569,-0.9284,63763.45,65556.1,0.368,7,none
2026-07-26 09:02:07,2026-07-26 09:01:00,64478.0,64460.0,64361.0,0.1818,0.1538,1.8569,-0.9284,63763.45,65556.1,0.372,7,none
2026-07-26 09:06:04,2026-07-26 09:05:00,64483.0,64482.0,64361.0,0.1896,0.188,1.8569,-0.9284,63763.45,65556.1,0.375,7,none
2026-07-26 09:11:14,2026-07-26 09:10:00,64478.0,64467.0,64361.0,0.1818,0.1647,1.8569,-0.9284,63763.45,65556.1,0.378,7,none
2026-07-26 09:16:32,2026-07-26 09:15:00,64468.0,64468.0,64361.0,0.1662,0.1662,1.8569,-0.9284,63763.45,65556.1,0.382,7,none
2026-07-26 09:22:27,2026-07-26 09:21:00,64518.0,64513.0,64361.0,0.2439,0.2362,1.8569,-0.9284,63763.45,65556.1,0.386,7,none
2026-07-26 09:27:28,2026-07-26 09:26:00,64519.0,64518.0,64361.0,0.2455,0.2439,1.8569,-0.9284,63763.45,65556.1,0.39,7,none
2026-07-26 09:32:53,2026-07-26 09:31:00,64496.0,64488.0,64361.0,0.2098,0.1973,1.8569,-0.9284,63763.45,65556.1,0.394,7,none
2026-07-26 09:36:09,2026-07-26 09:35:00,64496.0,64496.0,64361.0,0.2098,0.2098,1.8569,-0.9284,63763.45,65556.1,0.396,7,none
2026-07-26 09:41:11,2026-07-26 09:40:00,64517.0,64516.0,64361.0,0.2424,0.2408,1.8569,-0.9284,63763.45,65556.1,0.399,7,none
2026-07-26 09:47:37,2026-07-26 09:46:00,64516.0,64516.0,64361.0,0.2408,0.2408,1.8569,-0.9284,63763.45,65556.1,0.404,7,none
2026-07-26 09:52:33,2026-07-26 09:51:00,64520.0,64519.0,64361.0,0.247,0.2455,1.8569,-0.9284,63763.45,65556.1,0.407,7,none
2026-07-26 09:59:26,2026-07-26 09:58:00,64507.0,64507.0,64361.0,0.2268,0.2268,1.8569,-0.9284,63763.45,65556.1,0.412,7,none
2026-07-26 10:04:16,2026-07-26 10:03:00,64488.0,64488.0,64361.0,0.1973,0.1973,1.8569,-0.9284,63763.45,65556.1,0.415,7,none
2026-07-26 10:06:07,2026-07-26 10:05:00,64485.0,64484.0,64361.0,0.1927,0.1911,1.8569,-0.9284,63763.45,65556.1,0.417,7,none
2026-07-26 10:11:16,2026-07-26 10:10:00,64484.0,64483.0,64361.0,0.1911,0.1896,1.8569,-0.9284,63763.45,65556.1,0.42,7,none
2026-07-26 10:17:37,2026-07-26 10:16:00,64470.0,64469.0,64361.0,0.1694,0.1678,1.8569,-0.9284,63763.45,65556.1,0.425,7,none
2026-07-26 10:22:49,2026-07-26 10:21:00,64470.0,64469.0,64361.0,0.1694,0.1678,1.8569,-0.9284,63763.45,65556.1,0.428,7,none
2026-07-26 10:27:09,2026-07-26 10:26:00,64500.0,64499.0,64361.0,0.216,0.2144,1.8569,-0.9284,63763.45,65556.1,0.431,7,none
2026-07-26 10:32:01,2026-07-26 10:31:00,64496.0,64491.0,64361.0,0.2098,0.202,1.8569,-0.9284,63763.45,65556.1,0.435,7,none
2026-07-26 10:36:09,2026-07-26 10:35:00,64510.0,64500.0,64361.0,0.2315,0.216,1.8569,-0.9284,63763.45,65556.1,0.437,7,none
2026-07-26 10:42:28,2026-07-26 10:41:00,64521.0,64519.0,64361.0,0.2486,0.2455,1.8569,-0.9284,63763.45,65556.1,0.442,7,none
2026-07-26 10:46:13,2026-07-26 10:45:00,64543.0,64523.0,64361.0,0.2828,0.2517,1.8569,-0.9284,63763.45,65556.1,0.444,7,none
2026-07-26 10:51:09,2026-07-26 10:50:00,64488.0,64488.0,64361.0,0.1973,0.1973,1.8569,-0.9284,63763.45,65556.1,0.448,7,none
2026-07-26 10:56:07,2026-07-26 10:55:00,64495.0,64494.0,64361.0,0.2082,0.2066,1.8569,-0.9284,63763.45,65556.1,0.451,7,none
2026-07-26 11:01:24,2026-07-26 11:00:00,64488.0,64487.0,64361.0,0.1973,0.1958,1.8569,-0.9284,63763.45,65556.1,0.455,7,none
2026-07-26 11:06:07,2026-07-26 11:05:00,64498.0,64496.0,64361.0,0.2129,0.2098,1.8569,-0.9284,63763.45,65556.1,0.458,7,none
2026-07-26 11:11:08,2026-07-26 11:10:00,64477.0,64477.0,64361.0,0.1802,0.1802,1.8569,-0.9284,63763.45,65556.1,0.462,7,none
2026-07-26 11:16:28,2026-07-26 11:15:00,64478.0,64477.0,64361.0,0.1818,0.1802,1.8569,-0.9284,63763.45,65556.1,0.465,7,none
2026-07-26 11:21:14,2026-07-26 11:20:00,64487.0,64486.0,64361.0,0.1958,0.1942,1.8569,-0.9284,63763.45,65556.1,0.469,7,none
2026-07-26 11:26:06,2026-07-26 11:25:00,64482.0,64482.0,64361.0,0.188,0.188,1.8569,-0.9284,63763.45,65556.1,0.472,7,none
2026-07-26 11:31:15,2026-07-26 11:30:00,64467.0,64467.0,64361.0,0.1647,0.1647,1.8569,-0.9284,63763.45,65556.1,0.476,7,none
2026-07-26 11:36:08,2026-07-26 11:35:00,64469.0,64468.0,64361.0,0.1678,0.1662,1.8569,-0.9284,63763.45,65556.1,0.479,7,none
2026-07-26 11:42:00,2026-07-26 11:40:00,64468.0,64468.0,64361.0,0.1662,0.1662,1.8569,-0.9284,63763.45,65556.1,0.483,7,none
2026-07-26 11:46:14,2026-07-26 11:45:00,64469.0,64468.0,64361.0,0.1678,0.1662,1.8569,-0.9284,63763.45,65556.1,0.486,7,none
2026-07-26 11:49:04,2026-07-26 11:48:00,64476.0,64476.0,64361.0,0.1787,0.1787,1.8569,-0.9284,63763.45,65556.1,0.488,7,none
2026-07-26 11:52:11,2026-07-26 11:51:00,64482.0,64477.0,64361.0,0.188,0.1802,1.8569,-0.9284,63763.45,65556.1,0.49,7,none
2026-07-26 11:57:33,2026-07-26 11:56:00,64477.0,64476.0,64361.0,0.1802,0.1787,1.8569,-0.9284,63763.45,65556.1,0.494,7,none
2026-07-26 12:01:23,2026-07-26 12:00:00,64478.0,64476.0,64361.0,0.1818,0.1787,1.8569,-0.9284,63763.45,65556.1,0.497,7,none
2026-07-26 12:06:01,2026-07-26 12:04:00,64529.0,64524.0,64361.0,0.261,0.2533,1.8569,-0.9284,63763.45,65556.1,0.5,7,none
2026-07-26 12:11:10,2026-07-26 12:10:00,64554.0,64550.0,64361.0,0.2999,0.2937,1.8569,-0.9284,63763.45,65556.1,0.503,7,none
2026-07-26 12:16:12,2026-07-26 12:15:00,64585.0,64577.0,64361.0,0.348,0.3356,1.8569,-0.9284,63763.45,65556.1,0.507,7,none
2026-07-26 12:21:12,2026-07-26 12:20:00,64499.0,64485.0,64361.0,0.2144,0.1927,1.8569,-0.9284,63763.45,65556.1,0.51,7,none
2026-07-26 12:26:10,2026-07-26 12:25:00,64538.0,64537.0,64361.0,0.275,0.2735,1.8569,-0.9284,63763.45,65556.1,0.514,7,none
2026-07-26 12:31:18,2026-07-26 12:30:00,64542.0,64542.0,64361.0,0.2812,0.2812,1.8569,-0.9284,63763.45,65556.1,0.517,7,none
2026-07-26 12:37:18,2026-07-26 12:36:00,64527.0,64526.0,64361.0,0.2579,0.2564,1.8569,-0.9284,63763.45,65556.1,0.522,7,none
2026-07-26 12:41:09,2026-07-26 12:40:00,64487.0,64487.0,64361.0,0.1958,0.1958,1.8569,-0.9284,63763.45,65556.1,0.524,7,none
2026-07-26 12:47:08,2026-07-26 12:46:00,64434.0,64434.0,64361.0,0.1134,0.1134,1.8569,-0.9284,63763.45,65556.1,0.528,7,none
2026-07-26 12:51:08,2026-07-26 12:50:00,64425.0,64412.0,64361.0,0.0994,0.0792,1.8569,-0.9284,63763.45,65556.1,0.531,7,none
2026-07-26 12:56:06,2026-07-26 12:55:00,64452.0,64451.0,64361.0,0.1414,0.1398,1.8569,-0.9284,63763.45,65556.1,0.535,7,none
2026-07-26 13:01:22,2026-07-26 13:00:00,64436.0,64436.0,64361.0,0.1165,0.1165,1.8569,-0.9284,63763.45,65556.1,0.538,7,none
2026-07-26 13:06:10,2026-07-26 13:05:00,64393.0,64391.0,64361.0,0.0497,0.0466,1.8569,-0.9284,63763.45,65556.1,0.542,7,none
2026-07-26 13:11:11,2026-07-26 13:10:00,64378.0,64377.0,64361.0,0.0264,0.0249,1.8569,-0.9284,63763.45,65556.1,0.545,7,none
2026-07-26 13:16:08,2026-07-26 13:15:00,64413.0,64391.0,64361.0,0.0808,0.0466,1.8569,-0.9284,63763.45,65556.1,0.549,7,none
2026-07-26 13:22:08,2026-07-26 13:21:00,64486.0,64486.0,64361.0,0.1942,0.1942,1.8569,-0.9284,63763.45,65556.1,0.553,7,none
2026-07-26 13:26:05,2026-07-26 13:25:00,64463.0,64463.0,64361.0,0.1585,0.1585,1.8569,-0.9284,63763.45,65556.1,0.555,7,none
2026-07-26 13:31:13,2026-07-26 13:30:00,64435.0,64435.0,64361.0,0.115,0.115,1.8569,-0.9284,63763.45,65556.1,0.559,7,none
2026-07-26 13:37:22,2026-07-26 13:36:00,64462.0,64445.0,64361.0,0.1569,0.1305,1.8569,-0.9284,63763.45,65556.1,0.563,7,none
2026-07-26 13:42:23,2026-07-26 13:41:00,64507.0,64479.0,64361.0,0.2268,0.1833,1.8569,-0.9284,63763.45,65556.1,0.567,7,none
2026-07-26 13:46:09,2026-07-26 13:45:00,64541.0,64524.0,64361.0,0.2797,0.2533,1.8569,-0.9284,63763.45,65556.1,0.569,7,none
2026-07-26 13:51:11,2026-07-26 13:50:00,64510.0,64509.0,64361.0,0.2315,0.23,1.8569,-0.9284,63763.45,65556.1,0.573,7,none
2026-07-26 13:56:38,2026-07-26 13:55:00,64490.0,64489.0,64361.0,0.2004,0.1989,1.8569,-0.9284,63763.45,65556.1,0.577,7,none
2026-07-26 14:02:59,2026-07-26 14:01:00,64500.0,64498.0,64361.0,0.216,0.2129,1.8569,-0.9284,63763.45,65556.1,0.581,7,none
2026-07-26 14:06:05,2026-07-26 14:05:00,64635.0,64578.0,64361.0,0.4257,0.3372,1.8569,-0.9284,63763.45,65556.1,0.583,7,none
2026-07-26 14:11:12,2026-07-26 14:10:00,64674.0,64653.0,64361.0,0.4863,0.4537,1.8569,-0.9284,63763.45,65556.1,0.587,7,none
2026-07-26 14:16:46,2026-07-26 14:15:00,64637.0,64637.0,64361.0,0.4288,0.4288,1.8569,-0.9284,63763.45,65556.1,0.591,7,none
2026-07-26 14:21:12,2026-07-26 14:20:00,64627.0,64627.0,64361.0,0.4133,0.4133,1.8569,-0.9284,63763.45,65556.1,0.594,7,none
2026-07-26 14:26:26,2026-07-26 14:25:00,64617.0,64617.0,64361.0,0.3978,0.3978,1.8569,-0.9284,63763.45,65556.1,0.597,7,none
2026-07-26 14:31:25,2026-07-26 14:30:00,64606.0,64592.0,64361.0,0.3807,0.3589,1.8569,-0.9284,63763.45,65556.1,0.601,7,none
2026-07-26 14:36:13,2026-07-26 14:35:00,64621.0,64621.0,64361.0,0.404,0.404,1.8569,-0.9284,63763.45,65556.1,0.604,7,none
2026-07-26 14:42:24,2026-07-26 14:41:00,64679.0,64630.0,64361.0,0.4941,0.418,1.8569,-0.9284,63763.45,65556.1,0.608,7,none
2026-07-26 14:46:11,2026-07-26 14:45:00,64683.0,64660.0,64361.0,0.5003,0.4646,1.8569,-0.9284,63763.45,65556.1,0.611,7,none
2026-07-26 14:52:15,2026-07-26 14:51:00,64663.0,64663.0,64361.0,0.4692,0.4692,1.8569,-0.9284,63763.45,65556.1,0.615,7,none
2026-07-26 14:56:13,2026-07-26 14:55:00,64664.0,64663.0,64361.0,0.4708,0.4692,1.8569,-0.9284,63763.45,65556.1,0.618,7,none
2026-07-26 15:02:39,2026-07-26 15:01:00,64693.0,64663.0,64361.0,0.5158,0.4692,1.8569,-0.9284,63763.45,65556.1,0.623,7,none
2026-07-26 15:06:15,2026-07-26 15:05:00,64665.0,64665.0,64361.0,0.4723,0.4723,1.8569,-0.9284,63763.45,65556.1,0.625,7,none
2026-07-26 15:11:19,2026-07-26 15:10:00,64656.0,64654.0,64361.0,0.4584,0.4552,1.8569,-0.9284,63763.45,65556.1,0.629,7,none
2026-07-26 15:16:15,2026-07-26 15:15:00,64694.0,64641.0,64361.0,0.5174,0.435,1.8569,-0.9284,63763.45,65556.1,0.632,7,none
2026-07-26 15:22:10,2026-07-26 15:21:00,64740.0,64736.0,64361.0,0.5889,0.5827,1.8569,-0.9284,63763.45,65556.1,0.636,7,none
2026-07-26 15:26:15,2026-07-26 15:25:00,64732.0,64732.0,64361.0,0.5764,0.5764,1.8569,-0.9284,63763.45,65556.1,0.639,7,none
2026-07-26 15:33:17,2026-07-26 15:32:00,64714.0,64714.0,64361.0,0.5485,0.5485,1.8569,-0.9284,63763.45,65556.1,0.644,7,none
2026-07-26 15:36:42,2026-07-26 15:35:00,64732.0,64705.0,64361.0,0.5764,0.5345,1.8569,-0.9284,63763.45,65556.1,0.646,7,none
2026-07-26 15:41:07,2026-07-26 15:40:00,64771.0,64767.0,64361.0,0.637,0.6308,1.8569,-0.9284,63763.45,65556.1,0.649,7,none
2026-07-26 15:45:51,2026-07-26 15:44:00,64772.0,64766.0,64361.0,0.6386,0.6293,1.8569,-0.9284,63763.45,65556.1,0.653,7,none
2026-07-26 15:51:05,2026-07-26 15:50:00,64743.0,64733.0,64361.0,0.5935,0.578,1.8569,-0.9284,63763.45,65556.1,0.656,7,none
2026-07-26 15:56:25,2026-07-26 15:55:00,64744.0,64730.0,64361.0,0.5951,0.5733,1.8569,-0.9284,63763.45,65556.1,0.66,7,none
2026-07-26 16:01:34,2026-07-26 16:00:00,64749.0,64736.0,64361.0,0.6028,0.5827,1.8569,-0.9284,63763.45,65556.1,0.663,7,none
2026-07-26 16:06:07,2026-07-26 16:05:00,64694.0,64694.0,64361.0,0.5174,0.5174,1.8569,-0.9284,63763.45,65556.1,0.667,7,none
2026-07-26 16:11:11,2026-07-26 16:10:00,64680.0,64668.0,64361.0,0.4956,0.477,1.8569,-0.9284,63763.45,65556.1,0.67,7,none
2026-07-26 16:16:06,2026-07-26 16:15:00,64703.0,64684.0,64361.0,0.5314,0.5019,1.8569,-0.9284,63763.45,65556.1,0.674,7,none
2026-07-26 16:21:10,2026-07-26 16:20:00,64728.0,64713.0,64361.0,0.5702,0.5469,1.8569,-0.9284,63763.45,65556.1,0.677,7,none
2026-07-26 16:26:09,2026-07-26 16:25:00,64729.0,64724.0,64361.0,0.5718,0.564,1.8569,-0.9284,63763.45,65556.1,0.681,7,none
2026-07-26 16:31:15,2026-07-26 16:30:00,64777.0,64768.0,64361.0,0.6464,0.6324,1.8569,-0.9284,63763.45,65556.1,0.684,7,none
2026-07-26 16:36:05,2026-07-26 16:35:00,64841.0,64824.0,64361.0,0.7458,0.7194,1.8569,-0.9284,63763.45,65556.1,0.687,7,none
2026-07-26 16:41:17,2026-07-26 16:40:00,64795.0,64792.0,64361.0,0.6743,0.6697,1.8569,-0.9284,63763.45,65556.1,0.691,7,none
2026-07-26 16:46:29,2026-07-26 16:45:00,64789.0,64789.0,64361.0,0.665,0.665,1.8569,-0.9284,63763.45,65556.1,0.695,7,none
2026-07-26 16:51:16,2026-07-26 16:50:00,64758.0,64758.0,64361.0,0.6168,0.6168,1.8569,-0.9284,63763.45,65556.1,0.698,7,none
2026-07-26 16:56:09,2026-07-26 16:55:00,64721.0,64718.0,64361.0,0.5593,0.5547,1.8569,-0.9284,63763.45,65556.1,0.701,7,none
2026-07-26 17:01:20,2026-07-26 17:00:00,64675.0,64675.0,64361.0,0.4879,0.4879,1.8569,-0.9284,63763.45,65556.1,0.705,7,none
2026-07-26 17:06:08,2026-07-26 17:05:00,64698.0,64678.0,64361.0,0.5236,0.4925,1.8569,-0.9284,63763.45,65556.1,0.708,7,none
2026-07-26 17:11:10,2026-07-26 17:10:00,64686.0,64686.0,64361.0,0.505,0.505,1.8569,-0.9284,63763.45,65556.1,0.712,7,none
2026-07-26 17:16:18,2026-07-26 17:15:00,64767.0,64747.0,64361.0,0.6308,0.5997,1.8569,-0.9284,63763.45,65556.1,0.715,7,none
2026-07-26 17:21:14,2026-07-26 17:20:00,64703.0,64703.0,64361.0,0.5314,0.5314,1.8569,-0.9284,63763.45,65556.1,0.719,7,none
2026-07-26 17:26:10,2026-07-26 17:25:00,64701.0,64690.0,64361.0,0.5283,0.5112,1.8569,-0.9284,63763.45,65556.1,0.722,7,none
2026-07-26 17:32:52,2026-07-26 17:31:00,64697.0,64681.0,64361.0,0.5221,0.4972,1.8569,-0.9284,63763.45,65556.1,0.727,7,none
2026-07-26 17:36:09,2026-07-26 17:35:00,64714.0,64712.0,64361.0,0.5485,0.5454,1.8569,-0.9284,63763.45,65556.1,0.729,7,none
2026-07-26 17:41:13,2026-07-26 17:40:00,64638.0,64638.0,64361.0,0.4304,0.4304,1.8569,-0.9284,63763.45,65556.1,0.733,7,none
2026-07-26 17:46:10,2026-07-26 17:45:00,64658.0,64644.0,64361.0,0.4615,0.4397,1.8569,-0.9284,63763.45,65556.1,0.736,7,none
2026-07-26 17:51:11,2026-07-26 17:50:00,64655.0,64654.0,64361.0,0.4568,0.4552,1.8569,-0.9284,63763.45,65556.1,0.74,7,none
2026-07-26 17:56:09,2026-07-26 17:55:00,64653.0,64653.0,64361.0,0.4537,0.4537,1.8569,-0.9284,63763.45,65556.1,0.743,7,none
2026-07-26 18:02:49,2026-07-26 18:01:00,64659.0,64644.0,64361.0,0.463,0.4397,1.8569,-0.9284,63763.45,65556.1,0.748,7,none
2026-07-26 18:06:13,2026-07-26 18:05:00,64654.0,64654.0,64361.0,0.4552,0.4552,1.8569,-0.9284,63763.45,65556.1,0.75,7,none
2026-07-26 18:11:14,2026-07-26 18:10:00,64665.0,64664.0,64361.0,0.4723,0.4708,1.8569,-0.9284,63763.45,65556.1,0.753,7,none
2026-07-26 18:16:13,2026-07-26 18:15:00,64644.0,64644.0,64361.0,0.4397,0.4397,1.8569,-0.9284,63763.45,65556.1,0.757,7,none
2026-07-26 18:21:14,2026-07-26 18:20:00,64638.0,64637.0,64361.0,0.4304,0.4288,1.8569,-0.9284,63763.45,65556.1,0.76,7,none
2026-07-26 18:26:10,2026-07-26 18:25:00,64647.0,64646.0,64361.0,0.4444,0.4428,1.8569,-0.9284,63763.45,65556.1,0.764,7,none
2026-07-26 18:31:14,2026-07-26 18:30:00,64664.0,64658.0,64361.0,0.4708,0.4615,1.8569,-0.9284,63763.45,65556.1,0.767,7,none
2026-07-26 18:36:11,2026-07-26 18:35:00,64674.0,64671.0,64361.0,0.4863,0.4817,1.8569,-0.9284,63763.45,65556.1,0.771,7,none
2026-07-26 18:41:09,2026-07-26 18:40:00,64681.0,64681.0,64361.0,0.4972,0.4972,1.8569,-0.9284,63763.45,65556.1,0.774,7,none
2026-07-26 18:46:14,2026-07-26 18:45:00,64684.0,64680.0,64361.0,0.5019,0.4956,1.8569,-0.9284,63763.45,65556.1,0.778,7,none
2026-07-26 18:51:09,2026-07-26 18:50:00,64695.0,64690.0,64361.0,0.5189,0.5112,1.8569,-0.9284,63763.45,65556.1,0.781,7,none
2026-07-26 18:56:07,2026-07-26 18:55:00,64710.0,64710.0,64361.0,0.5423,0.5423,1.8569,-0.9284,63763.45,65556.1,0.785,7,none
2026-07-26 19:01:22,2026-07-26 19:00:00,64709.0,64709.0,64361.0,0.5407,0.5407,1.8569,-0.9284,63763.45,65556.1,0.788,7,none
2026-07-26 19:06:05,2026-07-26 19:05:00,64704.0,64703.0,64361.0,0.5329,0.5314,1.8569,-0.9284,63763.45,65556.1,0.792,7,none
2026-07-26 19:11:04,2026-07-26 19:10:00,64657.0,64657.0,64361.0,0.4599,0.4599,1.8569,-0.9284,63763.45,65556.1,0.795,7,none
2026-07-26 19:16:52,2026-07-26 19:15:00,64655.0,64643.0,64361.0,0.4568,0.4382,1.8569,-0.9284,63763.45,65556.1,0.799,7,none
2026-07-26 19:21:12,2026-07-26 19:20:00,64670.0,64669.0,64361.0,0.4801,0.4786,1.8569,-0.9284,63763.45,65556.1,0.802,7,none
2026-07-26 19:26:10,2026-07-26 19:25:00,64680.0,64679.0,64361.0,0.4956,0.4941,1.8569,-0.9284,63763.45,65556.1,0.806,7,none
2026-07-26 19:31:16,2026-07-26 19:30:00,64686.0,64686.0,64361.0,0.505,0.505,1.8569,-0.9284,63763.45,65556.1,0.809,7,none
2026-07-26 19:36:58,2026-07-26 19:35:00,64709.0,64709.0,64361.0,0.5407,0.5407,1.8569,-0.9284,63763.45,65556.1,0.813,7,none
2026-07-26 19:42:04,2026-07-26 19:41:00,64697.0,64695.0,64361.0,0.5221,0.5189,1.8569,-0.9284,63763.45,65556.1,0.817,7,none
2026-07-26 19:47:27,2026-07-26 19:46:00,64694.0,64694.0,64361.0,0.5174,0.5174,1.8569,-0.9284,63763.45,65556.1,0.82,7,none
2026-07-26 19:51:16,2026-07-26 19:50:00,64676.0,64675.0,64361.0,0.4894,0.4879,1.8569,-0.9284,63763.45,65556.1,0.823,7,none
2026-07-26 19:56:10,2026-07-26 19:55:00,64673.0,64672.0,64361.0,0.4848,0.4832,1.8569,-0.9284,63763.45,65556.1,0.826,7,none
2026-07-26 20:03:04,2026-07-26 20:02:00,64664.0,64664.0,64361.0,0.4708,0.4708,1.8569,-0.9284,63763.45,65556.1,0.831,7,none
2026-07-26 20:06:06,2026-07-26 20:05:00,64669.0,64660.0,64361.0,0.4786,0.4646,1.8569,-0.9284,63763.45,65556.1,0.833,7,none
2026-07-26 20:11:15,2026-07-26 20:10:00,64669.0,64669.0,64361.0,0.4786,0.4786,1.8569,-0.9284,63763.45,65556.1,0.837,7,none
2026-07-26 20:16:06,2026-07-26 20:15:00,64654.0,64653.0,64361.0,0.4552,0.4537,1.8569,-0.9284,63763.45,65556.1,0.84,7,none
2026-07-26 20:21:11,2026-07-26 20:20:00,64626.0,64621.0,64361.0,0.4117,0.404,1.8569,-0.9284,63763.45,65556.1,0.844,7,none
2026-07-26 20:26:11,2026-07-26 20:25:00,64613.0,64613.0,64361.0,0.3915,0.3915,1.8569,-0.9284,63763.45,65556.1,0.847,7,none
2026-07-26 20:33:00,2026-07-26 20:32:00,64639.0,64639.0,64361.0,0.4319,0.4319,1.8569,-0.9284,63763.45,65556.1,0.852,7,none
2026-07-26 20:36:09,2026-07-26 20:35:00,64624.0,64624.0,64361.0,0.4086,0.4086,1.8569,-0.9284,63763.45,65556.1,0.854,7,none
2026-07-26 20:41:07,2026-07-26 20:40:00,64641.0,64625.0,64361.0,0.435,0.4102,1.8569,-0.9284,63763.45,65556.1,0.858,7,none
2026-07-26 20:46:28,2026-07-26 20:45:00,64635.0,64635.0,64361.0,0.4257,0.4257,1.8569,-0.9284,63763.45,65556.1,0.861,7,none
2026-07-26 20:52:10,2026-07-26 20:51:00,64621.0,64620.0,64361.0,0.404,0.4024,1.8569,-0.9284,63763.45,65556.1,0.865,7,none
2026-07-26 20:57:19,2026-07-26 20:56:00,64617.0,64616.0,64361.0,0.3978,0.3962,1.8569,-0.9284,63763.45,65556.1,0.869,7,none
2026-07-26 21:02:48,2026-07-26 21:01:00,64632.0,64632.0,64361.0,0.4211,0.4211,1.8569,-0.9284,63763.45,65556.1,0.873,7,none
2026-07-26 21:06:05,2026-07-26 21:05:00,64659.0,64659.0,64361.0,0.463,0.463,1.8569,-0.9284,63763.45,65556.1,0.875,7,none
2026-07-26 21:11:15,2026-07-26 21:10:00,64633.0,64629.0,64361.0,0.4226,0.4164,1.8569,-0.9284,63763.45,65556.1,0.878,7,none
2026-07-26 21:16:14,2026-07-26 21:15:00,64665.0,64665.0,64361.0,0.4723,0.4723,1.8569,-0.9284,63763.45,65556.1,0.882,7,none
2026-07-26 21:21:09,2026-07-26 21:20:00,64724.0,64711.0,64361.0,0.564,0.5438,1.8569,-0.9284,63763.45,65556.1,0.885,7,none
2026-07-26 21:26:10,2026-07-26 21:25:00,64814.0,64761.0,64361.0,0.7038,0.6215,1.8569,-0.9284,63763.45,65556.1,0.889,7,none
2026-07-26 21:31:19,2026-07-26 21:30:00,64806.0,64795.0,64361.0,0.6914,0.6743,1.8569,-0.9284,63763.45,65556.1,0.892,7,none
2026-07-26 21:36:03,2026-07-26 21:35:00,64778.0,64778.0,64361.0,0.6479,0.6479,1.8569,-0.9284,63763.45,65556.1,0.896,7,none
2026-07-26 21:41:13,2026-07-26 21:40:00,64777.0,64771.0,64361.0,0.6464,0.637,1.8569,-0.9284,63763.45,65556.1,0.899,7,none
2026-07-26 21:46:04,2026-07-26 21:45:00,64798.0,64772.0,64361.0,0.679,0.6386,1.8569,-0.9284,63763.45,65556.1,0.903,7,none
2026-07-26 21:51:15,2026-07-26 21:50:00,64828.0,64828.0,64361.0,0.7256,0.7256,1.8569,-0.9284,63763.45,65556.1,0.906,7,none
2026-07-26 21:56:08,2026-07-26 21:55:00,64852.0,64837.0,64361.0,0.7629,0.7396,1.8569,-0.9284,63763.45,65556.1,0.91,7,none
2026-07-26 22:01:21,2026-07-26 22:00:00,65054.0,64819.0,64361.0,1.0767,0.7116,1.8569,-0.9284,63763.45,65556.1,0.913,7,none
2026-07-26 22:06:13,2026-07-26 22:05:00,65139.0,65130.0,64361.0,1.2088,1.1948,1.8569,-0.9284,63763.45,65556.1,0.917,7,none
2026-07-26 22:11:12,2026-07-26 22:10:00,65190.0,65156.0,64361.0,1.288,1.2352,1.8569,-0.9284,63763.45,65556.1,0.92,7,none
2026-07-26 22:16:09,2026-07-26 22:15:00,65191.0,65172.0,64361.0,1.2896,1.2601,1.8569,-0.9284,63763.45,65556.1,0.924,7,none
2026-07-26 22:21:06,2026-07-26 22:20:00,65208.0,65164.0,64361.0,1.316,1.2476,1.8569,-0.9284,63763.45,65556.1,0.927,7,none
2026-07-26 22:26:09,2026-07-26 22:25:00,65140.0,65140.0,64361.0,1.2104,1.2104,1.8569,-0.9284,63763.45,65556.1,0.931,7,none
2026-07-26 22:32:48,2026-07-26 22:31:00,65211.0,65186.0,64361.0,1.3207,1.2818,1.8569,-0.9284,63763.45,65556.1,0.935,7,none
2026-07-26 22:36:04,2026-07-26 22:35:00,65395.0,65367.0,64361.0,1.6066,1.5631,1.8569,-0.9284,63763.45,65556.1,0.937,7,none
2026-07-26 22:41:10,2026-07-26 22:40:00,65470.0,65385.0,64361.0,1.7231,1.591,1.8569,-0.9284,63763.45,65556.1,0.941,7,none
2026-07-26 22:46:09,2026-07-26 22:45:00,65402.0,65395.0,64361.0,1.6174,1.6066,1.8569,-0.9284,63763.45,65556.1,0.944,7,none
2026-07-26 22:51:15,2026-07-26 22:50:00,65430.0,65430.0,64361.0,1.6609,1.6609,1.8569,-0.9284,63763.45,65556.1,0.948,7,none
2026-07-26 22:56:41,2026-07-26 22:55:00,65340.0,65340.0,64361.0,1.5211,1.5211,1.8569,-0.9284,63763.45,65556.1,0.952,7,none
2026-07-26 23:02:58,2026-07-26 23:01:00,65426.0,65393.0,64361.0,1.6547,1.6035,1.8569,-0.9284,63763.45,65556.1,0.956,7,none
2026-07-26 23:06:02,2026-07-26 23:05:00,65461.0,65388.0,64361.0,1.7091,1.5957,1.8569,-0.9284,63763.45,65556.1,0.958,7,none
2026-07-26 23:11:18,2026-07-26 23:10:00,65477.0,65477.0,64361.0,1.734,1.734,1.8569,-0.9284,63763.45,65556.1,0.962,7,none
2026-07-26 23:16:17,2026-07-26 23:15:00,65425.0,65376.0,64361.0,1.6532,1.577,1.8569,-0.9284,63763.45,65556.1,0.965,7,none
2026-07-26 23:21:14,2026-07-26 23:20:00,65338.0,65335.0,64361.0,1.518,1.5133,1.8569,-0.9284,63763.45,65556.1,0.969,7,none
2026-07-26 23:26:07,2026-07-26 23:25:00,65323.0,65323.0,64361.0,1.4947,1.4947,1.8569,-0.9284,63763.45,65556.1,0.972,7,none
2026-07-26 23:31:18,2026-07-26 23:30:00,65275.0,65275.0,64361.0,1.4201,1.4201,1.8569,-0.9284,63763.45,65556.1,0.976,7,none
2026-07-26 23:36:10,2026-07-26 23:35:00,65356.0,65348.0,64361.0,1.546,1.5335,1.8569,-0.9284,63763.45,65556.1,0.979,7,none
2026-07-26 23:41:15,2026-07-26 23:40:00,65309.0,65309.0,64361.0,1.4729,1.4729,1.8569,-0.9284,63763.45,65556.1,0.983,7,none
2026-07-26 23:46:09,2026-07-26 23:45:00,65380.0,65368.0,64361.0,1.5833,1.5646,1.8569,-0.9284,63763.45,65556.1,0.986,7,none
2026-07-26 23:51:21,2026-07-26 23:50:00,65398.0,65370.0,64361.0,1.6112,1.5677,1.8569,-0.9284,63763.45,65556.1,0.99,7,none
2026-07-26 23:56:35,2026-07-26 23:55:00,65331.0,65330.0,64361.0,1.5071,1.5056,1.8569,-0.9284,63763.45,65556.1,0.993,7,none
2026-07-27 00:01:27,2026-07-27 00:00:00,65363.0,65362.0,64361.0,1.5568,1.5553,1.8569,-0.9284,63763.45,65556.1,0.997,7,none
2026-07-27 00:06:29,2026-07-27 00:05:00,65241.0,65239.0,64361.0,1.3673,1.3642,1.8569,-0.9284,63763.45,65556.1,1.0,7,none
2026-07-27 00:11:19,2026-07-27 00:10:00,65166.0,65165.0,64361.0,1.2508,1.2492,1.8569,-0.9284,63763.45,65556.1,1.004,7,none
2026-07-27 00:16:13,2026-07-27 00:15:00,65198.0,65192.0,64361.0,1.3005,1.2912,1.8569,-0.9284,63763.45,65556.1,1.007,7,none
2026-07-27 00:21:19,2026-07-27 00:20:00,65122.0,65096.0,64361.0,1.1824,1.142,1.8569,-0.9284,63763.45,65556.1,1.01,7,none
2026-07-27 00:26:10,2026-07-27 00:25:00,65205.0,65130.0,64361.0,1.3114,1.1948,1.8569,-0.9284,63763.45,65556.1,1.014,7,none
2026-07-27 00:33:14,2026-07-27 00:32:00,65185.0,65183.0,64361.0,1.2803,1.2772,1.8569,-0.9284,63763.45,65556.1,1.019,7,none
2026-07-27 00:36:41,2026-07-27 00:35:00,65152.0,65133.0,64361.0,1.229,1.1995,1.8569,-0.9284,63763.45,65556.1,1.021,7,none
2026-07-27 00:41:09,2026-07-27 00:40:00,65112.0,65095.0,64361.0,1.1669,1.1404,1.8569,-0.9284,63763.45,65556.1,1.024,7,none
2026-07-27 00:47:32,2026-07-27 00:46:00,65158.0,65146.0,64361.0,1.2383,1.2197,1.8569,-0.9284,63763.45,65556.1,1.029,7,none
2026-07-27 00:51:09,2026-07-27 00:50:00,65148.0,65136.0,64361.0,1.2228,1.2041,1.8569,-0.9284,63763.45,65556.1,1.031,7,none
2026-07-27 00:57:37,2026-07-27 00:56:00,65064.0,65045.0,64361.0,1.0923,1.0628,1.8569,-0.9284,63763.45,65556.1,1.036,7,none
2026-07-27 01:01:20,2026-07-27 01:00:00,65096.0,65090.0,64361.0,1.142,1.1327,1.8569,-0.9284,63763.45,65556.1,1.038,7,none
2026-07-27 01:06:39,2026-07-27 01:05:00,65167.0,65146.0,64361.0,1.2523,1.2197,1.8569,-0.9284,63763.45,65556.1,1.042,7,none
2026-07-27 01:11:15,2026-07-27 01:10:00,65130.0,65129.0,64361.0,1.1948,1.1933,1.8569,-0.9284,63763.45,65556.1,1.045,7,none
2026-07-27 01:16:13,2026-07-27 01:15:00,64986.0,64970.0,64361.0,0.9711,0.9462,1.8569,-0.9284,63763.45,65556.1,1.049,7,none
2026-07-27 01:21:13,2026-07-27 01:20:00,65035.0,65034.0,64361.0,1.0472,1.0457,1.8569,-0.9284,63763.45,65556.1,1.052,7,none
2026-07-27 01:27:34,2026-07-27 01:26:00,65008.0,65007.0,64361.0,1.0053,1.0037,1.8569,-0.9284,63763.45,65556.1,1.056,7,none
2026-07-27 01:31:20,2026-07-27 01:30:00,64978.0,64969.0,64361.0,0.9587,0.9447,1.8569,-0.9284,63763.45,65556.1,1.059,7,none
2026-07-27 01:36:11,2026-07-27 01:35:00,64901.0,64866.0,64361.0,0.839,0.7846,1.8569,-0.9284,63763.45,65556.1,1.062,7,none
2026-07-27 01:41:13,2026-07-27 01:40:00,65086.0,65063.0,64361.0,1.1265,1.0907,1.8569,-0.9284,63763.45,65556.1,1.066,7,none
2026-07-27 01:47:49,2026-07-27 01:46:00,65124.0,65070.0,64361.0,1.1855,1.1016,1.8569,-0.9284,63763.45,65556.1,1.071,7,none
2026-07-27 01:51:08,2026-07-27 01:50:00,65130.0,65130.0,64361.0,1.1948,1.1948,1.8569,-0.9284,63763.45,65556.1,1.073,7,none
2026-07-27 01:56:21,2026-07-27 01:55:00,65164.0,65137.0,64361.0,1.2476,1.2057,1.8569,-0.9284,63763.45,65556.1,1.076,7,none
2026-07-27 02:01:31,2026-07-27 02:00:00,65169.0,65169.0,64361.0,1.2554,1.2554,1.8569,-0.9284,63763.45,65556.1,1.08,7,none
2026-07-27 02:06:25,2026-07-27 02:05:00,65165.0,65134.0,64361.0,1.2492,1.201,1.8569,-0.9284,63763.45,65556.1,1.083,7,none
2026-07-27 02:11:15,2026-07-27 02:10:00,65161.0,65155.0,64361.0,1.243,1.2337,1.8569,-0.9284,63763.45,65556.1,1.087,7,none
2026-07-27 02:16:13,2026-07-27 02:15:00,65150.0,65149.0,64361.0,1.2259,1.2243,1.8569,-0.9284,63763.45,65556.1,1.09,7,none
2026-07-27 02:21:11,2026-07-27 02:20:00,65199.0,65184.0,64361.0,1.302,1.2787,1.8569,-0.9284,63763.45,65556.1,1.094,7,none
2026-07-27 02:26:07,2026-07-27 02:25:00,65177.0,65156.0,64361.0,1.2678,1.2352,1.8569,-0.9284,63763.45,65556.1,1.097,7,none
2026-07-27 02:32:40,2026-07-27 02:31:00,65091.0,65083.0,64361.0,1.1342,1.1218,1.8569,-0.9284,63763.45,65556.1,1.102,7,none
2026-07-27 02:36:51,2026-07-27 02:35:00,65112.0,65103.0,64361.0,1.1669,1.1529,1.8569,-0.9284,63763.45,65556.1,1.105,7,none
2026-07-27 02:41:08,2026-07-27 02:40:00,65215.0,65214.0,64361.0,1.3269,1.3253,1.8569,-0.9284,63763.45,65556.1,1.108,7,none
2026-07-27 02:46:08,2026-07-27 02:45:00,65229.0,65215.0,64361.0,1.3486,1.3269,1.8569,-0.9284,63763.45,65556.1,1.111,7,none
2026-07-27 02:51:10,2026-07-27 02:50:00,65160.0,65160.0,64361.0,1.2414,1.2414,1.8569,-0.9284,63763.45,65556.1,1.115,7,none
2026-07-27 02:56:13,2026-07-27 02:55:00,65153.0,65138.0,64361.0,1.2306,1.2073,1.8569,-0.9284,63763.45,65556.1,1.118,7,none
2026-07-27 03:01:27,2026-07-27 03:00:00,65191.0,65147.0,64361.0,1.2896,1.2212,1.8569,-0.9284,63763.45,65556.1,1.122,7,none
2026-07-27 03:06:12,2026-07-27 03:05:00,65199.0,65143.0,64361.0,1.302,1.215,1.8569,-0.9284,63763.45,65556.1,1.125,7,none
2026-07-27 03:12:18,2026-07-27 03:11:00,65212.0,65159.0,64361.0,1.3222,1.2399,1.8569,-0.9284,63763.45,65556.1,1.129,7,none
2026-07-27 03:17:43,2026-07-27 03:16:00,65270.0,65261.0,64361.0,1.4123,1.3984,1.8569,-0.9284,63763.45,65556.1,1.133,7,none
2026-07-27 03:21:17,2026-07-27 03:20:00,65251.0,65241.0,64361.0,1.3828,1.3673,1.8569,-0.9284,63763.45,65556.1,1.135,7,none
2026-07-27 03:26:04,2026-07-27 03:25:00,65313.0,65285.0,64361.0,1.4792,1.4357,1.8569,-0.9284,63763.45,65556.1,1.139,7,none
2026-07-27 03:31:17,2026-07-27 03:30:00,65249.0,65248.0,64361.0,1.3797,1.3782,1.8569,-0.9284,63763.45,65556.1,1.142,7,none
2026-07-27 03:37:31,2026-07-27 03:36:00,65271.0,65270.0,64361.0,1.4139,1.4123,1.8569,-0.9284,63763.45,65556.1,1.147,7,none
2026-07-27 03:41:12,2026-07-27 03:40:00,65278.0,65271.0,64361.0,1.4248,1.4139,1.8569,-0.9284,63763.45,65556.1,1.149,7,none
2026-07-27 03:46:08,2026-07-27 03:45:00,65342.0,65330.0,64361.0,1.5242,1.5056,1.8569,-0.9284,63763.45,65556.1,1.153,7,none
2026-07-27 03:51:14,2026-07-27 03:50:00,65282.0,65282.0,64361.0,1.431,1.431,1.8569,-0.9284,63763.45,65556.1,1.156,7,none
2026-07-27 03:56:13,2026-07-27 03:55:00,65251.0,65250.0,64361.0,1.3828,1.3813,1.8569,-0.9284,63763.45,65556.1,1.16,7,none
2026-07-27 04:03:01,2026-07-27 04:02:00,65261.0,65259.0,64361.0,1.3984,1.3953,1.8569,-0.9284,63763.45,65556.1,1.164,7,none
2026-07-27 04:07:17,2026-07-27 04:06:00,65318.0,65304.0,64361.0,1.4869,1.4652,1.8569,-0.9284,63763.45,65556.1,1.167,7,none
2026-07-27 04:13:32,2026-07-27 04:12:00,65251.0,65225.0,64361.0,1.3828,1.3424,1.8569,-0.9284,63763.45,65556.1,1.172,7,none
2026-07-27 04:17:25,2026-07-27 04:16:00,65323.0,65286.0,64361.0,1.4947,1.4372,1.8569,-0.9284,63763.45,65556.1,1.174,7,none
2026-07-27 04:22:42,2026-07-27 04:21:00,65383.0,65382.0,64361.0,1.5879,1.5864,1.8569,-0.9284,63763.45,65556.1,1.178,7,none
2026-07-27 04:27:26,2026-07-27 04:26:00,65328.0,65327.0,64361.0,1.5025,1.5009,1.8569,-0.9284,63763.45,65556.1,1.181,7,none
2026-07-27 04:32:39,2026-07-27 04:31:00,65248.0,65247.0,64361.0,1.3782,1.3766,1.8569,-0.9284,63763.45,65556.1,1.185,7,none
2026-07-27 04:36:01,2026-07-27 04:35:00,65305.0,65278.0,64361.0,1.4667,1.4248,1.8569,-0.9284,63763.45,65556.1,1.187,7,none
2026-07-27 04:41:18,2026-07-27 04:40:00,65342.0,65336.0,64361.0,1.5242,1.5149,1.8569,-0.9284,63763.45,65556.1,1.191,7,none
2026-07-27 04:46:19,2026-07-27 04:45:00,65312.0,65312.0,64361.0,1.4776,1.4776,1.8569,-0.9284,63763.45,65556.1,1.195,7,none
2026-07-27 04:51:11,2026-07-27 04:50:00,65314.0,65314.0,64361.0,1.4807,1.4807,1.8569,-0.9284,63763.45,65556.1,1.198,7,none
2026-07-27 04:56:11,2026-07-27 04:55:00,65276.0,65275.0,64361.0,1.4217,1.4201,1.8569,-0.9284,63763.45,65556.1,1.201,7,none
2026-07-27 05:01:34,2026-07-27 05:00:00,65253.0,65252.0,64361.0,1.3859,1.3844,1.8569,-0.9284,63763.45,65556.1,1.205,7,none
2026-07-27 05:06:07,2026-07-27 05:05:00,65280.0,65251.0,64361.0,1.4279,1.3828,1.8569,-0.9284,63763.45,65556.1,1.208,7,none
2026-07-27 05:11:18,2026-07-27 05:10:00,65330.0,65290.0,64361.0,1.5056,1.4434,1.8569,-0.9284,63763.45,65556.1,1.212,7,none
2026-07-27 05:17:22,2026-07-27 05:16:00,65328.0,65320.0,64361.0,1.5025,1.49,1.8569,-0.9284,63763.45,65556.1,1.216,7,none
2026-07-27 05:21:14,2026-07-27 05:20:00,65385.0,65345.0,64361.0,1.591,1.5289,1.8569,-0.9284,63763.45,65556.1,1.219,7,none
2026-07-27 05:26:07,2026-07-27 05:25:00,65366.0,65366.0,64361.0,1.5615,1.5615,1.8569,-0.9284,63763.45,65556.1,1.222,7,none
2026-07-27 05:32:50,2026-07-27 05:31:00,65388.0,65374.0,64361.0,1.5957,1.5739,1.8569,-0.9284,63763.45,65556.1,1.227,7,none
2026-07-27 05:37:17,2026-07-27 05:36:00,65363.0,65362.0,64361.0,1.5568,1.5553,1.8569,-0.9284,63763.45,65556.1,1.23,7,none
2026-07-27 05:41:19,2026-07-27 05:40:00,65360.0,65336.0,64361.0,1.5522,1.5149,1.8569,-0.9284,63763.45,65556.1,1.233,7,none
2026-07-27 05:47:18,2026-07-27 05:46:00,65330.0,65328.0,64361.0,1.5056,1.5025,1.8569,-0.9284,63763.45,65556.1,1.237,7,none
2026-07-27 05:51:15,2026-07-27 05:50:00,65327.0,65326.0,64361.0,1.5009,1.4994,1.8569,-0.9284,63763.45,65556.1,1.24,7,none
2026-07-27 05:57:34,2026-07-27 05:56:00,65375.0,65375.0,64361.0,1.5755,1.5755,1.8569,-0.9284,63763.45,65556.1,1.244,7,none
2026-07-27 06:03:12,2026-07-27 06:02:00,65462.0,65432.0,64361.0,1.7107,1.6641,1.8569,-0.9284,63763.45,65556.1,1.248,7,none
2026-07-27 06:06:15,2026-07-27 06:05:00,65481.0,65465.0,64361.0,1.7402,1.7153,1.8569,-0.9284,63763.45,65556.1,1.25,7,none
2026-07-27 06:11:18,2026-07-27 06:10:00,65582.0,65530.0,64361.0,1.8971,1.8163,1.8569,-0.9284,63763.45,65556.1,1.254,7,target_reached
2026-07-30 00:06:23,2026-07-30 00:05:00,63980.0,63974.0,63962.0,0.0281,0.0188,6.4782,-1.5,63002.57,68105.6,0.0,7,none
2026-07-30 00:11:17,2026-07-30 00:10:00,64001.0,63999.0,63962.0,0.061,0.0578,6.4782,-1.5,63002.57,68105.6,0.004,7,none
2026-07-30 00:14:59,2026-07-30 00:13:00,64062.0,64030.0,63962.0,0.1563,0.1063,6.4782,-1.5,63002.57,68105.6,0.006,7,none
2026-07-30 00:16:20,2026-07-30 00:15:00,64068.0,63990.0,63962.0,0.1657,0.0438,6.4782,-1.5,63002.57,68105.6,0.007,7,none
2026-07-30 00:21:13,2026-07-30 00:20:00,63994.0,63972.0,63962.0,0.05,0.0156,6.4782,-1.5,63002.57,68105.6,0.01,7,none
2026-07-30 00:26:06,2026-07-30 00:25:00,63963.0,63947.0,63962.0,0.0016,-0.0235,6.4782,-1.5,63002.57,68105.6,0.014,7,none
2026-07-30 00:31:27,2026-07-30 00:30:00,63955.0,63949.0,63962.0,-0.0109,-0.0203,6.4782,-1.5,63002.57,68105.6,0.018,7,none
2026-07-30 00:36:10,2026-07-30 00:35:00,63827.0,63797.0,63962.0,-0.2111,-0.258,6.4782,-1.5,63002.57,68105.6,0.021,7,none
2026-07-30 00:41:16,2026-07-30 00:40:00,63787.0,63769.0,63962.0,-0.2736,-0.3017,6.4782,-1.5,63002.57,68105.6,0.024,7,none
2026-07-30 00:46:17,2026-07-30 00:45:00,63693.0,63675.0,63962.0,-0.4206,-0.4487,6.4782,-1.5,63002.57,68105.6,0.028,7,none
2026-07-30 00:51:10,2026-07-30 00:50:00,63670.0,63670.0,63962.0,-0.4565,-0.4565,6.4782,-1.5,63002.57,68105.6,0.031,7,none
2026-07-30 00:56:08,2026-07-30 00:55:00,63599.0,63590.0,63962.0,-0.5675,-0.5816,6.4782,-1.5,63002.57,68105.6,0.035,7,none
2026-07-30 01:01:18,2026-07-30 01:00:00,63673.0,63672.0,63962.0,-0.4518,-0.4534,6.4782,-1.5,63002.57,68105.6,0.038,7,none
2026-07-30 01:06:05,2026-07-30 01:05:00,63747.0,63728.0,63962.0,-0.3361,-0.3658,6.4782,-1.5,63002.57,68105.6,0.042,7,none
2026-07-30 01:11:07,2026-07-30 01:10:00,63760.0,63733.0,63962.0,-0.3158,-0.358,6.4782,-1.5,63002.57,68105.6,0.045,7,none
2026-07-30 01:16:19,2026-07-30 01:15:00,63678.0,63668.0,63962.0,-0.444,-0.4596,6.4782,-1.5,63002.57,68105.6,0.049,7,none
2026-07-30 01:21:17,2026-07-30 01:20:00,63713.0,63712.0,63962.0,-0.3893,-0.3909,6.4782,-1.5,63002.57,68105.6,0.052,7,none
2026-07-30 01:26:05,2026-07-30 01:25:00,63809.0,63804.0,63962.0,-0.2392,-0.247,6.4782,-1.5,63002.57,68105.6,0.055,7,none
2026-07-30 01:31:18,2026-07-30 01:30:00,63845.0,63811.0,63962.0,-0.1829,-0.2361,6.4782,-1.5,63002.57,68105.6,0.059,7,none
2026-07-30 01:36:02,2026-07-30 01:35:00,64018.0,63948.0,63962.0,0.0876,-0.0219,6.4782,-1.5,63002.57,68105.6,0.062,7,none
2026-07-30 01:41:18,2026-07-30 01:40:00,64004.0,63932.0,63962.0,0.0657,-0.0469,6.4782,-1.5,63002.57,68105.6,0.066,7,none
2026-07-30 01:46:16,2026-07-30 01:45:00,64077.0,64012.0,63962.0,0.1798,0.0782,6.4782,-1.5,63002.57,68105.6,0.07,7,none
2026-07-30 01:51:14,2026-07-30 01:50:00,64182.0,64181.0,63962.0,0.344,0.3424,6.4782,-1.5,63002.57,68105.6,0.073,7,none
2026-07-30 01:56:13,2026-07-30 01:55:00,64301.0,64278.0,63962.0,0.53,0.494,6.4782,-1.5,63002.57,68105.6,0.076,7,none
2026-07-30 02:01:35,2026-07-30 02:00:00,64296.0,64243.0,63962.0,0.5222,0.4393,6.4782,-1.5,63002.57,68105.6,0.08,7,none
2026-07-30 02:06:11,2026-07-30 02:05:00,64271.0,64222.0,63962.0,0.4831,0.4065,6.4782,-1.5,63002.57,68105.6,0.083,7,none
2026-07-30 02:11:13,2026-07-30 02:10:00,64273.0,64273.0,63962.0,0.4862,0.4862,6.4782,-1.5,63002.57,68105.6,0.087,7,none
2026-07-30 02:16:21,2026-07-30 02:15:00,64302.0,64288.0,63962.0,0.5316,0.5097,6.4782,-1.5,63002.57,68105.6,0.09,7,none
2026-07-30 02:21:18,2026-07-30 02:20:00,64347.0,64309.0,63962.0,0.6019,0.5425,6.4782,-1.5,63002.57,68105.6,0.094,7,none
2026-07-30 02:26:11,2026-07-30 02:25:00,64307.0,64306.0,63962.0,0.5394,0.5378,6.4782,-1.5,63002.57,68105.6,0.097,7,none
2026-07-30 02:31:13,2026-07-30 02:30:00,64293.0,64293.0,63962.0,0.5175,0.5175,6.4782,-1.5,63002.57,68105.6,0.101,7,none
2026-07-30 02:36:08,2026-07-30 02:35:00,64196.0,64195.0,63962.0,0.3658,0.3643,6.4782,-1.5,63002.57,68105.6,0.104,7,none
2026-07-30 02:41:18,2026-07-30 02:40:00,64228.0,64226.0,63962.0,0.4159,0.4127,6.4782,-1.5,63002.57,68105.6,0.108,7,none
2026-07-30 02:46:15,2026-07-30 02:45:00,64252.0,64252.0,63962.0,0.4534,0.4534,6.4782,-1.5,63002.57,68105.6,0.111,7,none
2026-07-30 02:51:11,2026-07-30 02:50:00,64232.0,64222.0,63962.0,0.4221,0.4065,6.4782,-1.5,63002.57,68105.6,0.115,7,none
2026-07-30 02:56:04,2026-07-30 02:55:00,64225.0,64213.0,63962.0,0.4112,0.3924,6.4782,-1.5,63002.57,68105.6,0.118,7,none
2026-07-30 03:01:32,2026-07-30 03:00:00,64154.0,64154.0,63962.0,0.3002,0.3002,6.4782,-1.5,63002.57,68105.6,0.122,7,none
2026-07-30 03:06:08,2026-07-30 03:05:00,64215.0,64186.0,63962.0,0.3955,0.3502,6.4782,-1.5,63002.57,68105.6,0.125,7,none
2026-07-30 03:11:17,2026-07-30 03:10:00,64136.0,64136.0,63962.0,0.272,0.272,6.4782,-1.5,63002.57,68105.6,0.129,7,none
2026-07-30 03:16:12,2026-07-30 03:15:00,64173.0,64170.0,63962.0,0.3299,0.3252,6.4782,-1.5,63002.57,68105.6,0.132,7,none
2026-07-30 03:21:15,2026-07-30 03:20:00,64208.0,64185.0,63962.0,0.3846,0.3486,6.4782,-1.5,63002.57,68105.6,0.135,7,none
2026-07-30 03:26:05,2026-07-30 03:25:00,64222.0,64196.0,63962.0,0.4065,0.3658,6.4782,-1.5,63002.57,68105.6,0.139,7,none
2026-07-30 03:31:18,2026-07-30 03:30:00,64185.0,64176.0,63962.0,0.3486,0.3346,6.4782,-1.5,63002.57,68105.6,0.142,7,none
2026-07-30 03:36:05,2026-07-30 03:35:00,64164.0,64150.0,63962.0,0.3158,0.2939,6.4782,-1.5,63002.57,68105.6,0.146,7,none
2026-07-30 03:41:23,2026-07-30 03:40:00,64144.0,64125.0,63962.0,0.2845,0.2548,6.4782,-1.5,63002.57,68105.6,0.149,7,none
2026-07-30 03:46:13,2026-07-30 03:45:00,64154.0,64136.0,63962.0,0.3002,0.272,6.4782,-1.5,63002.57,68105.6,0.153,7,none
2026-07-30 03:51:14,2026-07-30 03:50:00,64173.0,64156.0,63962.0,0.3299,0.3033,6.4782,-1.5,63002.57,68105.6,0.156,7,none
2026-07-30 03:56:04,2026-07-30 03:55:00,64179.0,64175.0,63962.0,0.3393,0.333,6.4782,-1.5,63002.57,68105.6,0.16,7,none
2026-07-30 04:01:19,2026-07-30 04:00:00,64124.0,64123.0,63962.0,0.2533,0.2517,6.4782,-1.5,63002.57,68105.6,0.163,7,none
2026-07-30 04:06:13,2026-07-30 04:05:00,64136.0,64121.0,63962.0,0.272,0.2486,6.4782,-1.5,63002.57,68105.6,0.167,7,none
2026-07-30 04:11:14,2026-07-30 04:10:00,64088.0,64088.0,63962.0,0.197,0.197,6.4782,-1.5,63002.57,68105.6,0.17,7,none
2026-07-30 04:16:09,2026-07-30 04:15:00,64110.0,64102.0,63962.0,0.2314,0.2189,6.4782,-1.5,63002.57,68105.6,0.174,7,none
2026-07-30 04:21:22,2026-07-30 04:20:00,64080.0,64073.0,63962.0,0.1845,0.1735,6.4782,-1.5,63002.57,68105.6,0.177,7,none
2026-07-30 04:26:08,2026-07-30 04:25:00,64069.0,64069.0,63962.0,0.1673,0.1673,6.4782,-1.5,63002.57,68105.6,0.181,7,none
2026-07-30 04:31:13,2026-07-30 04:30:00,64091.0,64077.0,63962.0,0.2017,0.1798,6.4782,-1.5,63002.57,68105.6,0.184,7,none
2026-07-30 04:36:12,2026-07-30 04:35:00,64124.0,64102.0,63962.0,0.2533,0.2189,6.4782,-1.5,63002.57,68105.6,0.188,7,none
2026-07-30 04:41:25,2026-07-30 04:40:00,64092.0,64077.0,63962.0,0.2032,0.1798,6.4782,-1.5,63002.57,68105.6,0.191,7,none
2026-07-30 04:46:12,2026-07-30 04:45:00,64084.0,64051.0,63962.0,0.1907,0.1391,6.4782,-1.5,63002.57,68105.6,0.194,7,none
2026-07-30 04:51:14,2026-07-30 04:50:00,64071.0,64071.0,63962.0,0.1704,0.1704,6.4782,-1.5,63002.57,68105.6,0.198,7,none
2026-07-30 04:56:05,2026-07-30 04:55:00,64054.0,64054.0,63962.0,0.1438,0.1438,6.4782,-1.5,63002.57,68105.6,0.201,7,none
2026-07-30 05:01:23,2026-07-30 05:00:00,63985.0,63976.0,63962.0,0.036,0.0219,6.4782,-1.5,63002.57,68105.6,0.205,7,none
2026-07-30 05:06:11,2026-07-30 05:05:00,63978.0,63960.0,63962.0,0.025,-0.0031,6.4782,-1.5,63002.57,68105.6,0.208,7,none
2026-07-30 05:11:12,2026-07-30 05:10:00,63965.0,63947.0,63962.0,0.0047,-0.0235,6.4782,-1.5,63002.57,68105.6,0.212,7,none
2026-07-30 05:16:13,2026-07-30 05:15:00,63955.0,63952.0,63962.0,-0.0109,-0.0156,6.4782,-1.5,63002.57,68105.6,0.215,7,none
2026-07-30 05:21:12,2026-07-30 05:20:00,63930.0,63929.0,63962.0,-0.05,-0.0516,6.4782,-1.5,63002.57,68105.6,0.219,7,none
2026-07-30 05:26:07,2026-07-30 05:25:00,63908.0,63885.0,63962.0,-0.0844,-0.1204,6.4782,-1.5,63002.57,68105.6,0.222,7,none
2026-07-30 05:31:22,2026-07-30 05:30:00,64018.0,63973.0,63962.0,0.0876,0.0172,6.4782,-1.5,63002.57,68105.6,0.226,7,none
2026-07-30 05:36:13,2026-07-30 05:35:00,64081.0,64073.0,63962.0,0.186,0.1735,6.4782,-1.5,63002.57,68105.6,0.229,7,none
2026-07-30 05:41:21,2026-07-30 05:40:00,64045.0,64025.0,63962.0,0.1298,0.0985,6.4782,-1.5,63002.57,68105.6,0.233,7,none
2026-07-30 05:46:08,2026-07-30 05:45:00,64091.0,64081.0,63962.0,0.2017,0.186,6.4782,-1.5,63002.57,68105.6,0.236,7,none
2026-07-30 05:51:04,2026-07-30 05:50:00,64073.0,64059.0,63962.0,0.1735,0.1517,6.4782,-1.5,63002.57,68105.6,0.24,7,none
2026-07-30 05:56:06,2026-07-30 05:55:00,63967.0,63961.0,63962.0,0.0078,-0.0016,6.4782,-1.5,63002.57,68105.6,0.243,7,none
2026-07-30 06:01:23,2026-07-30 06:00:00,63998.0,63998.0,63962.0,0.0563,0.0563,6.4782,-1.5,63002.57,68105.6,0.247,7,none
2026-07-30 06:06:09,2026-07-30 06:05:00,64020.0,64013.0,63962.0,0.0907,0.0797,6.4782,-1.5,63002.57,68105.6,0.25,7,none
2026-07-30 06:11:11,2026-07-30 06:10:00,63966.0,63954.0,63962.0,0.0063,-0.0125,6.4782,-1.5,63002.57,68105.6,0.253,7,none
2026-07-30 06:16:10,2026-07-30 06:15:00,63969.0,63968.0,63962.0,0.0109,0.0094,6.4782,-1.5,63002.57,68105.6,0.257,7,none
2026-07-30 06:21:16,2026-07-30 06:20:00,63947.0,63940.0,63962.0,-0.0235,-0.0344,6.4782,-1.5,63002.57,68105.6,0.26,7,none
2026-07-30 06:26:18,2026-07-30 06:25:00,64044.0,64000.0,63962.0,0.1282,0.0594,6.4782,-1.5,63002.57,68105.6,0.264,7,none
2026-07-30 06:31:18,2026-07-30 06:30:00,64033.0,64031.0,63962.0,0.111,0.1079,6.4782,-1.5,63002.57,68105.6,0.267,7,none
2026-07-30 06:36:06,2026-07-30 06:35:00,63960.0,63959.0,63962.0,-0.0031,-0.0047,6.4782,-1.5,63002.57,68105.6,0.271,7,none
2026-07-30 06:41:14,2026-07-30 06:40:00,63979.0,63979.0,63962.0,0.0266,0.0266,6.4782,-1.5,63002.57,68105.6,0.274,7,none
2026-07-30 06:46:21,2026-07-30 06:45:00,63991.0,63979.0,63962.0,0.0453,0.0266,6.4782,-1.5,63002.57,68105.6,0.278,7,none
2026-07-30 06:51:10,2026-07-30 06:50:00,63962.0,63958.0,63962.0,0.0,-0.0063,6.4782,-1.5,63002.57,68105.6,0.281,7,none
2026-07-30 06:56:08,2026-07-30 06:55:00,63956.0,63950.0,63962.0,-0.0094,-0.0188,6.4782,-1.5,63002.57,68105.6,0.285,7,none
2026-07-30 07:01:28,2026-07-30 07:00:00,64025.0,63968.0,63962.0,0.0985,0.0094,6.4782,-1.5,63002.57,68105.6,0.288,7,none
2026-07-30 07:06:08,2026-07-30 07:05:00,64062.0,64057.0,63962.0,0.1563,0.1485,6.4782,-1.5,63002.57,68105.6,0.292,7,none
2026-07-30 07:11:25,2026-07-30 07:10:00,64035.0,64034.0,63962.0,0.1141,0.1126,6.4782,-1.5,63002.57,68105.6,0.295,7,none
2026-07-30 07:16:21,2026-07-30 07:15:00,64018.0,64018.0,63962.0,0.0876,0.0876,6.4782,-1.5,63002.57,68105.6,0.299,7,none
2026-07-30 07:21:21,2026-07-30 07:20:00,64083.0,64083.0,63962.0,0.1892,0.1892,6.4782,-1.5,63002.57,68105.6,0.302,7,none
2026-07-30 07:26:10,2026-07-30 07:25:00,64058.0,64057.0,63962.0,0.1501,0.1485,6.4782,-1.5,63002.57,68105.6,0.306,7,none
2026-07-30 07:31:22,2026-07-30 07:30:00,64008.0,64000.0,63962.0,0.0719,0.0594,6.4782,-1.5,63002.57,68105.6,0.309,7,none
2026-07-30 07:36:20,2026-07-30 07:35:00,63957.0,63952.0,63962.0,-0.0078,-0.0156,6.4782,-1.5,63002.57,68105.6,0.313,7,none
2026-07-30 07:41:11,2026-07-30 07:40:00,63993.0,63992.0,63962.0,0.0485,0.0469,6.4782,-1.5,63002.57,68105.6,0.316,7,none
2026-07-30 07:46:10,2026-07-30 07:45:00,63994.0,63993.0,63962.0,0.05,0.0485,6.4782,-1.5,63002.57,68105.6,0.319,7,none
2026-07-30 07:51:22,2026-07-30 07:50:00,63958.0,63955.0,63962.0,-0.0063,-0.0109,6.4782,-1.5,63002.57,68105.6,0.323,7,none
2026-07-30 07:56:11,2026-07-30 07:55:00,63976.0,63967.0,63962.0,0.0219,0.0078,6.4782,-1.5,63002.57,68105.6,0.326,7,none
2026-07-30 08:01:29,2026-07-30 08:00:00,63977.0,63977.0,63962.0,0.0235,0.0235,6.4782,-1.5,63002.57,68105.6,0.33,7,none
2026-07-30 08:06:06,2026-07-30 08:05:00,64005.0,63971.0,63962.0,0.0672,0.0141,6.4782,-1.5,63002.57,68105.6,0.333,7,none
2026-07-30 08:11:11,2026-07-30 08:10:00,63990.0,63981.0,63962.0,0.0438,0.0297,6.4782,-1.5,63002.57,68105.6,0.337,7,none
2026-07-30 08:16:19,2026-07-30 08:15:00,63985.0,63956.0,63962.0,0.036,-0.0094,6.4782,-1.5,63002.57,68105.6,0.34,7,none
2026-07-30 08:21:18,2026-07-30 08:20:00,64040.0,63990.0,63962.0,0.1219,0.0438,6.4782,-1.5,63002.57,68105.6,0.344,7,none
2026-07-30 08:26:07,2026-07-30 08:25:00,64214.0,64163.0,63962.0,0.394,0.3142,6.4782,-1.5,63002.57,68105.6,0.347,7,none
2026-07-30 08:31:24,2026-07-30 08:30:00,64256.0,64239.0,63962.0,0.4596,0.4331,6.4782,-1.5,63002.57,68105.6,0.351,7,none
2026-07-30 08:36:10,2026-07-30 08:35:00,64227.0,64226.0,63962.0,0.4143,0.4127,6.4782,-1.5,63002.57,68105.6,0.354,7,none
2026-07-30 08:41:19,2026-07-30 08:40:00,64202.0,64202.0,63962.0,0.3752,0.3752,6.4782,-1.5,63002.57,68105.6,0.358,7,none
2026-07-30 08:46:12,2026-07-30 08:45:00,64320.0,64320.0,63962.0,0.5597,0.5597,6.4782,-1.5,63002.57,68105.6,0.361,7,none
2026-07-30 08:51:19,2026-07-30 08:50:00,64297.0,64292.0,63962.0,0.5237,0.5159,6.4782,-1.5,63002.57,68105.6,0.365,7,none
2026-07-30 08:56:06,2026-07-30 08:55:00,64249.0,64249.0,63962.0,0.4487,0.4487,6.4782,-1.5,63002.57,68105.6,0.368,7,none
2026-07-30 09:01:25,2026-07-30 09:00:00,64267.0,64261.0,63962.0,0.4768,0.4675,6.4782,-1.5,63002.57,68105.6,0.372,7,none
2026-07-30 09:06:14,2026-07-30 09:05:00,64262.0,64261.0,63962.0,0.469,0.4675,6.4782,-1.5,63002.57,68105.6,0.375,7,none
2026-07-30 09:11:28,2026-07-30 09:10:00,64290.0,64290.0,63962.0,0.5128,0.5128,6.4782,-1.5,63002.57,68105.6,0.379,7,none
2026-07-30 09:16:21,2026-07-30 09:15:00,64363.0,64361.0,63962.0,0.6269,0.6238,6.4782,-1.5,63002.57,68105.6,0.382,7,none
2026-07-30 09:21:24,2026-07-30 09:20:00,64397.0,64370.0,63962.0,0.6801,0.6379,6.4782,-1.5,63002.57,68105.6,0.386,7,none
2026-07-30 09:26:07,2026-07-30 09:25:00,64454.0,64445.0,63962.0,0.7692,0.7551,6.4782,-1.5,63002.57,68105.6,0.389,7,none
2026-07-30 09:31:23,2026-07-30 09:30:00,64481.0,64470.0,63962.0,0.8114,0.7942,6.4782,-1.5,63002.57,68105.6,0.393,7,none
2026-07-30 09:36:10,2026-07-30 09:35:00,64536.0,64536.0,63962.0,0.8974,0.8974,6.4782,-1.5,63002.57,68105.6,0.396,7,none
2026-07-30 09:41:13,2026-07-30 09:40:00,64536.0,64536.0,63962.0,0.8974,0.8974,6.4782,-1.5,63002.57,68105.6,0.399,7,none
2026-07-30 09:46:25,2026-07-30 09:45:00,64575.0,64561.0,63962.0,0.9584,0.9365,6.4782,-1.5,63002.57,68105.6,0.403,7,none
2026-07-30 09:51:18,2026-07-30 09:50:00,64560.0,64560.0,63962.0,0.9349,0.9349,6.4782,-1.5,63002.57,68105.6,0.406,7,none
2026-07-30 09:56:07,2026-07-30 09:55:00,64545.0,64544.0,63962.0,0.9115,0.9099,6.4782,-1.5,63002.57,68105.6,0.41,7,none
2026-07-30 10:01:42,2026-07-30 10:00:00,64535.0,64535.0,63962.0,0.8958,0.8958,6.4782,-1.5,63002.57,68105.6,0.414,7,none
2026-07-30 10:02:55,2026-07-30 10:01:00,64562.0,64535.0,63962.0,0.9381,0.8958,6.4782,-1.5,63002.57,68105.6,0.414,7,none
2026-07-30 10:06:08,2026-07-30 10:05:00,64566.0,64559.0,63962.0,0.9443,0.9334,6.4782,-1.5,63002.57,68105.6,0.417,7,none
2026-07-30 10:11:17,2026-07-30 10:10:00,64578.0,64578.0,63962.0,0.9631,0.9631,6.4782,-1.5,63002.57,68105.6,0.42,7,none
2026-07-30 10:16:12,2026-07-30 10:15:00,64545.0,64537.0,63962.0,0.9115,0.899,6.4782,-1.5,63002.57,68105.6,0.424,7,none
2026-07-30 10:21:17,2026-07-30 10:20:00,64581.0,64574.0,63962.0,0.9678,0.9568,6.4782,-1.5,63002.57,68105.6,0.427,7,none
2026-07-30 10:26:05,2026-07-30 10:25:00,64593.0,64582.0,63962.0,0.9865,0.9693,6.4782,-1.5,63002.57,68105.6,0.43,7,none
2026-07-30 10:31:22,2026-07-30 10:30:00,64593.0,64592.0,63962.0,0.9865,0.985,6.4782,-1.5,63002.57,68105.6,0.434,7,none
2026-07-30 10:36:14,2026-07-30 10:35:00,64546.0,64546.0,63962.0,0.913,0.913,6.4782,-1.5,63002.57,68105.6,0.438,7,none
2026-07-30 10:41:16,2026-07-30 10:40:00,64563.0,64538.0,63962.0,0.9396,0.9005,6.4782,-1.5,63002.57,68105.6,0.441,7,none
2026-07-30 10:46:22,2026-07-30 10:45:00,64589.0,64584.0,63962.0,0.9803,0.9725,6.4782,-1.5,63002.57,68105.6,0.445,7,none
2026-07-30 10:51:08,2026-07-30 10:50:00,64565.0,64565.0,63962.0,0.9427,0.9427,6.4782,-1.5,63002.57,68105.6,0.448,7,none
2026-07-30 10:56:05,2026-07-30 10:55:00,64553.0,64553.0,63962.0,0.924,0.924,6.4782,-1.5,63002.57,68105.6,0.451,7,none
2026-07-30 11:01:33,2026-07-30 11:00:00,64539.0,64533.0,63962.0,0.9021,0.8927,6.4782,-1.5,63002.57,68105.6,0.455,7,none
2026-07-30 11:06:08,2026-07-30 11:05:00,64536.0,64535.0,63962.0,0.8974,0.8958,6.4782,-1.5,63002.57,68105.6,0.458,7,none
2026-07-30 11:11:11,2026-07-30 11:10:00,64597.0,64589.0,63962.0,0.9928,0.9803,6.4782,-1.5,63002.57,68105.6,0.462,7,none
2026-07-30 11:16:18,2026-07-30 11:15:00,64577.0,64572.0,63962.0,0.9615,0.9537,6.4782,-1.5,63002.57,68105.6,0.465,7,none
2026-07-30 11:21:25,2026-07-30 11:20:00,64572.0,64571.0,63962.0,0.9537,0.9521,6.4782,-1.5,63002.57,68105.6,0.469,7,none
2026-07-30 11:26:07,2026-07-30 11:25:00,64552.0,64552.0,63962.0,0.9224,0.9224,6.4782,-1.5,63002.57,68105.6,0.472,7,none
2026-07-30 11:31:14,2026-07-30 11:30:00,64545.0,64544.0,63962.0,0.9115,0.9099,6.4782,-1.5,63002.57,68105.6,0.476,7,none
2026-07-30 11:36:06,2026-07-30 11:35:00,64522.0,64522.0,63962.0,0.8755,0.8755,6.4782,-1.5,63002.57,68105.6,0.479,7,none
2026-07-30 11:41:18,2026-07-30 11:40:00,64621.0,64620.0,63962.0,1.0303,1.0287,6.4782,-1.5,63002.57,68105.6,0.483,7,none
2026-07-30 11:46:11,2026-07-30 11:45:00,64632.0,64631.0,63962.0,1.0475,1.0459,6.4782,-1.5,63002.57,68105.6,0.486,7,none
2026-07-30 11:51:16,2026-07-30 11:50:00,64820.0,64636.0,63962.0,1.3414,1.0538,6.4782,-1.5,63002.57,68105.6,0.49,7,none
2026-07-30 11:56:18,2026-07-30 11:55:00,64805.0,64805.0,63962.0,1.318,1.318,6.4782,-1.5,63002.57,68105.6,0.493,7,none
2026-07-30 12:01:21,2026-07-30 12:00:00,64757.0,64748.0,63962.0,1.2429,1.2289,6.4782,-1.5,63002.57,68105.6,0.497,7,none
2026-07-30 12:06:05,2026-07-30 12:05:00,64829.0,64828.0,63962.0,1.3555,1.3539,6.4782,-1.5,63002.57,68105.6,0.5,7,none
2026-07-30 12:11:11,2026-07-30 12:10:00,64876.0,64876.0,63962.0,1.429,1.429,6.4782,-1.5,63002.57,68105.6,0.503,7,none
2026-07-30 12:16:17,2026-07-30 12:15:00,64959.0,64955.0,63962.0,1.5587,1.5525,6.4782,-1.5,63002.57,68105.6,0.507,7,none
2026-07-30 12:21:12,2026-07-30 12:20:00,64846.0,64829.0,63962.0,1.3821,1.3555,6.4782,-1.5,63002.57,68105.6,0.51,7,none
2026-07-30 12:26:16,2026-07-30 12:25:00,64908.0,64908.0,63962.0,1.479,1.479,6.4782,-1.5,63002.57,68105.6,0.514,7,none
2026-07-30 12:31:20,2026-07-30 12:30:00,64864.0,64846.0,63962.0,1.4102,1.3821,6.4782,-1.5,63002.57,68105.6,0.517,7,none
2026-07-30 12:36:15,2026-07-30 12:35:00,64879.0,64853.0,63962.0,1.4337,1.393,6.4782,-1.5,63002.57,68105.6,0.521,7,none
2026-07-30 12:41:21,2026-07-30 12:40:00,64809.0,64808.0,63962.0,1.3242,1.3227,6.4782,-1.5,63002.57,68105.6,0.524,7,none
2026-07-30 12:46:19,2026-07-30 12:45:00,64816.0,64798.0,63962.0,1.3352,1.307,6.4782,-1.5,63002.57,68105.6,0.528,7,none
2026-07-30 12:51:11,2026-07-30 12:50:00,64857.0,64828.0,63962.0,1.3993,1.3539,6.4782,-1.5,63002.57,68105.6,0.531,7,none
2026-07-30 12:56:10,2026-07-30 12:55:00,64880.0,64879.0,63962.0,1.4352,1.4337,6.4782,-1.5,63002.57,68105.6,0.535,7,none
2026-07-30 13:01:43,2026-07-30 13:00:00,64876.0,64876.0,63962.0,1.429,1.429,6.4782,-1.5,63002.57,68105.6,0.539,7,none
2026-07-30 13:06:13,2026-07-30 13:05:00,64863.0,64839.0,63962.0,1.4086,1.3711,6.4782,-1.5,63002.57,68105.6,0.542,7,none
2026-07-30 13:11:10,2026-07-30 13:10:00,64829.0,64829.0,63962.0,1.3555,1.3555,6.4782,-1.5,63002.57,68105.6,0.545,7,none
2026-07-30 13:16:16,2026-07-30 13:15:00,64786.0,64786.0,63962.0,1.2883,1.2883,6.4782,-1.5,63002.57,68105.6,0.549,7,none
2026-07-30 13:21:17,2026-07-30 13:20:00,64788.0,64784.0,63962.0,1.2914,1.2851,6.4782,-1.5,63002.57,68105.6,0.552,7,none
2026-07-30 13:26:06,2026-07-30 13:25:00,64841.0,64814.0,63962.0,1.3743,1.332,6.4782,-1.5,63002.57,68105.6,0.556,7,none
2026-07-30 13:31:30,2026-07-30 13:30:00,64789.0,64756.0,63962.0,1.293,1.2414,6.4782,-1.5,63002.57,68105.6,0.559,7,none
2026-07-30 13:36:06,2026-07-30 13:35:00,64675.0,64674.0,63962.0,1.1147,1.1132,6.4782,-1.5,63002.57,68105.6,0.562,7,none
2026-07-30 13:41:07,2026-07-30 13:40:00,64690.0,64657.0,63962.0,1.1382,1.0866,6.4782,-1.5,63002.57,68105.6,0.566,7,none
2026-07-30 13:46:14,2026-07-30 13:45:00,64974.0,64974.0,63962.0,1.5822,1.5822,6.4782,-1.5,63002.57,68105.6,0.569,7,none
2026-07-30 13:51:17,2026-07-30 13:50:00,65095.0,65052.0,63962.0,1.7714,1.7041,6.4782,-1.5,63002.57,68105.6,0.573,7,none
2026-07-30 13:56:11,2026-07-30 13:55:00,65029.0,64956.0,63962.0,1.6682,1.554,6.4782,-1.5,63002.57,68105.6,0.576,7,none
2026-07-30 14:01:24,2026-07-30 14:00:00,64999.0,64955.0,63962.0,1.6213,1.5525,6.4782,-1.5,63002.57,68105.6,0.58,7,none
2026-07-30 14:06:08,2026-07-30 14:05:00,64794.0,64784.0,63962.0,1.3008,1.2851,6.4782,-1.5,63002.57,68105.6,0.583,7,none
2026-07-30 14:11:34,2026-07-30 14:10:00,64707.0,64698.0,63962.0,1.1648,1.1507,6.4782,-1.5,63002.57,68105.6,0.587,7,none
2026-07-30 14:16:08,2026-07-30 14:15:00,64710.0,64678.0,63962.0,1.1694,1.1194,6.4782,-1.5,63002.57,68105.6,0.59,7,none
2026-07-30 14:21:17,2026-07-30 14:20:00,64614.0,64575.0,63962.0,1.0194,0.9584,6.4782,-1.5,63002.57,68105.6,0.594,7,none
2026-07-30 14:26:15,2026-07-30 14:25:00,64737.0,64725.0,63962.0,1.2117,1.1929,6.4782,-1.5,63002.57,68105.6,0.597,7,none
2026-07-30 14:31:28,2026-07-30 14:30:00,64769.0,64729.0,63962.0,1.2617,1.1991,6.4782,-1.5,63002.57,68105.6,0.601,7,none
2026-07-30 14:36:16,2026-07-30 14:35:00,64711.0,64711.0,63962.0,1.171,1.171,6.4782,-1.5,63002.57,68105.6,0.604,7,none
2026-07-30 14:41:10,2026-07-30 14:40:00,64789.0,64780.0,63962.0,1.293,1.2789,6.4782,-1.5,63002.57,68105.6,0.608,7,none
2026-07-30 14:46:16,2026-07-30 14:45:00,64741.0,64710.0,63962.0,1.2179,1.1694,6.4782,-1.5,63002.57,68105.6,0.611,7,none
2026-07-30 14:51:11,2026-07-30 14:50:00,64765.0,64751.0,63962.0,1.2554,1.2335,6.4782,-1.5,63002.57,68105.6,0.615,7,none
2026-07-30 14:56:07,2026-07-30 14:55:00,64653.0,64648.0,63962.0,1.0803,1.0725,6.4782,-1.5,63002.57,68105.6,0.618,7,none
2026-07-30 15:01:30,2026-07-30 15:00:00,64604.0,64603.0,63962.0,1.0037,1.0022,6.4782,-1.5,63002.57,68105.6,0.622,7,none
2026-07-30 15:06:24,2026-07-30 15:05:00,64732.0,64685.0,63962.0,1.2038,1.1304,6.4782,-1.5,63002.57,68105.6,0.625,7,none
2026-07-30 15:11:16,2026-07-30 15:10:00,64693.0,64693.0,63962.0,1.1429,1.1429,6.4782,-1.5,63002.57,68105.6,0.629,7,none
2026-07-30 15:16:14,2026-07-30 15:15:00,64692.0,64659.0,63962.0,1.1413,1.0897,6.4782,-1.5,63002.57,68105.6,0.632,7,none
2026-07-30 15:21:15,2026-07-30 15:20:00,64765.0,64740.0,63962.0,1.2554,1.2163,6.4782,-1.5,63002.57,68105.6,0.635,7,none
2026-07-30 15:26:13,2026-07-30 15:25:00,64721.0,64720.0,63962.0,1.1866,1.1851,6.4782,-1.5,63002.57,68105.6,0.639,7,none
2026-07-30 15:31:21,2026-07-30 15:30:00,64636.0,64636.0,63962.0,1.0538,1.0538,6.4782,-1.5,63002.57,68105.6,0.642,7,none
2026-07-30 15:36:02,2026-07-30 15:35:00,64651.0,64644.0,63962.0,1.0772,1.0663,6.4782,-1.5,63002.57,68105.6,0.646,7,none
2026-07-30 15:41:15,2026-07-30 15:40:00,64679.0,64677.0,63962.0,1.121,1.1179,6.4782,-1.5,63002.57,68105.6,0.649,7,none
2026-07-30 15:46:16,2026-07-30 15:45:00,64737.0,64728.0,63962.0,1.2117,1.1976,6.4782,-1.5,63002.57,68105.6,0.653,7,none
2026-07-30 15:51:19,2026-07-30 15:50:00,64705.0,64705.0,63962.0,1.1616,1.1616,6.4782,-1.5,63002.57,68105.6,0.656,7,none
2026-07-30 15:56:18,2026-07-30 15:55:00,64680.0,64679.0,63962.0,1.1225,1.121,6.4782,-1.5,63002.57,68105.6,0.66,7,none
2026-07-30 16:01:28,2026-07-30 16:00:00,64700.0,64690.0,63962.0,1.1538,1.1382,6.4782,-1.5,63002.57,68105.6,0.663,7,none
2026-07-30 16:06:16,2026-07-30 16:05:00,64815.0,64786.0,63962.0,1.3336,1.2883,6.4782,-1.5,63002.57,68105.6,0.667,7,none
2026-07-30 16:11:11,2026-07-30 16:10:00,64805.0,64804.0,63962.0,1.318,1.3164,6.4782,-1.5,63002.57,68105.6,0.67,7,none
2026-07-30 16:16:16,2026-07-30 16:15:00,64883.0,64883.0,63962.0,1.4399,1.4399,6.4782,-1.5,63002.57,68105.6,0.674,7,none
2026-07-30 16:18:19,2026-07-30 16:17:00,64876.0,64849.0,63962.0,1.429,1.3868,6.4782,-1.5,63002.57,68105.6,0.675,7,none
2026-07-30 16:21:18,2026-07-30 16:20:00,64861.0,64854.0,63962.0,1.4055,1.3946,6.4782,-1.5,63002.57,68105.6,0.677,7,none
2026-07-30 16:26:12,2026-07-30 16:25:00,64835.0,64816.0,63962.0,1.3649,1.3352,6.4782,-1.5,63002.57,68105.6,0.681,7,none
2026-07-30 16:31:26,2026-07-30 16:30:00,64825.0,64824.0,63962.0,1.3492,1.3477,6.4782,-1.5,63002.57,68105.6,0.684,7,none
2026-07-30 16:36:14,2026-07-30 16:35:00,64830.0,64830.0,63962.0,1.3571,1.3571,6.4782,-1.5,63002.57,68105.6,0.688,7,none
2026-07-30 16:41:21,2026-07-30 16:40:00,64759.0,64754.0,63962.0,1.2461,1.2382,6.4782,-1.5,63002.57,68105.6,0.691,7,none
2026-07-30 16:46:14,2026-07-30 16:45:00,64759.0,64737.0,63962.0,1.2461,1.2117,6.4782,-1.5,63002.57,68105.6,0.694,7,none
2026-07-30 16:51:15,2026-07-30 16:50:00,64769.0,64768.0,63962.0,1.2617,1.2601,6.4782,-1.5,63002.57,68105.6,0.698,7,none
2026-07-30 16:56:07,2026-07-30 16:55:00,64815.0,64801.0,63962.0,1.3336,1.3117,6.4782,-1.5,63002.57,68105.6,0.701,7,none
2026-07-30 17:01:29,2026-07-30 17:00:00,64795.0,64789.0,63962.0,1.3023,1.293,6.4782,-1.5,63002.57,68105.6,0.705,7,none
2026-07-30 17:06:13,2026-07-30 17:05:00,64808.0,64807.0,63962.0,1.3227,1.3211,6.4782,-1.5,63002.57,68105.6,0.708,7,none
2026-07-30 17:11:11,2026-07-30 17:10:00,64822.0,64800.0,63962.0,1.3445,1.3102,6.4782,-1.5,63002.57,68105.6,0.712,7,none
2026-07-30 17:16:14,2026-07-30 17:15:00,64766.0,64765.0,63962.0,1.257,1.2554,6.4782,-1.5,63002.57,68105.6,0.715,7,none
2026-07-30 17:21:10,2026-07-30 17:20:00,64904.0,64864.0,63962.0,1.4727,1.4102,6.4782,-1.5,63002.57,68105.6,0.719,7,none
2026-07-30 17:26:12,2026-07-30 17:25:00,64887.0,64877.0,63962.0,1.4462,1.4305,6.4782,-1.5,63002.57,68105.6,0.722,7,none
2026-07-30 17:31:22,2026-07-30 17:30:00,64920.0,64919.0,63962.0,1.4978,1.4962,6.4782,-1.5,63002.57,68105.6,0.726,7,none
2026-07-30 17:36:08,2026-07-30 17:35:00,64847.0,64821.0,63962.0,1.3836,1.343,6.4782,-1.5,63002.57,68105.6,0.729,7,none
2026-07-30 17:41:12,2026-07-30 17:40:00,64862.0,64832.0,63962.0,1.4071,1.3602,6.4782,-1.5,63002.57,68105.6,0.733,7,none
2026-07-30 17:46:16,2026-07-30 17:45:00,64919.0,64915.0,63962.0,1.4962,1.4899,6.4782,-1.5,63002.57,68105.6,0.736,7,none
2026-07-30 17:51:13,2026-07-30 17:50:00,64857.0,64856.0,63962.0,1.3993,1.3977,6.4782,-1.5,63002.57,68105.6,0.74,7,none
2026-07-30 17:56:14,2026-07-30 17:55:00,64830.0,64818.0,63962.0,1.3571,1.3383,6.4782,-1.5,63002.57,68105.6,0.743,7,none
2026-07-30 18:01:39,2026-07-30 18:00:00,64839.0,64836.0,63962.0,1.3711,1.3664,6.4782,-1.5,63002.57,68105.6,0.747,7,none
2026-07-30 18:06:19,2026-07-30 18:05:00,64834.0,64833.0,63962.0,1.3633,1.3617,6.4782,-1.5,63002.57,68105.6,0.75,7,none
2026-07-30 18:11:10,2026-07-30 18:10:00,64793.0,64787.0,63962.0,1.2992,1.2898,6.4782,-1.5,63002.57,68105.6,0.753,7,none
2026-07-30 18:16:21,2026-07-30 18:15:00,64751.0,64750.0,63962.0,1.2335,1.232,6.4782,-1.5,63002.57,68105.6,0.757,7,none
2026-07-30 18:21:18,2026-07-30 18:20:00,64741.0,64740.0,63962.0,1.2179,1.2163,6.4782,-1.5,63002.57,68105.6,0.761,7,none
2026-07-30 18:26:05,2026-07-30 18:25:00,64764.0,64756.0,63962.0,1.2539,1.2414,6.4782,-1.5,63002.57,68105.6,0.764,7,none
2026-07-30 18:31:17,2026-07-30 18:30:00,64771.0,64770.0,63962.0,1.2648,1.2633,6.4782,-1.5,63002.57,68105.6,0.767,7,none
2026-07-30 18:36:04,2026-07-30 18:35:00,64736.0,64730.0,63962.0,1.2101,1.2007,6.4782,-1.5,63002.57,68105.6,0.771,7,none
2026-07-30 18:41:11,2026-07-30 18:40:00,64691.0,64673.0,63962.0,1.1397,1.1116,6.4782,-1.5,63002.57,68105.6,0.774,7,none
2026-07-30 18:46:19,2026-07-30 18:45:00,64695.0,64694.0,63962.0,1.146,1.1444,6.4782,-1.5,63002.57,68105.6,0.778,7,none
2026-07-30 18:51:13,2026-07-30 18:50:00,64666.0,64665.0,63962.0,1.1007,1.0991,6.4782,-1.5,63002.57,68105.6,0.781,7,none
2026-07-30 18:56:05,2026-07-30 18:55:00,64656.0,64642.0,63962.0,1.085,1.0631,6.4782,-1.5,63002.57,68105.6,0.785,7,none
2026-07-30 19:01:31,2026-07-30 19:00:00,64669.0,64668.0,63962.0,1.1053,1.1038,6.4782,-1.5,63002.57,68105.6,0.788,7,none
2026-07-30 19:06:12,2026-07-30 19:05:00,64736.0,64735.0,63962.0,1.2101,1.2085,6.4782,-1.5,63002.57,68105.6,0.792,7,none
2026-07-30 19:11:11,2026-07-30 19:10:00,64813.0,64802.0,63962.0,1.3305,1.3133,6.4782,-1.5,63002.57,68105.6,0.795,7,none
2026-07-30 19:16:13,2026-07-30 19:15:00,64782.0,64776.0,63962.0,1.282,1.2726,6.4782,-1.5,63002.57,68105.6,0.799,7,none
2026-07-30 19:21:09,2026-07-30 19:20:00,64812.0,64811.0,63962.0,1.3289,1.3274,6.4782,-1.5,63002.57,68105.6,0.802,7,none
2026-07-30 19:26:20,2026-07-30 19:25:00,64840.0,64816.0,63962.0,1.3727,1.3352,6.4782,-1.5,63002.57,68105.6,0.806,7,none
2026-07-30 19:31:26,2026-07-30 19:30:00,64849.0,64841.0,63962.0,1.3868,1.3743,6.4782,-1.5,63002.57,68105.6,0.809,7,none
2026-07-30 19:36:13,2026-07-30 19:35:00,64848.0,64834.0,63962.0,1.3852,1.3633,6.4782,-1.5,63002.57,68105.6,0.813,7,none
2026-07-30 19:41:12,2026-07-30 19:40:00,64826.0,64824.0,63962.0,1.3508,1.3477,6.4782,-1.5,63002.57,68105.6,0.816,7,none
2026-07-30 19:46:10,2026-07-30 19:45:00,64806.0,64803.0,63962.0,1.3195,1.3148,6.4782,-1.5,63002.57,68105.6,0.819,7,none
2026-07-30 19:51:17,2026-07-30 19:50:00,64809.0,64756.0,63962.0,1.3242,1.2414,6.4782,-1.5,63002.57,68105.6,0.823,7,none
2026-07-30 19:56:08,2026-07-30 19:55:00,64770.0,64769.0,63962.0,1.2633,1.2617,6.4782,-1.5,63002.57,68105.6,0.826,7,none
2026-07-30 20:01:29,2026-07-30 20:00:00,64768.0,64760.0,63962.0,1.2601,1.2476,6.4782,-1.5,63002.57,68105.6,0.83,7,none
2026-07-30 20:06:14,2026-07-30 20:05:00,64873.0,64860.0,63962.0,1.4243,1.404,6.4782,-1.5,63002.57,68105.6,0.833,7,none
2026-07-30 20:11:23,2026-07-30 20:10:00,64785.0,64776.0,63962.0,1.2867,1.2726,6.4782,-1.5,63002.57,68105.6,0.837,7,none
2026-07-30 20:16:16,2026-07-30 20:15:00,64757.0,64752.0,63962.0,1.2429,1.2351,6.4782,-1.5,63002.57,68105.6,0.84,7,none
2026-07-30 20:21:08,2026-07-30 20:20:00,64812.0,64797.0,63962.0,1.3289,1.3055,6.4782,-1.5,63002.57,68105.6,0.844,7,none
2026-07-30 20:26:12,2026-07-30 20:25:00,64813.0,64812.0,63962.0,1.3305,1.3289,6.4782,-1.5,63002.57,68105.6,0.847,7,none
2026-07-30 20:31:18,2026-07-30 20:30:00,64756.0,64739.0,63962.0,1.2414,1.2148,6.4782,-1.5,63002.57,68105.6,0.851,7,none
2026-07-30 20:36:15,2026-07-30 20:35:00,64763.0,64762.0,63962.0,1.2523,1.2507,6.4782,-1.5,63002.57,68105.6,0.854,7,none
2026-07-30 20:41:19,2026-07-30 20:40:00,64807.0,64754.0,63962.0,1.3211,1.2382,6.4782,-1.5,63002.57,68105.6,0.858,7,none
2026-07-30 20:46:17,2026-07-30 20:45:00,64819.0,64819.0,63962.0,1.3399,1.3399,6.4782,-1.5,63002.57,68105.6,0.861,7,none
2026-07-30 20:51:26,2026-07-30 20:50:00,64819.0,64818.0,63962.0,1.3399,1.3383,6.4782,-1.5,63002.57,68105.6,0.865,7,none
2026-07-30 20:56:09,2026-07-30 20:55:00,64797.0,64797.0,63962.0,1.3055,1.3055,6.4782,-1.5,63002.57,68105.6,0.868,7,none
2026-07-30 21:01:21,2026-07-30 21:00:00,64760.0,64743.0,63962.0,1.2476,1.221,6.4782,-1.5,63002.57,68105.6,0.872,7,none
2026-07-30 21:06:06,2026-07-30 21:05:00,64748.0,64747.0,63962.0,1.2289,1.2273,6.4782,-1.5,63002.57,68105.6,0.875,7,none
2026-07-30 21:11:16,2026-07-30 21:10:00,64743.0,64743.0,63962.0,1.221,1.221,6.4782,-1.5,63002.57,68105.6,0.879,7,none
2026-07-30 21:16:13,2026-07-30 21:15:00,64723.0,64723.0,63962.0,1.1898,1.1898,6.4782,-1.5,63002.57,68105.6,0.882,7,none
2026-07-30 21:21:21,2026-07-30 21:20:00,64715.0,64713.0,63962.0,1.1773,1.1741,6.4782,-1.5,63002.57,68105.6,0.886,7,none
2026-07-30 21:26:11,2026-07-30 21:25:00,64720.0,64719.0,63962.0,1.1851,1.1835,6.4782,-1.5,63002.57,68105.6,0.889,7,none
2026-07-30 21:31:29,2026-07-30 21:30:00,64719.0,64718.0,63962.0,1.1835,1.182,6.4782,-1.5,63002.57,68105.6,0.893,7,none
2026-07-30 21:36:18,2026-07-30 21:35:00,64725.0,64725.0,63962.0,1.1929,1.1929,6.4782,-1.5,63002.57,68105.6,0.896,7,none
2026-07-30 21:41:13,2026-07-30 21:40:00,64746.0,64736.0,63962.0,1.2257,1.2101,6.4782,-1.5,63002.57,68105.6,0.899,7,none
2026-07-30 21:46:17,2026-07-30 21:45:00,64722.0,64708.0,63962.0,1.1882,1.1663,6.4782,-1.5,63002.57,68105.6,0.903,7,none
2026-07-30 21:51:14,2026-07-30 21:50:00,64712.0,64711.0,63962.0,1.1726,1.171,6.4782,-1.5,63002.57,68105.6,0.906,7,none
2026-07-30 21:56:05,2026-07-30 21:55:00,64711.0,64705.0,63962.0,1.171,1.1616,6.4782,-1.5,63002.57,68105.6,0.91,7,none
2026-07-30 22:08:58,2026-07-30 22:07:00,64862.0,64828.0,63962.0,1.4071,1.3539,6.4782,-1.5,63002.57,68105.6,0.919,7,none
2026-07-30 22:11:12,2026-07-30 22:10:00,64940.0,64919.0,63962.0,1.529,1.4962,6.4782,-1.5,63002.57,68105.6,0.92,7,none
2026-07-30 22:16:28,2026-07-30 22:15:00,64920.0,64902.0,63962.0,1.4978,1.4696,6.4782,-1.5,63002.57,68105.6,0.924,7,none
2026-07-30 22:21:21,2026-07-30 22:20:00,64874.0,64874.0,63962.0,1.4258,1.4258,6.4782,-1.5,63002.57,68105.6,0.927,7,none
2026-07-30 22:26:22,2026-07-30 22:25:00,64891.0,64878.0,63962.0,1.4524,1.4321,6.4782,-1.5,63002.57,68105.6,0.931,7,none
2026-07-30 22:31:19,2026-07-30 22:30:00,64962.0,64961.0,63962.0,1.5634,1.5619,6.4782,-1.5,63002.57,68105.6,0.934,7,none
2026-07-30 22:36:17,2026-07-30 22:35:00,64904.0,64904.0,63962.0,1.4727,1.4727,6.4782,-1.5,63002.57,68105.6,0.938,7,none
2026-07-30 22:41:18,2026-07-30 22:40:00,64861.0,64849.0,63962.0,1.4055,1.3868,6.4782,-1.5,63002.57,68105.6,0.941,7,none
2026-07-30 22:46:11,2026-07-30 22:45:00,64894.0,64885.0,63962.0,1.4571,1.443,6.4782,-1.5,63002.57,68105.6,0.944,7,none
2026-07-30 22:51:09,2026-07-30 22:50:00,64860.0,64857.0,63962.0,1.404,1.3993,6.4782,-1.5,63002.57,68105.6,0.948,7,none
2026-07-30 22:56:09,2026-07-30 22:55:00,64840.0,64835.0,63962.0,1.3727,1.3649,6.4782,-1.5,63002.57,68105.6,0.951,7,none
2026-07-30 23:01:41,2026-07-30 23:00:00,64812.0,64812.0,63962.0,1.3289,1.3289,6.4782,-1.5,63002.57,68105.6,0.955,7,none
2026-07-30 23:06:06,2026-07-30 23:05:00,64860.0,64841.0,63962.0,1.404,1.3743,6.4782,-1.5,63002.57,68105.6,0.958,7,none
2026-07-30 23:11:16,2026-07-30 23:10:00,64863.0,64863.0,63962.0,1.4086,1.4086,6.4782,-1.5,63002.57,68105.6,0.962,7,none
2026-07-30 23:16:12,2026-07-30 23:15:00,64914.0,64914.0,63962.0,1.4884,1.4884,6.4782,-1.5,63002.57,68105.6,0.965,7,none
2026-07-30 23:21:17,2026-07-30 23:20:00,64886.0,64882.0,63962.0,1.4446,1.4384,6.4782,-1.5,63002.57,68105.6,0.969,7,none
2026-07-30 23:26:09,2026-07-30 23:25:00,64898.0,64897.0,63962.0,1.4634,1.4618,6.4782,-1.5,63002.57,68105.6,0.972,7,none
2026-07-30 23:31:20,2026-07-30 23:30:00,64897.0,64897.0,63962.0,1.4618,1.4618,6.4782,-1.5,63002.57,68105.6,0.976,7,none
2026-07-30 23:36:06,2026-07-30 23:35:00,65053.0,65037.0,63962.0,1.7057,1.6807,6.4782,-1.5,63002.57,68105.6,0.979,7,none
2026-07-30 23:41:17,2026-07-30 23:40:00,64969.0,64969.0,63962.0,1.5744,1.5744,6.4782,-1.5,63002.57,68105.6,0.983,7,none
2026-07-30 23:46:07,2026-07-30 23:45:00,64829.0,64791.0,63962.0,1.3555,1.2961,6.4782,-1.5,63002.57,68105.6,0.986,7,none
2026-07-30 23:51:13,2026-07-30 23:50:00,64725.0,64724.0,63962.0,1.1929,1.1913,6.4782,-1.5,63002.57,68105.6,0.99,7,none
2026-07-30 23:56:13,2026-07-30 23:55:00,64769.0,64759.0,63962.0,1.2617,1.2461,6.4782,-1.5,63002.57,68105.6,0.993,7,none
2026-07-31 00:01:31,2026-07-31 00:00:00,64804.0,64754.0,63962.0,1.3164,1.2382,6.4782,-1.5,63002.57,68105.6,0.997,7,none
2026-07-31 00:06:22,2026-07-31 00:05:00,64855.0,64848.0,63962.0,1.3961,1.3852,6.4782,-1.5,63002.57,68105.6,1.0,7,none
2026-07-31 00:11:08,2026-07-31 00:10:00,64760.0,64732.0,63962.0,1.2476,1.2038,6.4782,-1.5,63002.57,68105.6,1.003,7,none
2026-07-31 00:16:18,2026-07-31 00:15:00,64796.0,64792.0,63962.0,1.3039,1.2976,6.4782,-1.5,63002.57,68105.6,1.007,7,none
2026-07-31 00:21:10,2026-07-31 00:20:00,64756.0,64732.0,63962.0,1.2414,1.2038,6.4782,-1.5,63002.57,68105.6,1.01,7,none
2026-07-31 00:26:19,2026-07-31 00:25:00,64745.0,64743.0,63962.0,1.2242,1.221,6.4782,-1.5,63002.57,68105.6,1.014,7,none
2026-07-31 00:31:28,2026-07-31 00:30:00,64776.0,64751.0,63962.0,1.2726,1.2335,6.4782,-1.5,63002.57,68105.6,1.018,7,none
2026-07-31 00:36:16,2026-07-31 00:35:00,64758.0,64724.0,63962.0,1.2445,1.1913,6.4782,-1.5,63002.57,68105.6,1.021,7,none
2026-07-31 00:41:16,2026-07-31 00:40:00,64750.0,64750.0,63962.0,1.232,1.232,6.4782,-1.5,63002.57,68105.6,1.024,7,none
2026-07-31 00:46:11,2026-07-31 00:45:00,64771.0,64771.0,63962.0,1.2648,1.2648,6.4782,-1.5,63002.57,68105.6,1.028,7,none
2026-07-31 00:51:25,2026-07-31 00:50:00,64733.0,64715.0,63962.0,1.2054,1.1773,6.4782,-1.5,63002.57,68105.6,1.031,7,none
2026-07-31 00:56:06,2026-07-31 00:55:00,64705.0,64680.0,63962.0,1.1616,1.1225,6.4782,-1.5,63002.57,68105.6,1.035,7,none
2026-07-31 01:01:26,2026-07-31 01:00:00,64814.0,64703.0,63962.0,1.332,1.1585,6.4782,-1.5,63002.57,68105.6,1.038,7,none
2026-07-31 01:06:10,2026-07-31 01:05:00,64947.0,64934.0,63962.0,1.54,1.5197,6.4782,-1.5,63002.57,68105.6,1.042,7,none
2026-07-31 01:11:12,2026-07-31 01:10:00,65356.0,65240.0,63962.0,2.1794,1.9981,6.4782,-1.5,63002.57,68105.6,1.045,7,none
2026-07-31 01:16:10,2026-07-31 01:15:00,65109.0,65102.0,63962.0,1.7933,1.7823,6.4782,-1.5,63002.57,68105.6,1.049,7,none
2026-07-31 01:21:21,2026-07-31 01:20:00,65054.0,65000.0,63962.0,1.7073,1.6228,6.4782,-1.5,63002.57,68105.6,1.052,7,none
2026-07-31 01:26:12,2026-07-31 01:25:00,65136.0,65090.0,63962.0,1.8355,1.7635,6.4782,-1.5,63002.57,68105.6,1.056,7,none
2026-07-31 01:31:18,2026-07-31 01:30:00,65120.0,65113.0,63962.0,1.8104,1.7995,6.4782,-1.5,63002.57,68105.6,1.059,7,none
2026-07-31 01:36:12,2026-07-31 01:35:00,64988.0,64987.0,63962.0,1.6041,1.6025,6.4782,-1.5,63002.57,68105.6,1.063,7,none
2026-07-31 01:41:14,2026-07-31 01:40:00,64896.0,64876.0,63962.0,1.4602,1.429,6.4782,-1.5,63002.57,68105.6,1.066,7,none
2026-07-31 01:46:09,2026-07-31 01:45:00,64833.0,64797.0,63962.0,1.3617,1.3055,6.4782,-1.5,63002.57,68105.6,1.069,7,none
2026-07-31 01:51:20,2026-07-31 01:50:00,64549.0,64500.0,63962.0,0.9177,0.8411,6.4782,-1.5,63002.57,68105.6,1.073,7,none
2026-07-31 01:56:10,2026-07-31 01:55:00,64520.0,64469.0,63962.0,0.8724,0.7927,6.4782,-1.5,63002.57,68105.6,1.076,7,none
2026-07-31 02:01:20,2026-07-31 02:00:00,64513.0,64512.0,63962.0,0.8614,0.8599,6.4782,-1.5,63002.57,68105.6,1.08,7,none
2026-07-31 02:06:11,2026-07-31 02:05:00,64537.0,64486.0,63962.0,0.899,0.8192,6.4782,-1.5,63002.57,68105.6,1.083,7,none
2026-07-31 02:11:09,2026-07-31 02:10:00,64523.0,64519.0,63962.0,0.8771,0.8708,6.4782,-1.5,63002.57,68105.6,1.087,7,none
2026-07-31 02:16:21,2026-07-31 02:15:00,64412.0,64404.0,63962.0,0.7035,0.691,6.4782,-1.5,63002.57,68105.6,1.09,7,none
2026-07-31 02:21:15,2026-07-31 02:20:00,64370.0,64369.0,63962.0,0.6379,0.6363,6.4782,-1.5,63002.57,68105.6,1.094,7,none
2026-07-31 02:26:07,2026-07-31 02:25:00,64349.0,64345.0,63962.0,0.605,0.5988,6.4782,-1.5,63002.57,68105.6,1.097,7,none
2026-07-31 02:31:16,2026-07-31 02:30:00,64340.0,64285.0,63962.0,0.591,0.505,6.4782,-1.5,63002.57,68105.6,1.101,7,none
2026-07-31 02:36:13,2026-07-31 02:35:00,64284.0,64284.0,63962.0,0.5034,0.5034,6.4782,-1.5,63002.57,68105.6,1.104,7,none
2026-07-31 02:41:09,2026-07-31 02:40:00,64240.0,64235.0,63962.0,0.4346,0.4268,6.4782,-1.5,63002.57,68105.6,1.108,7,none
2026-07-31 02:46:09,2026-07-31 02:45:00,64200.0,64175.0,63962.0,0.3721,0.333,6.4782,-1.5,63002.57,68105.6,1.111,7,none
2026-07-31 02:51:16,2026-07-31 02:50:00,64268.0,64268.0,63962.0,0.4784,0.4784,6.4782,-1.5,63002.57,68105.6,1.115,7,none
2026-07-31 02:56:09,2026-07-31 02:55:00,64235.0,64206.0,63962.0,0.4268,0.3815,6.4782,-1.5,63002.57,68105.6,1.118,7,none
2026-07-31 03:01:23,2026-07-31 03:00:00,64246.0,64246.0,63962.0,0.444,0.444,6.4782,-1.5,63002.57,68105.6,1.122,7,none
2026-07-31 03:06:05,2026-07-31 03:05:00,64185.0,64175.0,63962.0,0.3486,0.333,6.4782,-1.5,63002.57,68105.6,1.125,7,none
2026-07-31 03:11:14,2026-07-31 03:10:00,64198.0,64198.0,63962.0,0.369,0.369,6.4782,-1.5,63002.57,68105.6,1.129,7,none
2026-07-31 03:16:25,2026-07-31 03:15:00,64223.0,64194.0,63962.0,0.4081,0.3627,6.4782,-1.5,63002.57,68105.6,1.132,7,none
2026-07-31 03:21:11,2026-07-31 03:20:00,64324.0,64313.0,63962.0,0.566,0.5488,6.4782,-1.5,63002.57,68105.6,1.135,7,none
2026-07-31 03:26:08,2026-07-31 03:25:00,64393.0,64377.0,63962.0,0.6738,0.6488,6.4782,-1.5,63002.57,68105.6,1.139,7,none
2026-07-31 03:31:27,2026-07-31 03:30:00,64374.0,64340.0,63962.0,0.6441,0.591,6.4782,-1.5,63002.57,68105.6,1.143,7,none
2026-07-31 03:36:11,2026-07-31 03:35:00,64333.0,64323.0,63962.0,0.58,0.5644,6.4782,-1.5,63002.57,68105.6,1.146,7,none
2026-07-31 03:41:07,2026-07-31 03:40:00,64306.0,64290.0,63962.0,0.5378,0.5128,6.4782,-1.5,63002.57,68105.6,1.149,7,none
2026-07-31 03:46:19,2026-07-31 03:45:00,64371.0,64352.0,63962.0,0.6394,0.6097,6.4782,-1.5,63002.57,68105.6,1.153,7,none
2026-07-31 03:51:09,2026-07-31 03:50:00,64319.0,64318.0,63962.0,0.5581,0.5566,6.4782,-1.5,63002.57,68105.6,1.156,7,none
2026-07-31 03:56:12,2026-07-31 03:55:00,64359.0,64355.0,63962.0,0.6207,0.6144,6.4782,-1.5,63002.57,68105.6,1.16,7,none
2026-07-31 04:01:23,2026-07-31 04:00:00,64363.0,64324.0,63962.0,0.6269,0.566,6.4782,-1.5,63002.57,68105.6,1.163,7,none
2026-07-31 04:06:13,2026-07-31 04:05:00,64395.0,64395.0,63962.0,0.677,0.677,6.4782,-1.5,63002.57,68105.6,1.167,7,none
2026-07-31 04:11:15,2026-07-31 04:10:00,64364.0,64364.0,63962.0,0.6285,0.6285,6.4782,-1.5,63002.57,68105.6,1.17,7,none
2026-07-31 04:16:18,2026-07-31 04:15:00,64333.0,64333.0,63962.0,0.58,0.58,6.4782,-1.5,63002.57,68105.6,1.174,7,none
2026-07-31 04:21:15,2026-07-31 04:20:00,64258.0,64250.0,63962.0,0.4628,0.4503,6.4782,-1.5,63002.57,68105.6,1.177,7,none
2026-07-31 04:26:10,2026-07-31 04:25:00,64232.0,64202.0,63962.0,0.4221,0.3752,6.4782,-1.5,63002.57,68105.6,1.181,7,none
2026-07-31 04:31:23,2026-07-31 04:30:00,64324.0,64309.0,63962.0,0.566,0.5425,6.4782,-1.5,63002.57,68105.6,1.184,7,none
2026-07-31 04:36:17,2026-07-31 04:35:00,64297.0,64297.0,63962.0,0.5237,0.5237,6.4782,-1.5,63002.57,68105.6,1.188,7,none
2026-07-31 04:41:20,2026-07-31 04:40:00,64274.0,64274.0,63962.0,0.4878,0.4878,6.4782,-1.5,63002.57,68105.6,1.191,7,none
2026-07-31 04:46:17,2026-07-31 04:45:00,64299.0,64281.0,63962.0,0.5269,0.4987,6.4782,-1.5,63002.57,68105.6,1.195,7,none
2026-07-31 04:51:13,2026-07-31 04:50:00,64271.0,64270.0,63962.0,0.4831,0.4815,6.4782,-1.5,63002.57,68105.6,1.198,7,none
2026-07-31 04:56:07,2026-07-31 04:55:00,64301.0,64299.0,63962.0,0.53,0.5269,6.4782,-1.5,63002.57,68105.6,1.201,7,none
2026-07-31 05:01:20,2026-07-31 05:00:00,64338.0,64284.0,63962.0,0.5878,0.5034,6.4782,-1.5,63002.57,68105.6,1.205,7,none
2026-07-31 05:06:14,2026-07-31 05:05:00,64387.0,64387.0,63962.0,0.6645,0.6645,6.4782,-1.5,63002.57,68105.6,1.208,7,none
2026-07-31 05:11:14,2026-07-31 05:10:00,64370.0,64360.0,63962.0,0.6379,0.6222,6.4782,-1.5,63002.57,68105.6,1.212,7,none
2026-07-31 05:16:20,2026-07-31 05:15:00,64378.0,64378.0,63962.0,0.6504,0.6504,6.4782,-1.5,63002.57,68105.6,1.215,7,none
2026-07-31 05:21:13,2026-07-31 05:20:00,64402.0,64370.0,63962.0,0.6879,0.6379,6.4782,-1.5,63002.57,68105.6,1.219,7,none
2026-07-31 05:26:10,2026-07-31 05:25:00,64350.0,64350.0,63962.0,0.6066,0.6066,6.4782,-1.5,63002.57,68105.6,1.222,7,none
2026-07-31 05:31:19,2026-07-31 05:30:00,64314.0,64301.0,63962.0,0.5503,0.53,6.4782,-1.5,63002.57,68105.6,1.226,7,none
2026-07-31 05:36:55,2026-07-31 05:35:00,64286.0,64285.0,63962.0,0.5066,0.505,6.4782,-1.5,63002.57,68105.6,1.23,7,none
2026-07-31 05:41:15,2026-07-31 05:40:00,64298.0,64294.0,63962.0,0.5253,0.5191,6.4782,-1.5,63002.57,68105.6,1.233,7,none
2026-07-31 05:46:10,2026-07-31 05:45:00,64249.0,64249.0,63962.0,0.4487,0.4487,6.4782,-1.5,63002.57,68105.6,1.236,7,none
2026-07-31 05:51:07,2026-07-31 05:50:00,64244.0,64244.0,63962.0,0.4409,0.4409,6.4782,-1.5,63002.57,68105.6,1.24,7,none
2026-07-31 05:56:07,2026-07-31 05:55:00,64307.0,64303.0,63962.0,0.5394,0.5331,6.4782,-1.5,63002.57,68105.6,1.243,7,none
2026-07-31 06:01:25,2026-07-31 06:00:00,64310.0,64309.0,63962.0,0.5441,0.5425,6.4782,-1.5,63002.57,68105.6,1.247,7,none
2026-07-31 06:06:10,2026-07-31 06:05:00,64332.0,64319.0,63962.0,0.5785,0.5581,6.4782,-1.5,63002.57,68105.6,1.25,7,none
2026-07-31 06:11:18,2026-07-31 06:10:00,64348.0,64348.0,63962.0,0.6035,0.6035,6.4782,-1.5,63002.57,68105.6,1.254,7,none
2026-07-31 06:16:27,2026-07-31 06:15:00,64354.0,64354.0,63962.0,0.6129,0.6129,6.4782,-1.5,63002.57,68105.6,1.257,7,none
2026-07-31 06:21:23,2026-07-31 06:20:00,64359.0,64350.0,63962.0,0.6207,0.6066,6.4782,-1.5,63002.57,68105.6,1.261,7,none
2026-07-31 06:26:04,2026-07-31 06:25:00,64343.0,64342.0,63962.0,0.5957,0.5941,6.4782,-1.5,63002.57,68105.6,1.264,7,none
2026-07-31 06:31:19,2026-07-31 06:30:00,64408.0,64408.0,63962.0,0.6973,0.6973,6.4782,-1.5,63002.57,68105.6,1.267,7,none
2026-07-31 06:36:04,2026-07-31 06:35:00,64370.0,64370.0,63962.0,0.6379,0.6379,6.4782,-1.5,63002.57,68105.6,1.271,7,none
2026-07-31 06:41:17,2026-07-31 06:40:00,64345.0,64329.0,63962.0,0.5988,0.5738,6.4782,-1.5,63002.57,68105.6,1.274,7,none
2026-07-31 06:46:24,2026-07-31 06:45:00,64200.0,64195.0,63962.0,0.3721,0.3643,6.4782,-1.5,63002.57,68105.6,1.278,7,none
2026-07-31 06:51:16,2026-07-31 06:50:00,64220.0,64218.0,63962.0,0.4034,0.4002,6.4782,-1.5,63002.57,68105.6,1.281,7,none
2026-07-31 06:56:09,2026-07-31 06:55:00,64222.0,64214.0,63962.0,0.4065,0.394,6.4782,-1.5,63002.57,68105.6,1.285,7,none
2026-07-31 07:01:17,2026-07-31 07:00:00,64180.0,64169.0,63962.0,0.3408,0.3236,6.4782,-1.5,63002.57,68105.6,1.288,7,none
2026-07-31 07:06:15,2026-07-31 07:05:00,64073.0,64050.0,63962.0,0.1735,0.1376,6.4782,-1.5,63002.57,68105.6,1.292,7,none
2026-07-31 07:11:18,2026-07-31 07:10:00,64079.0,64078.0,63962.0,0.1829,0.1814,6.4782,-1.5,63002.57,68105.6,1.295,7,none
2026-07-31 07:16:15,2026-07-31 07:15:00,64014.0,64009.0,63962.0,0.0813,0.0735,6.4782,-1.5,63002.57,68105.6,1.299,7,none
2026-07-31 07:21:17,2026-07-31 07:20:00,64025.0,64024.0,63962.0,0.0985,0.0969,6.4782,-1.5,63002.57,68105.6,1.302,7,none
2026-07-31 07:26:12,2026-07-31 07:25:00,63971.0,63955.0,63962.0,0.0141,-0.0109,6.4782,-1.5,63002.57,68105.6,1.306,7,none
2026-07-31 07:31:14,2026-07-31 07:30:00,63944.0,63913.0,63962.0,-0.0281,-0.0766,6.4782,-1.5,63002.57,68105.6,1.309,7,none
2026-07-31 07:36:16,2026-07-31 07:35:00,63960.0,63946.0,63962.0,-0.0031,-0.025,6.4782,-1.5,63002.57,68105.6,1.313,7,none
2026-07-31 07:41:15,2026-07-31 07:40:00,63938.0,63935.0,63962.0,-0.0375,-0.0422,6.4782,-1.5,63002.57,68105.6,1.316,7,none
2026-07-31 07:46:13,2026-07-31 07:45:00,63911.0,63882.0,63962.0,-0.0797,-0.1251,6.4782,-1.5,63002.57,68105.6,1.319,7,none
2026-07-31 07:51:14,2026-07-31 07:50:00,63929.0,63929.0,63962.0,-0.0516,-0.0516,6.4782,-1.5,63002.57,68105.6,1.323,7,none
2026-07-31 07:56:12,2026-07-31 07:55:00,63946.0,63944.0,63962.0,-0.025,-0.0281,6.4782,-1.5,63002.57,68105.6,1.326,7,none
2026-07-31 08:01:18,2026-07-31 08:00:00,63925.0,63852.0,63962.0,-0.0578,-0.172,6.4782,-1.5,63002.57,68105.6,1.33,7,none
2026-07-31 08:06:10,2026-07-31 08:05:00,63900.0,63899.0,63962.0,-0.0969,-0.0985,6.4782,-1.5,63002.57,68105.6,1.333,7,none
2026-07-31 08:10:42,2026-07-31 08:09:00,63833.0,63833.0,63962.0,-0.2017,-0.2017,6.4782,-1.5,63002.57,68105.6,1.336,7,none
2026-07-31 08:16:12,2026-07-31 08:15:00,63883.0,63883.0,63962.0,-0.1235,-0.1235,6.4782,-1.5,63002.57,68105.6,1.34,7,none
2026-07-31 08:21:10,2026-07-31 08:20:00,63867.0,63864.0,63962.0,-0.1485,-0.1532,6.4782,-1.5,63002.57,68105.6,1.344,7,none
2026-07-31 08:26:09,2026-07-31 08:25:00,63889.0,63838.0,63962.0,-0.1141,-0.1939,6.4782,-1.5,63002.57,68105.6,1.347,7,none
2026-07-31 08:31:14,2026-07-31 08:30:00,63908.0,63886.0,63962.0,-0.0844,-0.1188,6.4782,-1.5,63002.57,68105.6,1.351,7,none
2026-07-31 08:36:06,2026-07-31 08:35:00,63904.0,63903.0,63962.0,-0.0907,-0.0922,6.4782,-1.5,63002.57,68105.6,1.354,7,none
2026-07-31 08:41:12,2026-07-31 08:40:00,63801.0,63800.0,63962.0,-0.2517,-0.2533,6.4782,-1.5,63002.57,68105.6,1.358,7,none
2026-07-31 08:46:16,2026-07-31 08:45:00,63853.0,63818.0,63962.0,-0.1704,-0.2251,6.4782,-1.5,63002.57,68105.6,1.361,7,none
2026-07-31 08:51:16,2026-07-31 08:50:00,63851.0,63850.0,63962.0,-0.1735,-0.1751,6.4782,-1.5,63002.57,68105.6,1.365,7,none
2026-07-31 08:56:06,2026-07-31 08:55:00,63809.0,63800.0,63962.0,-0.2392,-0.2533,6.4782,-1.5,63002.57,68105.6,1.368,7,none
2026-07-31 09:01:24,2026-07-31 09:00:00,63812.0,63784.0,63962.0,-0.2345,-0.2783,6.4782,-1.5,63002.57,68105.6,1.372,7,none
2026-07-31 09:06:13,2026-07-31 09:05:00,63790.0,63790.0,63962.0,-0.2689,-0.2689,6.4782,-1.5,63002.57,68105.6,1.375,7,none
2026-07-31 09:11:16,2026-07-31 09:10:00,63795.0,63762.0,63962.0,-0.2611,-0.3127,6.4782,-1.5,63002.57,68105.6,1.379,7,none
2026-07-31 09:16:11,2026-07-31 09:15:00,63749.0,63741.0,63962.0,-0.333,-0.3455,6.4782,-1.5,63002.57,68105.6,1.382,7,none
2026-07-31 09:21:15,2026-07-31 09:20:00,63703.0,63695.0,63962.0,-0.4049,-0.4174,6.4782,-1.5,63002.57,68105.6,1.385,7,none
2026-07-31 09:26:11,2026-07-31 09:25:00,63669.0,63668.0,63962.0,-0.4581,-0.4596,6.4782,-1.5,63002.57,68105.6,1.389,7,none
2026-07-31 09:31:20,2026-07-31 09:30:00,63672.0,63666.0,63962.0,-0.4534,-0.4628,6.4782,-1.5,63002.57,68105.6,1.392,7,none
2026-07-31 09:36:11,2026-07-31 09:35:00,63672.0,63645.0,63962.0,-0.4534,-0.4956,6.4782,-1.5,63002.57,68105.6,1.396,7,none
2026-07-31 09:41:18,2026-07-31 09:40:00,63677.0,63669.0,63962.0,-0.4456,-0.4581,6.4782,-1.5,63002.57,68105.6,1.399,7,none
2026-07-31 09:46:18,2026-07-31 09:45:00,63668.0,63664.0,63962.0,-0.4596,-0.4659,6.4782,-1.5,63002.57,68105.6,1.403,7,none
2026-07-31 09:51:15,2026-07-31 09:50:00,63729.0,63690.0,63962.0,-0.3643,-0.4253,6.4782,-1.5,63002.57,68105.6,1.406,7,none
2026-07-31 09:56:05,2026-07-31 09:55:00,63688.0,63687.0,63962.0,-0.4284,-0.4299,6.4782,-1.5,63002.57,68105.6,1.41,7,none
2026-07-31 10:01:31,2026-07-31 10:00:00,63666.0,63665.0,63962.0,-0.4628,-0.4643,6.4782,-1.5,63002.57,68105.6,1.413,7,none
2026-07-31 10:06:10,2026-07-31 10:05:00,63618.0,63605.0,63962.0,-0.5378,-0.5581,6.4782,-1.5,63002.57,68105.6,1.417,7,none
2026-07-31 10:11:16,2026-07-31 10:10:00,63693.0,63681.0,63962.0,-0.4206,-0.4393,6.4782,-1.5,63002.57,68105.6,1.42,7,none
2026-07-31 10:16:18,2026-07-31 10:15:00,63713.0,63713.0,63962.0,-0.3893,-0.3893,6.4782,-1.5,63002.57,68105.6,1.424,7,none
2026-07-31 10:21:15,2026-07-31 10:20:00,63755.0,63714.0,63962.0,-0.3236,-0.3877,6.4782,-1.5,63002.57,68105.6,1.427,7,none
2026-07-31 10:26:05,2026-07-31 10:25:00,63779.0,63766.0,63962.0,-0.2861,-0.3064,6.4782,-1.5,63002.57,68105.6,1.43,7,none
2026-07-31 10:31:31,2026-07-31 10:30:00,63818.0,63799.0,63962.0,-0.2251,-0.2548,6.4782,-1.5,63002.57,68105.6,1.434,7,none
2026-07-31 10:36:12,2026-07-31 10:35:00,63840.0,63818.0,63962.0,-0.1907,-0.2251,6.4782,-1.5,63002.57,68105.6,1.438,7,none
2026-07-31 10:41:09,2026-07-31 10:40:00,63860.0,63831.0,63962.0,-0.1595,-0.2048,6.4782,-1.5,63002.57,68105.6,1.441,7,none
2026-07-31 10:46:13,2026-07-31 10:45:00,63891.0,63880.0,63962.0,-0.111,-0.1282,6.4782,-1.5,63002.57,68105.6,1.444,7,none
2026-07-31 10:51:17,2026-07-31 10:50:00,63879.0,63849.0,63962.0,-0.1298,-0.1767,6.4782,-1.5,63002.57,68105.6,1.448,7,none
2026-07-31 10:56:06,2026-07-31 10:55:00,63921.0,63920.0,63962.0,-0.0641,-0.0657,6.4782,-1.5,63002.57,68105.6,1.451,7,none
2026-07-31 11:01:39,2026-07-31 11:00:00,63904.0,63893.0,63962.0,-0.0907,-0.1079,6.4782,-1.5,63002.57,68105.6,1.455,7,none
2026-07-31 11:06:11,2026-07-31 11:05:00,63982.0,63977.0,63962.0,0.0313,0.0235,6.4782,-1.5,63002.57,68105.6,1.458,7,none
2026-07-31 11:11:18,2026-07-31 11:10:00,63900.0,63897.0,63962.0,-0.0969,-0.1016,6.4782,-1.5,63002.57,68105.6,1.462,7,none
2026-07-31 11:16:17,2026-07-31 11:15:00,63856.0,63856.0,63962.0,-0.1657,-0.1657,6.4782,-1.5,63002.57,68105.6,1.465,7,none
2026-07-31 11:21:15,2026-07-31 11:20:00,63911.0,63885.0,63962.0,-0.0797,-0.1204,6.4782,-1.5,63002.57,68105.6,1.469,7,none
2026-07-31 11:26:14,2026-07-31 11:25:00,63915.0,63914.0,63962.0,-0.0735,-0.075,6.4782,-1.5,63002.57,68105.6,1.472,7,none
2026-07-31 11:31:15,2026-07-31 11:30:00,63859.0,63858.0,63962.0,-0.161,-0.1626,6.4782,-1.5,63002.57,68105.6,1.476,7,none
2026-07-31 11:36:15,2026-07-31 11:35:00,63852.0,63829.0,63962.0,-0.172,-0.2079,6.4782,-1.5,63002.57,68105.6,1.479,7,none
2026-07-31 11:41:13,2026-07-31 11:40:00,63840.0,63818.0,63962.0,-0.1907,-0.2251,6.4782,-1.5,63002.57,68105.6,1.483,7,none
2026-07-31 11:46:15,2026-07-31 11:45:00,63823.0,63811.0,63962.0,-0.2173,-0.2361,6.4782,-1.5,63002.57,68105.6,1.486,7,none
2026-07-31 11:51:14,2026-07-31 11:50:00,63787.0,63782.0,63962.0,-0.2736,-0.2814,6.4782,-1.5,63002.57,68105.6,1.49,7,none
2026-07-31 11:56:14,2026-07-31 11:55:00,63790.0,63790.0,63962.0,-0.2689,-0.2689,6.4782,-1.5,63002.57,68105.6,1.493,7,none
2026-07-31 12:01:33,2026-07-31 12:00:00,63745.0,63745.0,63962.0,-0.3393,-0.3393,6.4782,-1.5,63002.57,68105.6,1.497,7,none
2026-07-31 12:06:10,2026-07-31 12:05:00,63712.0,63711.0,63962.0,-0.3909,-0.3924,6.4782,-1.5,63002.57,68105.6,1.5,7,none
2026-07-31 12:11:15,2026-07-31 12:10:00,63694.0,63693.0,63962.0,-0.419,-0.4206,6.4782,-1.5,63002.57,68105.6,1.504,7,none
2026-07-31 12:16:16,2026-07-31 12:15:00,63684.0,63684.0,63962.0,-0.4346,-0.4346,6.4782,-1.5,63002.57,68105.6,1.507,7,none
2026-07-31 12:21:11,2026-07-31 12:20:00,63695.0,63673.0,63962.0,-0.4174,-0.4518,6.4782,-1.5,63002.57,68105.6,1.51,7,none
2026-07-31 12:26:04,2026-07-31 12:25:00,63710.0,63697.0,63962.0,-0.394,-0.4143,6.4782,-1.5,63002.57,68105.6,1.514,7,none
2026-07-31 12:31:16,2026-07-31 12:30:00,63716.0,63677.0,63962.0,-0.3846,-0.4456,6.4782,-1.5,63002.57,68105.6,1.517,7,none
2026-07-31 12:36:19,2026-07-31 12:35:00,63661.0,63600.0,63962.0,-0.4706,-0.566,6.4782,-1.5,63002.57,68105.6,1.521,7,none
2026-07-31 12:41:21,2026-07-31 12:40:00,63664.0,63628.0,63962.0,-0.4659,-0.5222,6.4782,-1.5,63002.57,68105.6,1.524,7,none
2026-07-31 12:46:12,2026-07-31 12:45:00,63622.0,63621.0,63962.0,-0.5316,-0.5331,6.4782,-1.5,63002.57,68105.6,1.528,7,none
2026-07-31 12:53:29,2026-07-31 12:52:00,63708.0,63669.0,63962.0,-0.3971,-0.4581,6.4782,-1.5,63002.57,68105.6,1.533,7,none
2026-07-31 12:56:07,2026-07-31 12:55:00,63717.0,63716.0,63962.0,-0.383,-0.3846,6.4782,-1.5,63002.57,68105.6,1.535,7,none
2026-07-31 13:01:27,2026-07-31 13:00:00,63739.0,63728.0,63962.0,-0.3486,-0.3658,6.4782,-1.5,63002.57,68105.6,1.538,7,none
2026-07-31 13:06:08,2026-07-31 13:05:00,63749.0,63729.0,63962.0,-0.333,-0.3643,6.4782,-1.5,63002.57,68105.6,1.542,7,none
2026-07-31 13:11:15,2026-07-31 13:10:00,63729.0,63715.0,63962.0,-0.3643,-0.3862,6.4782,-1.5,63002.57,68105.6,1.545,7,none
2026-07-31 13:16:13,2026-07-31 13:15:00,63767.0,63736.0,63962.0,-0.3049,-0.3533,6.4782,-1.5,63002.57,68105.6,1.549,7,none
2026-07-31 13:21:16,2026-07-31 13:20:00,63730.0,63729.0,63962.0,-0.3627,-0.3643,6.4782,-1.5,63002.57,68105.6,1.552,7,none
2026-07-31 13:26:06,2026-07-31 13:25:00,63804.0,63785.0,63962.0,-0.247,-0.2767,6.4782,-1.5,63002.57,68105.6,1.556,7,none
2026-07-31 13:31:29,2026-07-31 13:30:00,63691.0,63627.0,63962.0,-0.4237,-0.5237,6.4782,-1.5,63002.57,68105.6,1.559,7,none
2026-07-31 13:36:08,2026-07-31 13:35:00,63739.0,63686.0,63962.0,-0.3486,-0.4315,6.4782,-1.5,63002.57,68105.6,1.562,7,none
2026-07-31 13:41:25,2026-07-31 13:40:00,63551.0,63550.0,63962.0,-0.6426,-0.6441,6.4782,-1.5,63002.57,68105.6,1.566,7,none
2026-07-31 13:46:14,2026-07-31 13:45:00,63494.0,63444.0,63962.0,-0.7317,-0.8099,6.4782,-1.5,63002.57,68105.6,1.569,7,none
2026-07-31 13:51:17,2026-07-31 13:50:00,63307.0,63307.0,63962.0,-1.024,-1.024,6.4782,-1.5,63002.57,68105.6,1.573,7,none
2026-07-31 13:56:12,2026-07-31 13:55:00,63267.0,63245.0,63962.0,-1.0866,-1.121,6.4782,-1.5,63002.57,68105.6,1.576,7,none
2026-07-31 14:01:30,2026-07-31 14:00:00,63286.0,63236.0,63962.0,-1.0569,-1.135,6.4782,-1.5,63002.57,68105.6,1.58,7,none
2026-07-31 14:06:09,2026-07-31 14:05:00,62897.0,62896.0,63962.0,-1.6651,-1.6666,6.4782,-1.5,63002.57,68105.6,1.583,7,stop_loss
2026-08-01 00:06:25,2026-08-01 00:05:00,62913.0,62904.0,62856.0,0.0907,0.0764,3.4779,-1.5,61913.16,65042.09,0.0,7,none
2026-08-01 00:11:10,2026-08-01 00:10:00,62925.0,62925.0,62856.0,0.1098,0.1098,3.4779,-1.5,61913.16,65042.09,0.003,7,none
2026-08-01 00:14:12,2026-08-01 00:13:00,62937.0,62934.0,62856.0,0.1289,0.1241,3.4779,-1.5,61913.16,65042.09,0.006,7,none
2026-08-01 00:16:11,2026-08-01 00:15:00,62933.0,62919.0,62856.0,0.1225,0.1002,3.4779,-1.5,61913.16,65042.09,0.007,7,none
2026-08-01 00:21:28,2026-08-01 00:20:00,62926.0,62926.0,62856.0,0.1114,0.1114,3.4779,-1.5,61913.16,65042.09,0.011,7,none
2026-08-01 00:26:17,2026-08-01 00:25:00,62944.0,62932.0,62856.0,0.14,0.1209,3.4779,-1.5,61913.16,65042.09,0.014,7,none
2026-08-01 00:32:45,2026-08-01 00:31:00,62934.0,62934.0,62856.0,0.1241,0.1241,3.4779,-1.5,61913.16,65042.09,0.018,7,none
2026-08-01 00:36:07,2026-08-01 00:35:00,62943.0,62942.0,62856.0,0.1384,0.1368,3.4779,-1.5,61913.16,65042.09,0.021,7,none
2026-08-01 00:43:00,2026-08-01 00:41:00,62958.0,62958.0,62856.0,0.1623,0.1623,3.4779,-1.5,61913.16,65042.09,0.026,7,none
2026-08-01 00:47:42,2026-08-01 00:46:00,62975.0,62971.0,62856.0,0.1893,0.183,3.4779,-1.5,61913.16,65042.09,0.029,7,none
2026-08-01 00:52:21,2026-08-01 00:51:00,62950.0,62950.0,62856.0,0.1495,0.1495,3.4779,-1.5,61913.16,65042.09,0.032,7,none
2026-08-01 00:57:35,2026-08-01 00:56:00,62918.0,62918.0,62856.0,0.0986,0.0986,3.4779,-1.5,61913.16,65042.09,0.036,7,none
2026-08-01 01:03:42,2026-08-01 01:02:00,62926.0,62925.0,62856.0,0.1114,0.1098,3.4779,-1.5,61913.16,65042.09,0.04,7,none
2026-08-01 01:08:31,2026-08-01 01:07:00,62928.0,62927.0,62856.0,0.1145,0.113,3.4779,-1.5,61913.16,65042.09,0.043,7,none
2026-08-01 01:17:54,2026-08-01 01:16:00,62934.0,62933.0,62856.0,0.1241,0.1225,3.4779,-1.5,61913.16,65042.09,0.05,7,none
2026-08-01 01:27:01,2026-08-01 01:26:00,62904.0,62904.0,62856.0,0.0764,0.0764,3.4779,-1.5,61913.16,65042.09,0.056,7,none
2026-08-01 01:31:16,2026-08-01 01:30:00,62904.0,62904.0,62856.0,0.0764,0.0764,3.4779,-1.5,61913.16,65042.09,0.059,7,none
2026-08-01 01:36:11,2026-08-01 01:35:00,62902.0,62899.0,62856.0,0.0732,0.0684,3.4779,-1.5,61913.16,65042.09,0.062,7,none
2026-08-01 01:41:16,2026-08-01 01:40:00,62936.0,62924.0,62856.0,0.1273,0.1082,3.4779,-1.5,61913.16,65042.09,0.066,7,none
2026-08-01 01:48:14,2026-08-01 01:47:00,62945.0,62944.0,62856.0,0.1416,0.14,3.4779,-1.5,61913.16,65042.09,0.071,7,none
2026-08-01 01:51:13,2026-08-01 01:50:00,62924.0,62923.0,62856.0,0.1082,0.1066,3.4779,-1.5,61913.16,65042.09,0.073,7,none
2026-08-01 01:56:13,2026-08-01 01:55:00,62928.0,62927.0,62856.0,0.1145,0.113,3.4779,-1.5,61913.16,65042.09,0.076,7,none
2026-08-01 02:03:23,2026-08-01 02:02:00,62965.0,62964.0,62856.0,0.1734,0.1718,3.4779,-1.5,61913.16,65042.09,0.081,7,none
2026-08-01 02:06:15,2026-08-01 02:05:00,62965.0,62964.0,62856.0,0.1734,0.1718,3.4779,-1.5,61913.16,65042.09,0.083,7,none
2026-08-01 02:11:11,2026-08-01 02:10:00,62961.0,62960.0,62856.0,0.167,0.1655,3.4779,-1.5,61913.16,65042.09,0.087,7,none
2026-08-01 02:16:10,2026-08-01 02:15:00,63018.0,62992.0,62856.0,0.2577,0.2164,3.4779,-1.5,61913.16,65042.09,0.09,7,none
2026-08-01 02:21:14,2026-08-01 02:20:00,63042.0,63016.0,62856.0,0.2959,0.2546,3.4779,-1.5,61913.16,65042.09,0.094,7,none
2026-08-01 02:27:33,2026-08-01 02:26:00,63036.0,63027.0,62856.0,0.2864,0.2721,3.4779,-1.5,61913.16,65042.09,0.098,7,none
2026-08-01 02:31:24,2026-08-01 02:30:00,63037.0,63036.0,62856.0,0.288,0.2864,3.4779,-1.5,61913.16,65042.09,0.101,7,none
2026-08-01 02:37:05,2026-08-01 02:36:00,63075.0,63060.0,62856.0,0.3484,0.3246,3.4779,-1.5,61913.16,65042.09,0.105,7,none
2026-08-01 02:41:19,2026-08-01 02:40:00,63044.0,63043.0,62856.0,0.2991,0.2975,3.4779,-1.5,61913.16,65042.09,0.108,7,none
2026-08-01 02:48:56,2026-08-01 02:47:00,63049.0,63047.0,62856.0,0.3071,0.3039,3.4779,-1.5,61913.16,65042.09,0.113,7,none
2026-08-01 02:51:13,2026-08-01 02:50:00,63041.0,63040.0,62856.0,0.2943,0.2927,3.4779,-1.5,61913.16,65042.09,0.115,7,none
2026-08-01 02:57:56,2026-08-01 02:56:00,63033.0,63032.0,62856.0,0.2816,0.28,3.4779,-1.5,61913.16,65042.09,0.119,7,none
2026-08-01 03:01:29,2026-08-01 03:00:00,63046.0,63042.0,62856.0,0.3023,0.2959,3.4779,-1.5,61913.16,65042.09,0.122,7,none
2026-08-01 03:06:10,2026-08-01 03:05:00,63024.0,63023.0,62856.0,0.2673,0.2657,3.4779,-1.5,61913.16,65042.09,0.125,7,none
2026-08-01 03:15:54,2026-08-01 03:14:00,62962.0,62961.0,62856.0,0.1686,0.167,3.4779,-1.5,61913.16,65042.09,0.132,7,none
2026-08-01 03:21:19,2026-08-01 03:20:00,62993.0,62985.0,62856.0,0.218,0.2052,3.4779,-1.5,61913.16,65042.09,0.136,7,none
2026-08-01 03:26:07,2026-08-01 03:24:00,63030.0,63026.0,62856.0,0.2768,0.2705,3.4779,-1.5,61913.16,65042.09,0.139,7,none
2026-08-01 03:33:38,2026-08-01 03:32:00,63000.0,62999.0,62856.0,0.2291,0.2275,3.4779,-1.5,61913.16,65042.09,0.144,7,none
2026-08-01 03:36:10,2026-08-01 03:35:00,62978.0,62962.0,62856.0,0.1941,0.1686,3.4779,-1.5,61913.16,65042.09,0.146,7,none
2026-08-01 03:41:09,2026-08-01 03:40:00,62972.0,62967.0,62856.0,0.1845,0.1766,3.4779,-1.5,61913.16,65042.09,0.149,7,none
2026-08-01 03:46:08,2026-08-01 03:45:00,62975.0,62974.0,62856.0,0.1893,0.1877,3.4779,-1.5,61913.16,65042.09,0.153,7,none
2026-08-01 03:51:16,2026-08-01 03:50:00,62989.0,62984.0,62856.0,0.2116,0.2036,3.4779,-1.5,61913.16,65042.09,0.156,7,none
2026-08-01 03:57:12,2026-08-01 03:56:00,62976.0,62975.0,62856.0,0.1909,0.1893,3.4779,-1.5,61913.16,65042.09,0.16,7,none
2026-08-01 04:03:18,2026-08-01 04:02:00,62980.0,62975.0,62856.0,0.1973,0.1893,3.4779,-1.5,61913.16,65042.09,0.165,7,none
2026-08-01 04:06:21,2026-08-01 04:05:00,62980.0,62971.0,62856.0,0.1973,0.183,3.4779,-1.5,61913.16,65042.09,0.167,7,none
2026-08-01 04:12:11,2026-08-01 04:11:00,62978.0,62977.0,62856.0,0.1941,0.1925,3.4779,-1.5,61913.16,65042.09,0.171,7,none
2026-08-01 04:18:21,2026-08-01 04:17:00,62994.0,62991.0,62856.0,0.2195,0.2148,3.4779,-1.5,61913.16,65042.09,0.175,7,none
2026-08-01 04:21:13,2026-08-01 04:20:00,63013.0,63006.0,62856.0,0.2498,0.2386,3.4779,-1.5,61913.16,65042.09,0.177,7,none
2026-08-01 04:26:13,2026-08-01 04:25:00,63027.0,63026.0,62856.0,0.2721,0.2705,3.4779,-1.5,61913.16,65042.09,0.181,7,none
2026-08-01 04:31:22,2026-08-01 04:30:00,63021.0,63020.0,62856.0,0.2625,0.2609,3.4779,-1.5,61913.16,65042.09,0.184,7,none
2026-08-01 04:36:13,2026-08-01 04:35:00,63023.0,63022.0,62856.0,0.2657,0.2641,3.4779,-1.5,61913.16,65042.09,0.188,7,none
2026-08-01 04:41:22,2026-08-01 04:40:00,63023.0,63022.0,62856.0,0.2657,0.2641,3.4779,-1.5,61913.16,65042.09,0.191,7,none
2026-08-01 04:47:28,2026-08-01 04:46:00,63047.0,63041.0,62856.0,0.3039,0.2943,3.4779,-1.5,61913.16,65042.09,0.195,7,none
2026-08-01 04:51:20,2026-08-01 04:50:00,63064.0,63063.0,62856.0,0.3309,0.3293,3.4779,-1.5,61913.16,65042.09,0.198,7,none
2026-08-01 04:56:06,2026-08-01 04:55:00,63072.0,63072.0,62856.0,0.3436,0.3436,3.4779,-1.5,61913.16,65042.09,0.201,7,none
2026-08-01 05:03:05,2026-08-01 05:02:00,63040.0,63040.0,62856.0,0.2927,0.2927,3.4779,-1.5,61913.16,65042.09,0.206,7,none
2026-08-01 05:06:08,2026-08-01 05:05:00,63080.0,63079.0,62856.0,0.3564,0.3548,3.4779,-1.5,61913.16,65042.09,0.208,7,none
2026-08-01 05:11:17,2026-08-01 05:10:00,63100.0,63099.0,62856.0,0.3882,0.3866,3.4779,-1.5,61913.16,65042.09,0.212,7,none
2026-08-01 05:17:42,2026-08-01 05:16:00,63081.0,63081.0,62856.0,0.358,0.358,3.4779,-1.5,61913.16,65042.09,0.216,7,none
2026-08-01 05:21:18,2026-08-01 05:20:00,63065.0,63064.0,62856.0,0.3325,0.3309,3.4779,-1.5,61913.16,65042.09,0.219,7,none
2026-08-01 05:26:15,2026-08-01 05:25:00,63069.0,63065.0,62856.0,0.3389,0.3325,3.4779,-1.5,61913.16,65042.09,0.222,7,none
2026-08-01 05:33:23,2026-08-01 05:32:00,63068.0,63067.0,62856.0,0.3373,0.3357,3.4779,-1.5,61913.16,65042.09,0.227,7,none
2026-08-01 05:36:23,2026-08-01 05:35:00,63065.0,63064.0,62856.0,0.3325,0.3309,3.4779,-1.5,61913.16,65042.09,0.229,7,none
2026-08-01 05:41:16,2026-08-01 05:40:00,62998.0,62993.0,62856.0,0.2259,0.218,3.4779,-1.5,61913.16,65042.09,0.233,7,none
2026-08-01 05:46:09,2026-08-01 05:45:00,62985.0,62984.0,62856.0,0.2052,0.2036,3.4779,-1.5,61913.16,65042.09,0.236,7,none
2026-08-01 05:51:22,2026-08-01 05:50:00,62974.0,62967.0,62856.0,0.1877,0.1766,3.4779,-1.5,61913.16,65042.09,0.24,7,none
2026-08-01 05:57:20,2026-08-01 05:56:00,63006.0,63004.0,62856.0,0.2386,0.2355,3.4779,-1.5,61913.16,65042.09,0.244,7,none
2026-08-01 06:01:28,2026-08-01 06:00:00,63018.0,63007.0,62856.0,0.2577,0.2402,3.4779,-1.5,61913.16,65042.09,0.247,7,none
2026-08-01 06:12:25,2026-08-01 06:11:00,62989.0,62979.0,62856.0,0.2116,0.1957,3.4779,-1.5,61913.16,65042.09,0.254,7,none
2026-08-01 06:17:27,2026-08-01 06:16:00,63001.0,62999.0,62856.0,0.2307,0.2275,3.4779,-1.5,61913.16,65042.09,0.258,7,none
2026-08-01 06:21:16,2026-08-01 06:20:00,63032.0,63001.0,62856.0,0.28,0.2307,3.4779,-1.5,61913.16,65042.09,0.26,7,none
2026-08-01 06:26:05,2026-08-01 06:25:00,63039.0,63038.0,62856.0,0.2911,0.2896,3.4779,-1.5,61913.16,65042.09,0.264,7,none
2026-08-01 06:31:18,2026-08-01 06:30:00,63036.0,63035.0,62856.0,0.2864,0.2848,3.4779,-1.5,61913.16,65042.09,0.267,7,none
2026-08-01 06:37:58,2026-08-01 06:36:00,63040.0,63039.0,62856.0,0.2927,0.2911,3.4779,-1.5,61913.16,65042.09,0.272,7,none
2026-08-01 06:43:23,2026-08-01 06:42:00,63040.0,63039.0,62856.0,0.2927,0.2911,3.4779,-1.5,61913.16,65042.09,0.276,7,none
2026-08-01 06:48:05,2026-08-01 06:47:00,63035.0,63034.0,62856.0,0.2848,0.2832,3.4779,-1.5,61913.16,65042.09,0.279,7,none
2026-08-01 06:51:10,2026-08-01 06:50:00,63040.0,63034.0,62856.0,0.2927,0.2832,3.4779,-1.5,61913.16,65042.09,0.281,7,none
2026-08-01 06:56:06,2026-08-01 06:55:00,63039.0,63039.0,62856.0,0.2911,0.2911,3.4779,-1.5,61913.16,65042.09,0.285,7,none
2026-08-01 07:01:21,2026-08-01 07:00:00,63040.0,63039.0,62856.0,0.2927,0.2911,3.4779,-1.5,61913.16,65042.09,0.288,7,none
2026-08-01 07:06:13,2026-08-01 07:05:00,63040.0,63039.0,62856.0,0.2927,0.2911,3.4779,-1.5,61913.16,65042.09,0.292,7,none
2026-08-01 07:11:16,2026-08-01 07:10:00,63068.0,63042.0,62856.0,0.3373,0.2959,3.4779,-1.5,61913.16,65042.09,0.295,7,none
2026-08-01 07:16:15,2026-08-01 07:15:00,63073.0,63072.0,62856.0,0.3452,0.3436,3.4779,-1.5,61913.16,65042.09,0.299,7,none
2026-08-01 07:21:20,2026-08-01 07:20:00,63038.0,63037.0,62856.0,0.2896,0.288,3.4779,-1.5,61913.16,65042.09,0.302,7,none
2026-08-01 07:26:04,2026-08-01 07:25:00,63050.0,63049.0,62856.0,0.3086,0.3071,3.4779,-1.5,61913.16,65042.09,0.305,7,none
2026-08-01 07:31:18,2026-08-01 07:30:00,63038.0,63037.0,62856.0,0.2896,0.288,3.4779,-1.5,61913.16,65042.09,0.309,7,none
2026-08-01 07:36:12,2026-08-01 07:35:00,63011.0,63010.0,62856.0,0.2466,0.245,3.4779,-1.5,61913.16,65042.09,0.312,7,none
2026-08-01 07:41:19,2026-08-01 07:40:00,63011.0,63011.0,62856.0,0.2466,0.2466,3.4779,-1.5,61913.16,65042.09,0.316,7,none
2026-08-01 07:46:16,2026-08-01 07:45:00,63018.0,63017.0,62856.0,0.2577,0.2561,3.4779,-1.5,61913.16,65042.09,0.319,7,none
2026-08-01 07:52:44,2026-08-01 07:51:00,63018.0,63017.0,62856.0,0.2577,0.2561,3.4779,-1.5,61913.16,65042.09,0.324,7,none
2026-08-01 07:56:39,2026-08-01 07:55:00,63017.0,63017.0,62856.0,0.2561,0.2561,3.4779,-1.5,61913.16,65042.09,0.327,7,none
2026-08-01 08:01:24,2026-08-01 08:00:00,63044.0,63017.0,62856.0,0.2991,0.2561,3.4779,-1.5,61913.16,65042.09,0.33,7,none
2026-08-01 08:06:07,2026-08-01 08:05:00,63051.0,63050.0,62856.0,0.3102,0.3086,3.4779,-1.5,61913.16,65042.09,0.333,7,none
2026-08-01 08:11:17,2026-08-01 08:10:00,63058.0,63051.0,62856.0,0.3214,0.3102,3.4779,-1.5,61913.16,65042.09,0.337,7,none
2026-08-01 08:16:16,2026-08-01 08:15:00,63076.0,63075.0,62856.0,0.35,0.3484,3.4779,-1.5,61913.16,65042.09,0.34,7,none
2026-08-01 08:21:07,2026-08-01 08:20:00,63075.0,63075.0,62856.0,0.3484,0.3484,3.4779,-1.5,61913.16,65042.09,0.344,7,none
2026-08-01 08:26:14,2026-08-01 08:25:00,63076.0,63075.0,62856.0,0.35,0.3484,3.4779,-1.5,61913.16,65042.09,0.347,7,none
2026-08-01 08:31:24,2026-08-01 08:30:00,63072.0,63072.0,62856.0,0.3436,0.3436,3.4779,-1.5,61913.16,65042.09,0.351,7,none
2026-08-01 08:36:14,2026-08-01 08:35:00,63080.0,63079.0,62856.0,0.3564,0.3548,3.4779,-1.5,61913.16,65042.09,0.354,7,none
2026-08-01 08:42:40,2026-08-01 08:41:00,63073.0,63073.0,62856.0,0.3452,0.3452,3.4779,-1.5,61913.16,65042.09,0.359,7,none
2026-08-01 08:46:06,2026-08-01 08:44:00,63073.0,63073.0,62856.0,0.3452,0.3452,3.4779,-1.5,61913.16,65042.09,0.361,7,none
2026-08-01 08:51:15,2026-08-01 08:50:00,63080.0,63073.0,62856.0,0.3564,0.3452,3.4779,-1.5,61913.16,65042.09,0.365,7,none
2026-08-01 08:56:07,2026-08-01 08:55:00,63109.0,63108.0,62856.0,0.4025,0.4009,3.4779,-1.5,61913.16,65042.09,0.368,7,none
2026-08-01 08:58:00,2026-08-01 08:56:00,63114.0,63108.0,62856.0,0.4105,0.4009,3.4779,-1.5,61913.16,65042.09,0.369,7,none
2026-08-01 09:01:24,2026-08-01 09:00:00,63107.0,63096.0,62856.0,0.3993,0.3818,3.4779,-1.5,61913.16,65042.09,0.372,7,none
2026-08-01 09:11:18,2026-08-01 09:10:00,63102.0,63096.0,62856.0,0.3914,0.3818,3.4779,-1.5,61913.16,65042.09,0.379,7,none
2026-08-01 09:16:15,2026-08-01 09:15:00,63094.0,63093.0,62856.0,0.3786,0.3771,3.4779,-1.5,61913.16,65042.09,0.382,7,none
2026-08-01 09:21:13,2026-08-01 09:20:00,63077.0,63077.0,62856.0,0.3516,0.3516,3.4779,-1.5,61913.16,65042.09,0.385,7,none
2026-08-01 09:26:19,2026-08-01 09:25:00,63079.0,63078.0,62856.0,0.3548,0.3532,3.4779,-1.5,61913.16,65042.09,0.389,7,none
2026-08-01 09:33:12,2026-08-01 09:32:00,63089.0,63088.0,62856.0,0.3707,0.3691,3.4779,-1.5,61913.16,65042.09,0.394,7,none
2026-08-01 09:36:05,2026-08-01 09:35:00,63082.0,63082.0,62856.0,0.3596,0.3596,3.4779,-1.5,61913.16,65042.09,0.396,7,none
2026-08-01 09:41:18,2026-08-01 09:40:00,63082.0,63082.0,62856.0,0.3596,0.3596,3.4779,-1.5,61913.16,65042.09,0.399,7,none
2026-08-01 09:47:57,2026-08-01 09:46:00,63074.0,63074.0,62856.0,0.3468,0.3468,3.4779,-1.5,61913.16,65042.09,0.404,7,none
2026-08-01 09:53:28,2026-08-01 09:52:00,63040.0,63040.0,62856.0,0.2927,0.2927,3.4779,-1.5,61913.16,65042.09,0.408,7,none
2026-08-01 10:00:14,2026-08-01 09:59:00,63024.0,63023.0,62856.0,0.2673,0.2657,3.4779,-1.5,61913.16,65042.09,0.413,7,none
2026-08-01 10:04:02,2026-08-01 10:03:00,62972.0,62966.0,62856.0,0.1845,0.175,3.4779,-1.5,61913.16,65042.09,0.415,7,none
2026-08-01 10:07:31,2026-08-01 10:06:00,62973.0,62957.0,62856.0,0.1861,0.1607,3.4779,-1.5,61913.16,65042.09,0.418,7,none
2026-08-01 10:11:16,2026-08-01 10:10:00,62962.0,62961.0,62856.0,0.1686,0.167,3.4779,-1.5,61913.16,65042.09,0.42,7,none
2026-08-01 10:16:14,2026-08-01 10:15:00,62979.0,62965.0,62856.0,0.1957,0.1734,3.4779,-1.5,61913.16,65042.09,0.424,7,none
2026-08-01 10:22:24,2026-08-01 10:21:00,63038.0,63038.0,62856.0,0.2896,0.2896,3.4779,-1.5,61913.16,65042.09,0.428,7,none
2026-08-01 10:28:35,2026-08-01 10:27:00,63007.0,63007.0,62856.0,0.2402,0.2402,3.4779,-1.5,61913.16,65042.09,0.432,7,none
2026-08-01 10:31:17,2026-08-01 10:30:00,63025.0,63012.0,62856.0,0.2689,0.2482,3.4779,-1.5,61913.16,65042.09,0.434,7,none
2026-08-01 10:36:05,2026-08-01 10:35:00,63020.0,63020.0,62856.0,0.2609,0.2609,3.4779,-1.5,61913.16,65042.09,0.437,7,none
2026-08-01 10:42:42,2026-08-01 10:41:00,63003.0,63002.0,62856.0,0.2339,0.2323,3.4779,-1.5,61913.16,65042.09,0.442,7,none
2026-08-01 10:48:18,2026-08-01 10:47:00,63011.0,63011.0,62856.0,0.2466,0.2466,3.4779,-1.5,61913.16,65042.09,0.446,7,none
2026-08-01 10:51:17,2026-08-01 10:50:00,63023.0,63023.0,62856.0,0.2657,0.2657,3.4779,-1.5,61913.16,65042.09,0.448,7,none
2026-08-01 10:58:47,2026-08-01 10:57:00,63022.0,63021.0,62856.0,0.2641,0.2625,3.4779,-1.5,61913.16,65042.09,0.453,7,none
2026-08-01 11:01:26,2026-08-01 11:00:00,63021.0,63021.0,62856.0,0.2625,0.2625,3.4779,-1.5,61913.16,65042.09,0.455,7,none
2026-08-01 11:06:51,2026-08-01 11:05:00,63015.0,63014.0,62856.0,0.253,0.2514,3.4779,-1.5,61913.16,65042.09,0.459,7,none
2026-08-01 11:12:40,2026-08-01 11:11:00,63027.0,63018.0,62856.0,0.2721,0.2577,3.4779,-1.5,61913.16,65042.09,0.463,7,none
2026-08-01 11:16:37,2026-08-01 11:15:00,63027.0,63026.0,62856.0,0.2721,0.2705,3.4779,-1.5,61913.16,65042.09,0.466,7,none
2026-08-01 11:26:16,2026-08-01 11:25:00,63053.0,63053.0,62856.0,0.3134,0.3134,3.4779,-1.5,61913.16,65042.09,0.472,7,none
2026-08-01 11:31:17,2026-08-01 11:30:00,63059.0,63053.0,62856.0,0.323,0.3134,3.4779,-1.5,61913.16,65042.09,0.476,7,none
2026-08-01 11:38:41,2026-08-01 11:37:00,63050.0,63049.0,62856.0,0.3086,0.3071,3.4779,-1.5,61913.16,65042.09,0.481,7,none
2026-08-01 11:41:20,2026-08-01 11:40:00,63050.0,63049.0,62856.0,0.3086,0.3071,3.4779,-1.5,61913.16,65042.09,0.483,7,none
2026-08-01 11:48:07,2026-08-01 11:47:00,63045.0,63045.0,62856.0,0.3007,0.3007,3.4779,-1.5,61913.16,65042.09,0.487,7,none
2026-08-01 11:51:16,2026-08-01 11:50:00,63045.0,63045.0,62856.0,0.3007,0.3007,3.4779,-1.5,61913.16,65042.09,0.49,7,none
2026-08-01 11:58:41,2026-08-01 11:57:00,63045.0,63045.0,62856.0,0.3007,0.3007,3.4779,-1.5,61913.16,65042.09,0.495,7,none
2026-08-01 12:01:20,2026-08-01 12:00:00,63069.0,63045.0,62856.0,0.3389,0.3007,3.4779,-1.5,61913.16,65042.09,0.497,7,none
2026-08-01 12:07:15,2026-08-01 12:06:00,63090.0,63082.0,62856.0,0.3723,0.3596,3.4779,-1.5,61913.16,65042.09,0.501,7,none
2026-08-01 12:11:18,2026-08-01 12:10:00,63075.0,63074.0,62856.0,0.3484,0.3468,3.4779,-1.5,61913.16,65042.09,0.504,7,none
2026-08-01 12:17:39,2026-08-01 12:16:00,63071.0,63070.0,62856.0,0.3421,0.3405,3.4779,-1.5,61913.16,65042.09,0.508,7,none
2026-08-01 12:21:15,2026-08-01 12:20:00,63065.0,63064.0,62856.0,0.3325,0.3309,3.4779,-1.5,61913.16,65042.09,0.51,7,none
2026-08-01 12:26:16,2026-08-01 12:25:00,63073.0,63073.0,62856.0,0.3452,0.3452,3.4779,-1.5,61913.16,65042.09,0.514,7,none
2026-08-01 12:33:21,2026-08-01 12:32:00,63071.0,63069.0,62856.0,0.3421,0.3389,3.4779,-1.5,61913.16,65042.09,0.519,7,none
2026-08-01 12:36:14,2026-08-01 12:35:00,63065.0,63065.0,62856.0,0.3325,0.3325,3.4779,-1.5,61913.16,65042.09,0.521,7,none
2026-08-01 12:43:14,2026-08-01 12:42:00,63070.0,63069.0,62856.0,0.3405,0.3389,3.4779,-1.5,61913.16,65042.09,0.526,7,none
2026-08-01 12:47:59,2026-08-01 12:46:00,63068.0,63068.0,62856.0,0.3373,0.3373,3.4779,-1.5,61913.16,65042.09,0.529,7,none
2026-08-01 12:51:13,2026-08-01 12:50:00,63069.0,63069.0,62856.0,0.3389,0.3389,3.4779,-1.5,61913.16,65042.09,0.531,7,none
2026-08-01 12:56:47,2026-08-01 12:55:00,63078.0,63069.0,62856.0,0.3532,0.3389,3.4779,-1.5,61913.16,65042.09,0.535,7,none
2026-08-01 13:03:20,2026-08-01 13:02:00,63069.0,63069.0,62856.0,0.3389,0.3389,3.4779,-1.5,61913.16,65042.09,0.54,7,none
2026-08-01 13:06:11,2026-08-01 13:05:00,63069.0,63069.0,62856.0,0.3389,0.3389,3.4779,-1.5,61913.16,65042.09,0.542,7,none
2026-08-01 13:11:13,2026-08-01 13:10:00,63079.0,63076.0,62856.0,0.3548,0.35,3.4779,-1.5,61913.16,65042.09,0.545,7,none
2026-08-01 13:17:49,2026-08-01 13:16:00,63062.0,63062.0,62856.0,0.3277,0.3277,3.4779,-1.5,61913.16,65042.09,0.55,7,none
2026-08-01 13:21:14,2026-08-01 13:20:00,63065.0,63065.0,62856.0,0.3325,0.3325,3.4779,-1.5,61913.16,65042.09,0.552,7,none
2026-08-01 13:26:09,2026-08-01 13:25:00,63058.0,63057.0,62856.0,0.3214,0.3198,3.4779,-1.5,61913.16,65042.09,0.556,7,none
2026-08-01 13:31:22,2026-08-01 13:30:00,63053.0,63053.0,62856.0,0.3134,0.3134,3.4779,-1.5,61913.16,65042.09,0.559,7,none
2026-08-01 13:36:10,2026-08-01 13:35:00,63054.0,63054.0,62856.0,0.315,0.315,3.4779,-1.5,61913.16,65042.09,0.562,7,none
2026-08-01 13:41:43,2026-08-01 13:40:00,63051.0,63051.0,62856.0,0.3102,0.3102,3.4779,-1.5,61913.16,65042.09,0.566,7,none
2026-08-01 13:46:11,2026-08-01 13:45:00,63046.0,63045.0,62856.0,0.3023,0.3007,3.4779,-1.5,61913.16,65042.09,0.569,7,none
2026-08-01 13:51:19,2026-08-01 13:50:00,63032.0,63025.0,62856.0,0.28,0.2689,3.4779,-1.5,61913.16,65042.09,0.573,7,none
2026-08-01 13:57:41,2026-08-01 13:56:00,63042.0,63041.0,62856.0,0.2959,0.2943,3.4779,-1.5,61913.16,65042.09,0.577,7,none
2026-08-01 14:03:06,2026-08-01 14:02:00,63042.0,63041.0,62856.0,0.2959,0.2943,3.4779,-1.5,61913.16,65042.09,0.581,7,none
2026-08-01 14:06:06,2026-08-01 14:05:00,63059.0,63047.0,62856.0,0.323,0.3039,3.4779,-1.5,61913.16,65042.09,0.583,7,none
2026-08-01 14:12:47,2026-08-01 14:11:00,63051.0,63050.0,62856.0,0.3102,0.3086,3.4779,-1.5,61913.16,65042.09,0.588,7,none
2026-08-01 14:18:51,2026-08-01 14:17:00,63068.0,63050.0,62856.0,0.3373,0.3086,3.4779,-1.5,61913.16,65042.09,0.592,7,none
2026-08-01 14:21:16,2026-08-01 14:20:00,63080.0,63067.0,62856.0,0.3564,0.3357,3.4779,-1.5,61913.16,65042.09,0.594,7,none
2026-08-01 14:26:10,2026-08-01 14:25:00,63080.0,63079.0,62856.0,0.3564,0.3548,3.4779,-1.5,61913.16,65042.09,0.597,7,none
2026-08-01 14:31:13,2026-08-01 14:30:00,63086.0,63079.0,62856.0,0.3659,0.3548,3.4779,-1.5,61913.16,65042.09,0.601,7,none
2026-08-01 14:36:14,2026-08-01 14:35:00,63082.0,63081.0,62856.0,0.3596,0.358,3.4779,-1.5,61913.16,65042.09,0.604,7,none
2026-08-01 14:41:09,2026-08-01 14:40:00,63078.0,63078.0,62856.0,0.3532,0.3532,3.4779,-1.5,61913.16,65042.09,0.608,7,none
2026-08-01 14:47:40,2026-08-01 14:46:00,63076.0,63076.0,62856.0,0.35,0.35,3.4779,-1.5,61913.16,65042.09,0.612,7,none
2026-08-01 14:51:14,2026-08-01 14:50:00,63069.0,63066.0,62856.0,0.3389,0.3341,3.4779,-1.5,61913.16,65042.09,0.615,7,none
2026-08-01 14:56:37,2026-08-01 14:55:00,63067.0,63066.0,62856.0,0.3357,0.3341,3.4779,-1.5,61913.16,65042.09,0.618,7,none
2026-08-01 15:01:28,2026-08-01 15:00:00,63098.0,63097.0,62856.0,0.385,0.3834,3.4779,-1.5,61913.16,65042.09,0.622,7,none
2026-08-01 15:06:05,2026-08-01 15:05:00,63090.0,63089.0,62856.0,0.3723,0.3707,3.4779,-1.5,61913.16,65042.09,0.625,7,none
2026-08-01 15:11:19,2026-08-01 15:10:00,63081.0,63081.0,62856.0,0.358,0.358,3.4779,-1.5,61913.16,65042.09,0.629,7,none
2026-08-01 15:16:17,2026-08-01 15:15:00,63082.0,63081.0,62856.0,0.3596,0.358,3.4779,-1.5,61913.16,65042.09,0.632,7,none
2026-08-01 15:21:14,2026-08-01 15:20:00,63049.0,63049.0,62856.0,0.3071,0.3071,3.4779,-1.5,61913.16,65042.09,0.635,7,none
2026-08-01 15:26:08,2026-08-01 15:25:00,63030.0,63030.0,62856.0,0.2768,0.2768,3.4779,-1.5,61913.16,65042.09,0.639,7,none
2026-08-01 15:32:56,2026-08-01 15:31:00,63030.0,63029.0,62856.0,0.2768,0.2752,3.4779,-1.5,61913.16,65042.09,0.644,7,none
2026-08-01 15:36:06,2026-08-01 15:35:00,63023.0,63023.0,62856.0,0.2657,0.2657,3.4779,-1.5,61913.16,65042.09,0.646,7,none
2026-08-01 15:41:15,2026-08-01 15:40:00,63038.0,63022.0,62856.0,0.2896,0.2641,3.4779,-1.5,61913.16,65042.09,0.649,7,none
2026-08-01 15:47:17,2026-08-01 15:46:00,63015.0,63014.0,62856.0,0.253,0.2514,3.4779,-1.5,61913.16,65042.09,0.654,7,none
2026-08-01 15:51:17,2026-08-01 15:50:00,63000.0,63000.0,62856.0,0.2291,0.2291,3.4779,-1.5,61913.16,65042.09,0.656,7,none
2026-08-01 15:56:10,2026-08-01 15:55:00,63001.0,63001.0,62856.0,0.2307,0.2307,3.4779,-1.5,61913.16,65042.09,0.66,7,none
2026-08-01 16:01:24,2026-08-01 16:00:00,62982.0,62982.0,62856.0,0.2005,0.2005,3.4779,-1.5,61913.16,65042.09,0.663,7,none
2026-08-01 16:06:04,2026-08-01 16:05:00,62962.0,62961.0,62856.0,0.1686,0.167,3.4779,-1.5,61913.16,65042.09,0.667,7,none
2026-08-01 16:11:18,2026-08-01 16:10:00,62935.0,62932.0,62856.0,0.1257,0.1209,3.4779,-1.5,61913.16,65042.09,0.67,7,none
2026-08-01 16:17:20,2026-08-01 16:16:00,62935.0,62931.0,62856.0,0.1257,0.1193,3.4779,-1.5,61913.16,65042.09,0.674,7,none
2026-08-01 16:21:21,2026-08-01 16:20:00,62898.0,62898.0,62856.0,0.0668,0.0668,3.4779,-1.5,61913.16,65042.09,0.677,7,none
2026-08-01 16:26:10,2026-08-01 16:25:00,62920.0,62910.0,62856.0,0.1018,0.0859,3.4779,-1.5,61913.16,65042.09,0.681,7,none
2026-08-01 16:29:57,2026-08-01 16:28:00,62923.0,62923.0,62856.0,0.1066,0.1066,3.4779,-1.5,61913.16,65042.09,0.683,7,none
2026-08-01 16:32:27,2026-08-01 16:31:00,62941.0,62928.0,62856.0,0.1352,0.1145,3.4779,-1.5,61913.16,65042.09,0.685,7,none
2026-08-01 16:36:10,2026-08-01 16:35:00,62940.0,62938.0,62856.0,0.1336,0.1305,3.4779,-1.5,61913.16,65042.09,0.687,7,none
2026-08-01 16:41:06,2026-08-01 16:40:00,62954.0,62954.0,62856.0,0.1559,0.1559,3.4779,-1.5,61913.16,65042.09,0.691,7,none
2026-08-01 16:47:22,2026-08-01 16:46:00,62932.0,62932.0,62856.0,0.1209,0.1209,3.4779,-1.5,61913.16,65042.09,0.695,7,none
2026-08-01 16:51:23,2026-08-01 16:50:00,62927.0,62927.0,62856.0,0.113,0.113,3.4779,-1.5,61913.16,65042.09,0.698,7,none
2026-08-01 16:57:20,2026-08-01 16:56:00,62882.0,62846.0,62856.0,0.0414,-0.0159,3.4779,-1.5,61913.16,65042.09,0.702,7,none
2026-08-01 17:03:32,2026-08-01 17:02:00,62921.0,62894.0,62856.0,0.1034,0.0605,3.4779,-1.5,61913.16,65042.09,0.706,7,none
2026-08-01 17:06:06,2026-08-01 17:05:00,62948.0,62946.0,62856.0,0.1464,0.1432,3.4779,-1.5,61913.16,65042.09,0.708,7,none
2026-08-01 17:11:16,2026-08-01 17:10:00,62922.0,62921.0,62856.0,0.105,0.1034,3.4779,-1.5,61913.16,65042.09,0.712,7,none
2026-08-01 17:17:54,2026-08-01 17:16:00,62829.0,62822.0,62856.0,-0.043,-0.0541,3.4779,-1.5,61913.16,65042.09,0.716,7,none
2026-08-01 17:21:12,2026-08-01 17:20:00,62849.0,62849.0,62856.0,-0.0111,-0.0111,3.4779,-1.5,61913.16,65042.09,0.719,7,none
2026-08-01 17:28:06,2026-08-01 17:27:00,62781.0,62781.0,62856.0,-0.1193,-0.1193,3.4779,-1.5,61913.16,65042.09,0.724,7,none
2026-08-01 17:33:37,2026-08-01 17:32:00,62773.0,62763.0,62856.0,-0.132,-0.148,3.4779,-1.5,61913.16,65042.09,0.727,7,none
2026-08-01 17:36:13,2026-08-01 17:35:00,62781.0,62725.0,62856.0,-0.1193,-0.2084,3.4779,-1.5,61913.16,65042.09,0.729,7,none
2026-08-01 17:43:37,2026-08-01 17:42:00,62791.0,62781.0,62856.0,-0.1034,-0.1193,3.4779,-1.5,61913.16,65042.09,0.734,7,none
2026-08-01 17:48:55,2026-08-01 17:47:00,62747.0,62738.0,62856.0,-0.1734,-0.1877,3.4779,-1.5,61913.16,65042.09,0.738,7,none
2026-08-01 17:51:08,2026-08-01 17:50:00,62647.0,62633.0,62856.0,-0.3325,-0.3548,3.4779,-1.5,61913.16,65042.09,0.74,7,none
2026-08-01 17:59:07,2026-08-01 17:58:00,62672.0,62671.0,62856.0,-0.2927,-0.2943,3.4779,-1.5,61913.16,65042.09,0.745,7,none
2026-08-01 18:03:23,2026-08-01 18:02:00,62622.0,62611.0,62856.0,-0.3723,-0.3898,3.4779,-1.5,61913.16,65042.09,0.748,7,none
2026-08-01 18:06:08,2026-08-01 18:05:00,62676.0,62654.0,62856.0,-0.2864,-0.3214,3.4779,-1.5,61913.16,65042.09,0.75,7,none
2026-08-01 18:11:17,2026-08-01 18:10:00,62700.0,62693.0,62856.0,-0.2482,-0.2593,3.4779,-1.5,61913.16,65042.09,0.754,7,none
2026-08-01 18:16:14,2026-08-01 18:15:00,62629.0,62619.0,62856.0,-0.3611,-0.3771,3.4779,-1.5,61913.16,65042.09,0.757,7,none
2026-08-01 18:21:13,2026-08-01 18:20:00,62505.0,62505.0,62856.0,-0.5584,-0.5584,3.4779,-1.5,61913.16,65042.09,0.76,7,none
2026-08-01 18:26:20,2026-08-01 18:25:00,62529.0,62480.0,62856.0,-0.5202,-0.5982,3.4779,-1.5,61913.16,65042.09,0.764,7,none
2026-08-01 18:33:18,2026-08-01 18:32:00,62355.0,62252.0,62856.0,-0.7971,-0.9609,3.4779,-1.5,61913.16,65042.09,0.769,7,none
2026-08-01 18:36:15,2026-08-01 18:35:00,62406.0,62374.0,62856.0,-0.7159,-0.7668,3.4779,-1.5,61913.16,65042.09,0.771,7,none
2026-08-01 18:41:16,2026-08-01 18:40:00,62418.0,62406.0,62856.0,-0.6968,-0.7159,3.4779,-1.5,61913.16,65042.09,0.774,7,none
2026-08-01 18:47:56,2026-08-01 18:46:00,62320.0,62264.0,62856.0,-0.8527,-0.9418,3.4779,-1.5,61913.16,65042.09,0.779,7,none
2026-08-01 18:51:17,2026-08-01 18:50:00,62358.0,62326.0,62856.0,-0.7923,-0.8432,3.4779,-1.5,61913.16,65042.09,0.781,7,none
2026-08-01 18:57:06,2026-08-01 18:56:00,62485.0,62467.0,62856.0,-0.5902,-0.6189,3.4779,-1.5,61913.16,65042.09,0.785,7,none
2026-08-01 19:01:23,2026-08-01 19:00:00,62549.0,62533.0,62856.0,-0.4884,-0.5139,3.4779,-1.5,61913.16,65042.09,0.788,7,none
2026-08-01 19:06:11,2026-08-01 19:05:00,62591.0,62577.0,62856.0,-0.4216,-0.4439,3.4779,-1.5,61913.16,65042.09,0.792,7,none
2026-08-01 19:11:16,2026-08-01 19:10:00,62560.0,62552.0,62856.0,-0.4709,-0.4836,3.4779,-1.5,61913.16,65042.09,0.795,7,none
2026-08-01 19:17:31,2026-08-01 19:16:00,62513.0,62512.0,62856.0,-0.5457,-0.5473,3.4779,-1.5,61913.16,65042.09,0.8,7,none
2026-08-01 19:21:12,2026-08-01 19:20:00,62535.0,62534.0,62856.0,-0.5107,-0.5123,3.4779,-1.5,61913.16,65042.09,0.802,7,none
2026-08-01 19:26:01,2026-08-01 19:25:00,62491.0,62490.0,62856.0,-0.5807,-0.5823,3.4779,-1.5,61913.16,65042.09,0.805,7,none
2026-08-01 19:31:25,2026-08-01 19:30:00,62561.0,62516.0,62856.0,-0.4693,-0.5409,3.4779,-1.5,61913.16,65042.09,0.809,7,none
2026-08-01 19:38:05,2026-08-01 19:37:00,62444.0,62444.0,62856.0,-0.6555,-0.6555,3.4779,-1.5,61913.16,65042.09,0.814,7,none
2026-08-01 19:41:08,2026-08-01 19:40:00,62442.0,62439.0,62856.0,-0.6586,-0.6634,3.4779,-1.5,61913.16,65042.09,0.816,7,none
2026-08-01 19:47:46,2026-08-01 19:46:00,62473.0,62461.0,62856.0,-0.6093,-0.6284,3.4779,-1.5,61913.16,65042.09,0.821,7,none
2026-08-01 19:51:12,2026-08-01 19:50:00,62512.0,62490.0,62856.0,-0.5473,-0.5823,3.4779,-1.5,61913.16,65042.09,0.823,7,none
2026-08-01 19:56:15,2026-08-01 19:55:00,62478.0,62476.0,62856.0,-0.6014,-0.6046,3.4779,-1.5,61913.16,65042.09,0.826,7,none
2026-08-01 20:02:45,2026-08-01 20:01:00,62458.0,62456.0,62856.0,-0.6332,-0.6364,3.4779,-1.5,61913.16,65042.09,0.831,7,none
2026-08-01 20:06:07,2026-08-01 20:05:00,62519.0,62500.0,62856.0,-0.5361,-0.5664,3.4779,-1.5,61913.16,65042.09,0.833,7,none
2026-08-01 20:11:06,2026-08-01 20:10:00,62525.0,62494.0,62856.0,-0.5266,-0.5759,3.4779,-1.5,61913.16,65042.09,0.837,7,none
2026-08-01 20:16:19,2026-08-01 20:15:00,62527.0,62524.0,62856.0,-0.5234,-0.5282,3.4779,-1.5,61913.16,65042.09,0.84,7,none
2026-08-01 20:21:15,2026-08-01 20:20:00,62568.0,62550.0,62856.0,-0.4582,-0.4868,3.4779,-1.5,61913.16,65042.09,0.844,7,none
2026-08-01 20:26:08,2026-08-01 20:25:00,62580.0,62580.0,62856.0,-0.4391,-0.4391,3.4779,-1.5,61913.16,65042.09,0.847,7,none
2026-08-01 20:32:46,2026-08-01 20:31:00,62559.0,62559.0,62856.0,-0.4725,-0.4725,3.4779,-1.5,61913.16,65042.09,0.852,7,none
2026-08-01 20:36:06,2026-08-01 20:35:00,62583.0,62567.0,62856.0,-0.4343,-0.4598,3.4779,-1.5,61913.16,65042.09,0.854,7,none
2026-08-01 20:42:34,2026-08-01 20:41:00,62544.0,62538.0,62856.0,-0.4964,-0.5059,3.4779,-1.5,61913.16,65042.09,0.859,7,none
2026-08-01 20:47:37,2026-08-01 20:46:00,62560.0,62559.0,62856.0,-0.4709,-0.4725,3.4779,-1.5,61913.16,65042.09,0.862,7,none
2026-08-01 20:54:02,2026-08-01 20:53:00,62607.0,62602.0,62856.0,-0.3961,-0.4041,3.4779,-1.5,61913.16,65042.09,0.867,7,none
2026-08-01 20:57:33,2026-08-01 20:56:00,62645.0,62627.0,62856.0,-0.3357,-0.3643,3.4779,-1.5,61913.16,65042.09,0.869,7,none
2026-08-01 21:03:14,2026-08-01 21:02:00,62726.0,62726.0,62856.0,-0.2068,-0.2068,3.4779,-1.5,61913.16,65042.09,0.873,7,none
2026-08-01 21:06:14,2026-08-01 21:05:00,62730.0,62728.0,62856.0,-0.2005,-0.2036,3.4779,-1.5,61913.16,65042.09,0.875,7,none
2026-08-01 21:11:11,2026-08-01 21:10:00,62733.0,62731.0,62856.0,-0.1957,-0.1989,3.4779,-1.5,61913.16,65042.09,0.878,7,none
2026-08-01 21:17:20,2026-08-01 21:16:00,62733.0,62731.0,62856.0,-0.1957,-0.1989,3.4779,-1.5,61913.16,65042.09,0.883,7,none
2026-08-01 21:21:09,2026-08-01 21:20:00,62738.0,62738.0,62856.0,-0.1877,-0.1877,3.4779,-1.5,61913.16,65042.09,0.885,7,none
2026-08-01 21:27:24,2026-08-01 21:26:00,62731.0,62730.0,62856.0,-0.1989,-0.2005,3.4779,-1.5,61913.16,65042.09,0.89,7,none
2026-08-01 21:33:25,2026-08-01 21:32:00,62770.0,62770.0,62856.0,-0.1368,-0.1368,3.4779,-1.5,61913.16,65042.09,0.894,7,none
2026-08-01 21:36:10,2026-08-01 21:35:00,62800.0,62799.0,62856.0,-0.0891,-0.0907,3.4779,-1.5,61913.16,65042.09,0.896,7,none
2026-08-01 21:44:31,2026-08-01 21:43:00,62757.0,62749.0,62856.0,-0.1575,-0.1702,3.4779,-1.5,61913.16,65042.09,0.902,7,none
2026-08-01 21:47:37,2026-08-01 21:46:00,62789.0,62769.0,62856.0,-0.1066,-0.1384,3.4779,-1.5,61913.16,65042.09,0.904,7,none
2026-08-01 21:54:25,2026-08-01 21:53:00,62779.0,62774.0,62856.0,-0.1225,-0.1305,3.4779,-1.5,61913.16,65042.09,0.908,7,none
2026-08-01 22:00:22,2026-08-01 21:59:00,62792.0,62786.0,62856.0,-0.1018,-0.1114,3.4779,-1.5,61913.16,65042.09,0.913,7,none
2026-08-01 22:04:24,2026-08-01 22:03:00,62769.0,62769.0,62856.0,-0.1384,-0.1384,3.4779,-1.5,61913.16,65042.09,0.915,7,none
2026-08-01 22:06:41,2026-08-01 22:05:00,62801.0,62799.0,62856.0,-0.0875,-0.0907,3.4779,-1.5,61913.16,65042.09,0.917,7,none
2026-08-01 22:11:15,2026-08-01 22:10:00,62837.0,62820.0,62856.0,-0.0302,-0.0573,3.4779,-1.5,61913.16,65042.09,0.92,7,none
2026-08-01 22:18:26,2026-08-01 22:17:00,62818.0,62818.0,62856.0,-0.0605,-0.0605,3.4779,-1.5,61913.16,65042.09,0.925,7,none
2026-08-01 22:21:09,2026-08-01 22:20:00,62819.0,62818.0,62856.0,-0.0589,-0.0605,3.4779,-1.5,61913.16,65042.09,0.927,7,none
2026-08-01 22:28:53,2026-08-01 22:27:00,62824.0,62810.0,62856.0,-0.0509,-0.0732,3.4779,-1.5,61913.16,65042.09,0.932,7,none
2026-08-01 22:33:57,2026-08-01 22:32:00,62827.0,62827.0,62856.0,-0.0461,-0.0461,3.4779,-1.5,61913.16,65042.09,0.936,7,none
2026-08-01 22:36:24,2026-08-01 22:35:00,62818.0,62817.0,62856.0,-0.0605,-0.062,3.4779,-1.5,61913.16,65042.09,0.938,7,none
2026-08-01 22:47:31,2026-08-01 22:46:00,62819.0,62819.0,62856.0,-0.0589,-0.0589,3.4779,-1.5,61913.16,65042.09,0.945,7,none
2026-08-01 22:56:02,2026-08-01 22:55:00,62813.0,62813.0,62856.0,-0.0684,-0.0684,3.4779,-1.5,61913.16,65042.09,0.951,7,none
2026-08-01 23:04:11,2026-08-01 23:03:00,62825.0,62825.0,62856.0,-0.0493,-0.0493,3.4779,-1.5,61913.16,65042.09,0.957,7,none
2026-08-01 23:06:13,2026-08-01 23:05:00,62818.0,62817.0,62856.0,-0.0605,-0.062,3.4779,-1.5,61913.16,65042.09,0.958,7,none
2026-08-01 23:17:33,2026-08-01 23:16:00,62760.0,62759.0,62856.0,-0.1527,-0.1543,3.4779,-1.5,61913.16,65042.09,0.966,7,none
2026-08-01 23:21:14,2026-08-01 23:20:00,62739.0,62739.0,62856.0,-0.1861,-0.1861,3.4779,-1.5,61913.16,65042.09,0.969,7,none
2026-08-01 23:28:20,2026-08-01 23:27:00,62749.0,62749.0,62856.0,-0.1702,-0.1702,3.4779,-1.5,61913.16,65042.09,0.974,7,none
2026-08-01 23:33:20,2026-08-01 23:32:00,62752.0,62751.0,62856.0,-0.1655,-0.167,3.4779,-1.5,61913.16,65042.09,0.977,7,none
2026-08-01 23:36:12,2026-08-01 23:35:00,62763.0,62748.0,62856.0,-0.148,-0.1718,3.4779,-1.5,61913.16,65042.09,0.979,7,none
2026-08-01 23:42:48,2026-08-01 23:41:00,62781.0,62780.0,62856.0,-0.1193,-0.1209,3.4779,-1.5,61913.16,65042.09,0.984,7,none
2026-08-01 23:47:28,2026-08-01 23:46:00,62798.0,62797.0,62856.0,-0.0923,-0.0939,3.4779,-1.5,61913.16,65042.09,0.987,7,none
2026-08-01 23:51:20,2026-08-01 23:50:00,62795.0,62794.0,62856.0,-0.097,-0.0986,3.4779,-1.5,61913.16,65042.09,0.99,7,none
2026-08-01 23:58:22,2026-08-01 23:57:00,62790.0,62789.0,62856.0,-0.105,-0.1066,3.4779,-1.5,61913.16,65042.09,0.995,7,none
2026-08-02 00:03:30,2026-08-02 00:02:00,62834.0,62834.0,62856.0,-0.035,-0.035,3.4779,-1.5,61913.16,65042.09,0.998,7,none
2026-08-02 00:06:30,2026-08-02 00:05:00,62880.0,62872.0,62856.0,0.0382,0.0255,3.4779,-1.5,61913.16,65042.09,1.0,7,none
2026-08-02 00:13:23,2026-08-02 00:12:00,62944.0,62910.0,62856.0,0.14,0.0859,3.4779,-1.5,61913.16,65042.09,1.005,7,none
2026-08-02 00:18:05,2026-08-02 00:17:00,62896.0,62896.0,62856.0,0.0636,0.0636,3.4779,-1.5,61913.16,65042.09,1.008,7,none
2026-08-02 00:21:11,2026-08-02 00:20:00,62890.0,62890.0,62856.0,0.0541,0.0541,3.4779,-1.5,61913.16,65042.09,1.01,7,none
2026-08-02 00:26:13,2026-08-02 00:25:00,62887.0,62886.0,62856.0,0.0493,0.0477,3.4779,-1.5,61913.16,65042.09,1.014,7,none
2026-08-02 00:32:52,2026-08-02 00:31:00,62863.0,62862.0,62856.0,0.0111,0.0095,3.4779,-1.5,61913.16,65042.09,1.019,7,none
2026-08-02 00:36:07,2026-08-02 00:35:00,62833.0,62832.0,62856.0,-0.0366,-0.0382,3.4779,-1.5,61913.16,65042.09,1.021,7,none
2026-08-02 00:44:25,2026-08-02 00:43:00,62837.0,62830.0,62856.0,-0.0302,-0.0414,3.4779,-1.5,61913.16,65042.09,1.027,7,none
2026-08-02 00:48:35,2026-08-02 00:47:00,62838.0,62835.0,62856.0,-0.0286,-0.0334,3.4779,-1.5,61913.16,65042.09,1.029,7,none
2026-08-02 00:52:14,2026-08-02 00:51:00,62818.0,62818.0,62856.0,-0.0605,-0.0605,3.4779,-1.5,61913.16,65042.09,1.032,7,none
2026-08-02 00:57:37,2026-08-02 00:56:00,62810.0,62786.0,62856.0,-0.0732,-0.1114,3.4779,-1.5,61913.16,65042.09,1.036,7,none
2026-08-02 01:03:43,2026-08-02 01:02:00,62838.0,62824.0,62856.0,-0.0286,-0.0509,3.4779,-1.5,61913.16,65042.09,1.04,7,none
2026-08-02 01:06:08,2026-08-02 01:05:00,62861.0,62845.0,62856.0,0.008,-0.0175,3.4779,-1.5,61913.16,65042.09,1.042,7,none
2026-08-02 01:11:11,2026-08-02 01:10:00,62915.0,62897.0,62856.0,0.0939,0.0652,3.4779,-1.5,61913.16,65042.09,1.045,7,none
2026-08-02 01:18:21,2026-08-02 01:17:00,62996.0,62995.0,62856.0,0.2227,0.2211,3.4779,-1.5,61913.16,65042.09,1.05,7,none
2026-08-02 01:24:30,2026-08-02 01:23:00,62948.0,62947.0,62856.0,0.1464,0.1448,3.4779,-1.5,61913.16,65042.09,1.054,7,none
2026-08-02 01:26:17,2026-08-02 01:25:00,62957.0,62948.0,62856.0,0.1607,0.1464,3.4779,-1.5,61913.16,65042.09,1.056,7,none
2026-08-02 01:31:15,2026-08-02 01:30:00,62965.0,62964.0,62856.0,0.1734,0.1718,3.4779,-1.5,61913.16,65042.09,1.059,7,none
2026-08-02 01:36:03,2026-08-02 01:35:00,63003.0,62983.0,62856.0,0.2339,0.202,3.4779,-1.5,61913.16,65042.09,1.062,7,none
2026-08-02 01:41:11,2026-08-02 01:40:00,62994.0,62994.0,62856.0,0.2195,0.2195,3.4779,-1.5,61913.16,65042.09,1.066,7,none
2026-08-02 01:47:29,2026-08-02 01:46:00,62983.0,62983.0,62856.0,0.202,0.202,3.4779,-1.5,61913.16,65042.09,1.07,7,none
2026-08-02 01:51:19,2026-08-02 01:50:00,62968.0,62967.0,62856.0,0.1782,0.1766,3.4779,-1.5,61913.16,65042.09,1.073,7,none
2026-08-02 01:56:31,2026-08-02 01:55:00,62968.0,62966.0,62856.0,0.1782,0.175,3.4779,-1.5,61913.16,65042.09,1.077,7,none
2026-08-02 02:01:25,2026-08-02 02:00:00,62965.0,62965.0,62856.0,0.1734,0.1734,3.4779,-1.5,61913.16,65042.09,1.08,7,none
2026-08-02 02:06:05,2026-08-02 02:05:00,62960.0,62943.0,62856.0,0.1655,0.1384,3.4779,-1.5,61913.16,65042.09,1.083,7,none
2026-08-02 02:11:13,2026-08-02 02:10:00,63371.0,63353.0,62856.0,0.8193,0.7907,3.4779,-1.5,61913.16,65042.09,1.087,7,none
2026-08-02 02:16:13,2026-08-02 02:15:00,63414.0,63414.0,62856.0,0.8877,0.8877,3.4779,-1.5,61913.16,65042.09,1.09,7,none
2026-08-02 02:21:11,2026-08-02 02:20:00,63494.0,63477.0,62856.0,1.015,0.988,3.4779,-1.5,61913.16,65042.09,1.094,7,none
2026-08-02 02:27:11,2026-08-02 02:26:00,63437.0,63428.0,62856.0,0.9243,0.91,3.4779,-1.5,61913.16,65042.09,1.098,7,none
2026-08-02 02:32:55,2026-08-02 02:31:00,63411.0,63411.0,62856.0,0.883,0.883,3.4779,-1.5,61913.16,65042.09,1.102,7,none
2026-08-02 02:36:07,2026-08-02 02:35:00,63399.0,63398.0,62856.0,0.8639,0.8623,3.4779,-1.5,61913.16,65042.09,1.104,7,none
2026-08-02 02:41:18,2026-08-02 02:40:00,63357.0,63353.0,62856.0,0.7971,0.7907,3.4779,-1.5,61913.16,65042.09,1.108,7,none
2026-08-02 02:47:53,2026-08-02 02:46:00,63322.0,63321.0,62856.0,0.7414,0.7398,3.4779,-1.5,61913.16,65042.09,1.112,7,none
2026-08-02 02:51:14,2026-08-02 02:50:00,63404.0,63404.0,62856.0,0.8718,0.8718,3.4779,-1.5,61913.16,65042.09,1.115,7,none
2026-08-02 02:57:16,2026-08-02 02:56:00,63429.0,63429.0,62856.0,0.9116,0.9116,3.4779,-1.5,61913.16,65042.09,1.119,7,none
2026-08-02 03:01:24,2026-08-02 03:00:00,63412.0,63411.0,62856.0,0.8846,0.883,3.4779,-1.5,61913.16,65042.09,1.122,7,none
2026-08-02 03:06:12,2026-08-02 03:05:00,63406.0,63389.0,62856.0,0.875,0.848,3.4779,-1.5,61913.16,65042.09,1.125,7,none
2026-08-02 03:12:29,2026-08-02 03:11:00,63389.0,63387.0,62856.0,0.848,0.8448,3.4779,-1.5,61913.16,65042.09,1.129,7,none
2026-08-02 03:17:49,2026-08-02 03:16:00,63386.0,63386.0,62856.0,0.8432,0.8432,3.4779,-1.5,61913.16,65042.09,1.133,7,none
2026-08-02 03:22:31,2026-08-02 03:21:00,63511.0,63428.0,62856.0,1.0421,0.91,3.4779,-1.5,61913.16,65042.09,1.136,7,none
2026-08-02 03:29:41,2026-08-02 03:28:00,63420.0,63420.0,62856.0,0.8973,0.8973,3.4779,-1.5,61913.16,65042.09,1.141,7,none
2026-08-02 03:35:08,2026-08-02 03:34:00,63445.0,63444.0,62856.0,0.9371,0.9355,3.4779,-1.5,61913.16,65042.09,1.145,7,none
2026-08-02 03:37:51,2026-08-02 03:36:00,63473.0,63444.0,62856.0,0.9816,0.9355,3.4779,-1.5,61913.16,65042.09,1.147,7,none
2026-08-02 03:41:17,2026-08-02 03:40:00,63464.0,63461.0,62856.0,0.9673,0.9625,3.4779,-1.5,61913.16,65042.09,1.149,7,none
2026-08-02 03:46:14,2026-08-02 03:45:00,63488.0,63481.0,62856.0,1.0055,0.9943,3.4779,-1.5,61913.16,65042.09,1.153,7,none
2026-08-02 03:53:53,2026-08-02 03:52:00,63430.0,63430.0,62856.0,0.9132,0.9132,3.4779,-1.5,61913.16,65042.09,1.158,7,none
2026-08-02 03:57:03,2026-08-02 03:56:00,63424.0,63424.0,62856.0,0.9037,0.9037,3.4779,-1.5,61913.16,65042.09,1.16,7,none
2026-08-02 04:04:25,2026-08-02 04:03:00,63490.0,63488.0,62856.0,1.0087,1.0055,3.4779,-1.5,61913.16,65042.09,1.165,7,none
2026-08-02 04:08:16,2026-08-02 04:07:00,63504.0,63504.0,62856.0,1.0309,1.0309,3.4779,-1.5,61913.16,65042.09,1.168,7,none
2026-08-02 04:17:54,2026-08-02 04:16:00,63509.0,63509.0,62856.0,1.0389,1.0389,3.4779,-1.5,61913.16,65042.09,1.175,7,none
2026-08-02 04:48:59,2026-08-02 04:47:00,63512.0,63511.0,62856.0,1.0437,1.0421,3.4779,-1.5,61913.16,65042.09,1.196,7,none
2026-08-02 04:57:38,2026-08-02 04:56:00,63587.0,63546.0,62856.0,1.163,1.0977,3.4779,-1.5,61913.16,65042.09,1.202,7,none
2026-08-02 05:05:42,2026-08-02 05:04:00,63500.0,63500.0,62856.0,1.0246,1.0246,3.4779,-1.5,61913.16,65042.09,1.208,7,none
2026-08-02 05:19:37,2026-08-02 05:18:00,63443.0,63442.0,62856.0,0.9339,0.9323,3.4779,-1.5,61913.16,65042.09,1.218,7,none
2026-08-02 05:43:09,2026-08-02 05:42:00,63398.0,63398.0,62856.0,0.8623,0.8623,3.4779,-1.5,61913.16,65042.09,1.234,7,none
2026-08-02 05:46:30,2026-08-02 05:45:00,63399.0,63398.0,62856.0,0.8639,0.8623,3.4779,-1.5,61913.16,65042.09,1.236,7,none
2026-08-02 05:58:10,2026-08-02 05:57:00,63435.0,63435.0,62856.0,0.9212,0.9212,3.4779,-1.5,61913.16,65042.09,1.244,7,none
2026-08-02 06:08:36,2026-08-02 06:07:00,63444.0,63444.0,62856.0,0.9355,0.9355,3.4779,-1.5,61913.16,65042.09,1.252,7,none
2026-08-02 06:22:01,2026-08-02 06:21:00,63440.0,63432.0,62856.0,0.9291,0.9164,3.4779,-1.5,61913.16,65042.09,1.261,7,none
2026-08-02 06:26:10,2026-08-02 06:25:00,63463.0,63434.0,62856.0,0.9657,0.9196,3.4779,-1.5,61913.16,65042.09,1.264,7,none
2026-08-02 06:34:10,2026-08-02 06:33:00,63450.0,63450.0,62856.0,0.945,0.945,3.4779,-1.5,61913.16,65042.09,1.269,7,none
2026-08-02 06:36:24,2026-08-02 06:35:00,63458.0,63450.0,62856.0,0.9577,0.945,3.4779,-1.5,61913.16,65042.09,1.271,7,none
2026-08-02 06:41:17,2026-08-02 06:40:00,63445.0,63439.0,62856.0,0.9371,0.9275,3.4779,-1.5,61913.16,65042.09,1.274,7,none
2026-08-02 06:47:31,2026-08-02 06:46:00,63474.0,63467.0,62856.0,0.9832,0.9721,3.4779,-1.5,61913.16,65042.09,1.279,7,none
2026-08-02 06:52:34,2026-08-02 06:51:00,63472.0,63471.0,62856.0,0.98,0.9784,3.4779,-1.5,61913.16,65042.09,1.282,7,none
2026-08-02 06:56:12,2026-08-02 06:55:00,63465.0,63465.0,62856.0,0.9689,0.9689,3.4779,-1.5,61913.16,65042.09,1.285,7,none
2026-08-02 07:01:27,2026-08-02 07:00:00,63472.0,63471.0,62856.0,0.98,0.9784,3.4779,-1.5,61913.16,65042.09,1.288,7,none
2026-08-02 07:08:51,2026-08-02 07:07:00,63468.0,63467.0,62856.0,0.9737,0.9721,3.4779,-1.5,61913.16,65042.09,1.294,7,none
2026-08-02 07:11:10,2026-08-02 07:10:00,63467.0,63467.0,62856.0,0.9721,0.9721,3.4779,-1.5,61913.16,65042.09,1.295,7,none
2026-08-02 07:16:17,2026-08-02 07:15:00,63466.0,63465.0,62856.0,0.9705,0.9689,3.4779,-1.5,61913.16,65042.09,1.299,7,none
2026-08-02 07:21:20,2026-08-02 07:20:00,63469.0,63469.0,62856.0,0.9752,0.9752,3.4779,-1.5,61913.16,65042.09,1.302,7,none
2026-08-02 07:26:16,2026-08-02 07:25:00,63466.0,63466.0,62856.0,0.9705,0.9705,3.4779,-1.5,61913.16,65042.09,1.306,7,none
2026-08-02 07:31:17,2026-08-02 07:30:00,63466.0,63466.0,62856.0,0.9705,0.9705,3.4779,-1.5,61913.16,65042.09,1.309,7,none
2026-08-02 07:36:07,2026-08-02 07:35:00,63467.0,63467.0,62856.0,0.9721,0.9721,3.4779,-1.5,61913.16,65042.09,1.312,7,none
2026-08-02 07:41:12,2026-08-02 07:40:00,63498.0,63497.0,62856.0,1.0214,1.0198,3.4779,-1.5,61913.16,65042.09,1.316,7,none
2026-08-02 07:46:15,2026-08-02 07:45:00,63480.0,63480.0,62856.0,0.9927,0.9927,3.4779,-1.5,61913.16,65042.09,1.319,7,none
2026-08-02 07:51:06,2026-08-02 07:50:00,63476.0,63476.0,62856.0,0.9864,0.9864,3.4779,-1.5,61913.16,65042.09,1.323,7,none
2026-08-02 07:56:10,2026-08-02 07:55:00,63465.0,63465.0,62856.0,0.9689,0.9689,3.4779,-1.5,61913.16,65042.09,1.326,7,none
2026-08-02 08:01:22,2026-08-02 08:00:00,63479.0,63466.0,62856.0,0.9912,0.9705,3.4779,-1.5,61913.16,65042.09,1.33,7,none
2026-08-02 08:06:12,2026-08-02 08:05:00,63476.0,63476.0,62856.0,0.9864,0.9864,3.4779,-1.5,61913.16,65042.09,1.333,7,none
2026-08-02 08:11:09,2026-08-02 08:10:00,63503.0,63501.0,62856.0,1.0293,1.0262,3.4779,-1.5,61913.16,65042.09,1.337,7,none
2026-08-02 08:16:19,2026-08-02 08:15:00,63470.0,63466.0,62856.0,0.9768,0.9705,3.4779,-1.5,61913.16,65042.09,1.34,7,none
2026-08-02 08:21:18,2026-08-02 08:20:00,63451.0,63450.0,62856.0,0.9466,0.945,3.4779,-1.5,61913.16,65042.09,1.344,7,none
2026-08-02 08:26:11,2026-08-02 08:25:00,63440.0,63439.0,62856.0,0.9291,0.9275,3.4779,-1.5,61913.16,65042.09,1.347,7,none
2026-08-02 08:31:18,2026-08-02 08:30:00,63369.0,63369.0,62856.0,0.8162,0.8162,3.4779,-1.5,61913.16,65042.09,1.351,7,none
2026-08-02 08:36:10,2026-08-02 08:35:00,63322.0,63321.0,62856.0,0.7414,0.7398,3.4779,-1.5,61913.16,65042.09,1.354,7,none
2026-08-02 08:41:18,2026-08-02 08:40:00,63231.0,63225.0,62856.0,0.5966,0.5871,3.4779,-1.5,61913.16,65042.09,1.358,7,none
2026-08-02 08:46:10,2026-08-02 08:45:00,63208.0,63187.0,62856.0,0.56,0.5266,3.4779,-1.5,61913.16,65042.09,1.361,7,none
2026-08-02 08:51:08,2026-08-02 08:50:00,63198.0,63197.0,62856.0,0.5441,0.5425,3.4779,-1.5,61913.16,65042.09,1.365,7,none
2026-08-02 08:56:08,2026-08-02 08:55:00,63198.0,63197.0,62856.0,0.5441,0.5425,3.4779,-1.5,61913.16,65042.09,1.368,7,none
2026-08-02 09:01:23,2026-08-02 09:00:00,63209.0,63164.0,62856.0,0.5616,0.49,3.4779,-1.5,61913.16,65042.09,1.372,7,none
2026-08-02 09:06:02,2026-08-02 09:05:00,63122.0,63070.0,62856.0,0.4232,0.3405,3.4779,-1.5,61913.16,65042.09,1.375,7,none
2026-08-02 09:11:15,2026-08-02 09:10:00,63242.0,63221.0,62856.0,0.6141,0.5807,3.4779,-1.5,61913.16,65042.09,1.379,7,none
2026-08-02 09:16:04,2026-08-02 09:15:00,63246.0,63245.0,62856.0,0.6205,0.6189,3.4779,-1.5,61913.16,65042.09,1.382,7,none
2026-08-02 09:18:17,2026-08-02 09:17:00,63257.0,63243.0,62856.0,0.638,0.6157,3.4779,-1.5,61913.16,65042.09,1.383,7,none
2026-08-02 09:21:14,2026-08-02 09:20:00,63232.0,63232.0,62856.0,0.5982,0.5982,3.4779,-1.5,61913.16,65042.09,1.385,7,none
2026-08-02 09:26:13,2026-08-02 09:25:00,63280.0,63269.0,62856.0,0.6746,0.6571,3.4779,-1.5,61913.16,65042.09,1.389,7,none
2026-08-02 09:31:18,2026-08-02 09:30:00,63252.0,63213.0,62856.0,0.63,0.568,3.4779,-1.5,61913.16,65042.09,1.392,7,none
2026-08-02 09:36:10,2026-08-02 09:35:00,63276.0,63275.0,62856.0,0.6682,0.6666,3.4779,-1.5,61913.16,65042.09,1.396,7,none
2026-08-02 09:41:16,2026-08-02 09:40:00,63243.0,63242.0,62856.0,0.6157,0.6141,3.4779,-1.5,61913.16,65042.09,1.399,7,none
2026-08-02 09:46:13,2026-08-02 09:45:00,63251.0,63244.0,62856.0,0.6284,0.6173,3.4779,-1.5,61913.16,65042.09,1.403,7,none
2026-08-02 09:51:09,2026-08-02 09:50:00,63242.0,63235.0,62856.0,0.6141,0.603,3.4779,-1.5,61913.16,65042.09,1.406,7,none
2026-08-02 09:56:10,2026-08-02 09:55:00,63253.0,63253.0,62856.0,0.6316,0.6316,3.4779,-1.5,61913.16,65042.09,1.41,7,none
2026-08-02 10:01:22,2026-08-02 10:00:00,63241.0,63241.0,62856.0,0.6125,0.6125,3.4779,-1.5,61913.16,65042.09,1.413,7,none
2026-08-02 10:06:09,2026-08-02 10:05:00,63235.0,63215.0,62856.0,0.603,0.5711,3.4779,-1.5,61913.16,65042.09,1.417,7,none
2026-08-02 10:11:15,2026-08-02 10:10:00,63214.0,63214.0,62856.0,0.5696,0.5696,3.4779,-1.5,61913.16,65042.09,1.42,7,none
2026-08-02 10:16:13,2026-08-02 10:15:00,63170.0,63169.0,62856.0,0.4996,0.498,3.4779,-1.5,61913.16,65042.09,1.424,7,none
2026-08-02 10:21:06,2026-08-02 10:20:00,63220.0,63219.0,62856.0,0.5791,0.5775,3.4779,-1.5,61913.16,65042.09,1.427,7,none
2026-08-02 10:26:13,2026-08-02 10:25:00,63132.0,63130.0,62856.0,0.4391,0.4359,3.4779,-1.5,61913.16,65042.09,1.431,7,none
2026-08-02 10:31:19,2026-08-02 10:30:00,63131.0,63117.0,62856.0,0.4375,0.4152,3.4779,-1.5,61913.16,65042.09,1.434,7,none
2026-08-02 10:36:03,2026-08-02 10:35:00,63166.0,63166.0,62856.0,0.4932,0.4932,3.4779,-1.5,61913.16,65042.09,1.437,7,none
2026-08-02 10:41:08,2026-08-02 10:40:00,63183.0,63183.0,62856.0,0.5202,0.5202,3.4779,-1.5,61913.16,65042.09,1.441,7,none
2026-08-02 10:46:15,2026-08-02 10:45:00,63186.0,63182.0,62856.0,0.525,0.5186,3.4779,-1.5,61913.16,65042.09,1.444,7,none
2026-08-02 10:51:13,2026-08-02 10:50:00,63176.0,63175.0,62856.0,0.5091,0.5075,3.4779,-1.5,61913.16,65042.09,1.448,7,none
2026-08-02 10:56:03,2026-08-02 10:55:00,63171.0,63171.0,62856.0,0.5011,0.5011,3.4779,-1.5,61913.16,65042.09,1.451,7,none
2026-08-02 11:01:23,2026-08-02 11:00:00,63159.0,63158.0,62856.0,0.4821,0.4805,3.4779,-1.5,61913.16,65042.09,1.455,7,none
2026-08-02 11:06:09,2026-08-02 11:05:00,63151.0,63148.0,62856.0,0.4693,0.4646,3.4779,-1.5,61913.16,65042.09,1.458,7,none
2026-08-02 11:11:09,2026-08-02 11:10:00,63125.0,63124.0,62856.0,0.428,0.4264,3.4779,-1.5,61913.16,65042.09,1.462,7,none
2026-08-02 11:16:06,2026-08-02 11:15:00,63130.0,63129.0,62856.0,0.4359,0.4343,3.4779,-1.5,61913.16,65042.09,1.465,7,none
2026-08-02 11:21:10,2026-08-02 11:20:00,63158.0,63136.0,62856.0,0.4805,0.4455,3.4779,-1.5,61913.16,65042.09,1.469,7,none
2026-08-02 11:26:06,2026-08-02 11:25:00,63140.0,63121.0,62856.0,0.4518,0.4216,3.4779,-1.5,61913.16,65042.09,1.472,7,none
2026-08-02 11:31:18,2026-08-02 11:30:00,63113.0,63113.0,62856.0,0.4089,0.4089,3.4779,-1.5,61913.16,65042.09,1.476,7,none
2026-08-02 11:36:15,2026-08-02 11:35:00,63126.0,63119.0,62856.0,0.4296,0.4184,3.4779,-1.5,61913.16,65042.09,1.479,7,none
2026-08-02 11:41:16,2026-08-02 11:40:00,63141.0,63140.0,62856.0,0.4534,0.4518,3.4779,-1.5,61913.16,65042.09,1.483,7,none
2026-08-02 11:46:14,2026-08-02 11:45:00,63122.0,63091.0,62856.0,0.4232,0.3739,3.4779,-1.5,61913.16,65042.09,1.486,7,none
2026-08-02 11:51:11,2026-08-02 11:50:00,63115.0,63076.0,62856.0,0.4121,0.35,3.4779,-1.5,61913.16,65042.09,1.49,7,none
2026-08-02 11:56:05,2026-08-02 11:55:00,63030.0,63029.0,62856.0,0.2768,0.2752,3.4779,-1.5,61913.16,65042.09,1.493,7,none
2026-08-02 12:01:24,2026-08-02 12:00:00,63068.0,63010.0,62856.0,0.3373,0.245,3.4779,-1.5,61913.16,65042.09,1.497,7,none
2026-08-02 12:11:22,2026-08-02 12:10:00,63116.0,63112.0,62856.0,0.4136,0.4073,3.4779,-1.5,61913.16,65042.09,1.504,7,none
2026-08-02 12:16:14,2026-08-02 12:15:00,63148.0,63133.0,62856.0,0.4646,0.4407,3.4779,-1.5,61913.16,65042.09,1.507,7,none
2026-08-02 12:21:15,2026-08-02 12:20:00,63167.0,63166.0,62856.0,0.4948,0.4932,3.4779,-1.5,61913.16,65042.09,1.51,7,none
2026-08-02 12:26:09,2026-08-02 12:25:00,63194.0,63183.0,62856.0,0.5377,0.5202,3.4779,-1.5,61913.16,65042.09,1.514,7,none
2026-08-02 12:31:18,2026-08-02 12:30:00,63170.0,63162.0,62856.0,0.4996,0.4868,3.4779,-1.5,61913.16,65042.09,1.517,7,none
2026-08-02 12:36:06,2026-08-02 12:35:00,63171.0,63156.0,62856.0,0.5011,0.4773,3.4779,-1.5,61913.16,65042.09,1.521,7,none
2026-08-02 12:41:18,2026-08-02 12:40:00,63133.0,63127.0,62856.0,0.4407,0.4311,3.4779,-1.5,61913.16,65042.09,1.524,7,none
2026-08-02 12:46:12,2026-08-02 12:45:00,63136.0,63130.0,62856.0,0.4455,0.4359,3.4779,-1.5,61913.16,65042.09,1.528,7,none
2026-08-02 12:51:23,2026-08-02 12:50:00,63126.0,63125.0,62856.0,0.4296,0.428,3.4779,-1.5,61913.16,65042.09,1.531,7,none
2026-08-02 12:56:09,2026-08-02 12:55:00,63105.0,63105.0,62856.0,0.3961,0.3961,3.4779,-1.5,61913.16,65042.09,1.535,7,none
2026-08-02 13:01:28,2026-08-02 13:00:00,63095.0,63091.0,62856.0,0.3802,0.3739,3.4779,-1.5,61913.16,65042.09,1.538,7,none
2026-08-02 13:06:03,2026-08-02 13:05:00,63106.0,63105.0,62856.0,0.3977,0.3961,3.4779,-1.5,61913.16,65042.09,1.542,7,none
2026-08-02 13:11:11,2026-08-02 13:10:00,63085.0,63084.0,62856.0,0.3643,0.3627,3.4779,-1.5,61913.16,65042.09,1.545,7,none
2026-08-02 13:16:25,2026-08-02 13:15:00,63077.0,63070.0,62856.0,0.3516,0.3405,3.4779,-1.5,61913.16,65042.09,1.549,7,none
2026-08-02 13:21:15,2026-08-02 13:20:00,63044.0,63033.0,62856.0,0.2991,0.2816,3.4779,-1.5,61913.16,65042.09,1.552,7,none
2026-08-02 13:26:12,2026-08-02 13:25:00,63064.0,63057.0,62856.0,0.3309,0.3198,3.4779,-1.5,61913.16,65042.09,1.556,7,none
2026-08-02 13:31:40,2026-08-02 13:30:00,63087.0,63061.0,62856.0,0.3675,0.3261,3.4779,-1.5,61913.16,65042.09,1.559,7,none
2026-08-02 13:36:06,2026-08-02 13:35:00,63059.0,63058.0,62856.0,0.323,0.3214,3.4779,-1.5,61913.16,65042.09,1.562,7,none
2026-08-02 13:41:08,2026-08-02 13:40:00,63039.0,62991.0,62856.0,0.2911,0.2148,3.4779,-1.5,61913.16,65042.09,1.566,7,none
2026-08-02 13:46:10,2026-08-02 13:45:00,63084.0,63075.0,62856.0,0.3627,0.3484,3.4779,-1.5,61913.16,65042.09,1.569,7,none
2026-08-02 13:51:07,2026-08-02 13:50:00,63098.0,63097.0,62856.0,0.385,0.3834,3.4779,-1.5,61913.16,65042.09,1.573,7,none
2026-08-02 13:56:14,2026-08-02 13:55:00,63096.0,63095.0,62856.0,0.3818,0.3802,3.4779,-1.5,61913.16,65042.09,1.576,7,none
2026-08-02 14:01:31,2026-08-02 14:00:00,63097.0,63096.0,62856.0,0.3834,0.3818,3.4779,-1.5,61913.16,65042.09,1.58,7,none
2026-08-02 14:06:10,2026-08-02 14:05:00,63049.0,63049.0,62856.0,0.3071,0.3071,3.4779,-1.5,61913.16,65042.09,1.583,7,none
2026-08-02 14:11:10,2026-08-02 14:10:00,63072.0,63050.0,62856.0,0.3436,0.3086,3.4779,-1.5,61913.16,65042.09,1.587,7,none
2026-08-02 14:16:13,2026-08-02 14:15:00,63099.0,63073.0,62856.0,0.3866,0.3452,3.4779,-1.5,61913.16,65042.09,1.59,7,none
2026-08-02 14:21:16,2026-08-02 14:20:00,63120.0,63119.0,62856.0,0.42,0.4184,3.4779,-1.5,61913.16,65042.09,1.594,7,none
2026-08-02 14:26:10,2026-08-02 14:25:00,63092.0,63086.0,62856.0,0.3755,0.3659,3.4779,-1.5,61913.16,65042.09,1.597,7,none
2026-08-02 14:31:26,2026-08-02 14:30:00,63098.0,63097.0,62856.0,0.385,0.3834,3.4779,-1.5,61913.16,65042.09,1.601,7,none
2026-08-02 14:36:15,2026-08-02 14:35:00,63125.0,63103.0,62856.0,0.428,0.393,3.4779,-1.5,61913.16,65042.09,1.604,7,none
2026-08-02 14:42:07,2026-08-02 14:41:00,63118.0,63118.0,62856.0,0.4168,0.4168,3.4779,-1.5,61913.16,65042.09,1.608,7,none
2026-08-02 14:46:15,2026-08-02 14:45:00,63132.0,63132.0,62856.0,0.4391,0.4391,3.4779,-1.5,61913.16,65042.09,1.611,7,none
2026-08-02 14:47:38,2026-08-02 14:46:00,63121.0,63121.0,62856.0,0.4216,0.4216,3.4779,-1.5,61913.16,65042.09,1.612,7,none
2026-08-02 14:51:12,2026-08-02 14:50:00,63097.0,63096.0,62856.0,0.3834,0.3818,3.4779,-1.5,61913.16,65042.09,1.615,7,none
2026-08-02 14:56:11,2026-08-02 14:55:00,63045.0,63044.0,62856.0,0.3007,0.2991,3.4779,-1.5,61913.16,65042.09,1.618,7,none
2026-08-02 15:02:42,2026-08-02 15:01:00,63066.0,63052.0,62856.0,0.3341,0.3118,3.4779,-1.5,61913.16,65042.09,1.623,7,none
2026-08-02 15:06:03,2026-08-02 15:04:00,63033.0,63029.0,62856.0,0.2816,0.2752,3.4779,-1.5,61913.16,65042.09,1.625,7,none
2026-08-02 15:11:08,2026-08-02 15:10:00,63081.0,63080.0,62856.0,0.358,0.3564,3.4779,-1.5,61913.16,65042.09,1.628,7,none
2026-08-02 15:16:06,2026-08-02 15:15:00,63095.0,63094.0,62856.0,0.3802,0.3786,3.4779,-1.5,61913.16,65042.09,1.632,7,none
2026-08-02 15:21:08,2026-08-02 15:20:00,63104.0,63099.0,62856.0,0.3946,0.3866,3.4779,-1.5,61913.16,65042.09,1.635,7,none
2026-08-02 15:26:05,2026-08-02 15:24:00,63103.0,63103.0,62856.0,0.393,0.393,3.4779,-1.5,61913.16,65042.09,1.639,7,none
2026-08-02 15:33:21,2026-08-02 15:32:00,63130.0,63129.0,62856.0,0.4359,0.4343,3.4779,-1.5,61913.16,65042.09,1.644,7,none
2026-08-02 15:36:05,2026-08-02 15:35:00,63144.0,63143.0,62856.0,0.4582,0.4566,3.4779,-1.5,61913.16,65042.09,1.646,7,none
2026-08-02 15:41:10,2026-08-02 15:40:00,63119.0,63118.0,62856.0,0.4184,0.4168,3.4779,-1.5,61913.16,65042.09,1.649,7,none
2026-08-02 15:46:37,2026-08-02 15:45:00,63132.0,63132.0,62856.0,0.4391,0.4391,3.4779,-1.5,61913.16,65042.09,1.653,7,none
2026-08-02 15:51:13,2026-08-02 15:50:00,63103.0,63099.0,62856.0,0.393,0.3866,3.4779,-1.5,61913.16,65042.09,1.656,7,none
2026-08-02 15:57:36,2026-08-02 15:56:00,63102.0,63102.0,62856.0,0.3914,0.3914,3.4779,-1.5,61913.16,65042.09,1.661,7,none
2026-08-02 16:03:27,2026-08-02 16:02:00,63053.0,63044.0,62856.0,0.3134,0.2991,3.4779,-1.5,61913.16,65042.09,1.665,7,none
2026-08-02 16:06:11,2026-08-02 16:05:00,63070.0,63069.0,62856.0,0.3405,0.3389,3.4779,-1.5,61913.16,65042.09,1.667,7,none
2026-08-02 16:11:10,2026-08-02 16:10:00,63111.0,63105.0,62856.0,0.4057,0.3961,3.4779,-1.5,61913.16,65042.09,1.67,7,none
2026-08-02 16:16:04,2026-08-02 16:15:00,63076.0,63075.0,62856.0,0.35,0.3484,3.4779,-1.5,61913.16,65042.09,1.674,7,none
2026-08-02 16:21:18,2026-08-02 16:20:00,63061.0,63060.0,62856.0,0.3261,0.3246,3.4779,-1.5,61913.16,65042.09,1.677,7,none
2026-08-02 16:26:06,2026-08-02 16:25:00,63101.0,63100.0,62856.0,0.3898,0.3882,3.4779,-1.5,61913.16,65042.09,1.68,7,none
2026-08-02 16:32:36,2026-08-02 16:31:00,63114.0,63088.0,62856.0,0.4105,0.3691,3.4779,-1.5,61913.16,65042.09,1.685,7,none
2026-08-02 16:36:07,2026-08-02 16:35:00,63155.0,63149.0,62856.0,0.4757,0.4661,3.4779,-1.5,61913.16,65042.09,1.687,7,none
2026-08-02 16:41:07,2026-08-02 16:40:00,63180.0,63179.0,62856.0,0.5155,0.5139,3.4779,-1.5,61913.16,65042.09,1.691,7,none
2026-08-02 16:46:12,2026-08-02 16:45:00,63216.0,63195.0,62856.0,0.5727,0.5393,3.4779,-1.5,61913.16,65042.09,1.694,7,none
2026-08-02 16:51:15,2026-08-02 16:50:00,63173.0,63173.0,62856.0,0.5043,0.5043,3.4779,-1.5,61913.16,65042.09,1.698,7,none
2026-08-02 16:56:13,2026-08-02 16:55:00,63186.0,63173.0,62856.0,0.525,0.5043,3.4779,-1.5,61913.16,65042.09,1.701,7,none
2026-08-02 17:01:24,2026-08-02 17:00:00,63164.0,63164.0,62856.0,0.49,0.49,3.4779,-1.5,61913.16,65042.09,1.705,7,none
2026-08-02 17:06:09,2026-08-02 17:05:00,63149.0,63149.0,62856.0,0.4661,0.4661,3.4779,-1.5,61913.16,65042.09,1.708,7,none
2026-08-02 17:11:13,2026-08-02 17:10:00,63154.0,63129.0,62856.0,0.4741,0.4343,3.4779,-1.5,61913.16,65042.09,1.712,7,none
2026-08-02 17:16:10,2026-08-02 17:15:00,63181.0,63181.0,62856.0,0.5171,0.5171,3.4779,-1.5,61913.16,65042.09,1.715,7,none
2026-08-02 17:21:06,2026-08-02 17:20:00,63208.0,63198.0,62856.0,0.56,0.5441,3.4779,-1.5,61913.16,65042.09,1.719,7,none
2026-08-02 17:26:10,2026-08-02 17:25:00,63248.0,63248.0,62856.0,0.6236,0.6236,3.4779,-1.5,61913.16,65042.09,1.722,7,none
2026-08-02 17:31:21,2026-08-02 17:30:00,63299.0,63269.0,62856.0,0.7048,0.6571,3.4779,-1.5,61913.16,65042.09,1.726,7,none
2026-08-02 17:36:06,2026-08-02 17:35:00,63283.0,63276.0,62856.0,0.6793,0.6682,3.4779,-1.5,61913.16,65042.09,1.729,7,none
2026-08-02 17:41:16,2026-08-02 17:40:00,63300.0,63299.0,62856.0,0.7064,0.7048,3.4779,-1.5,61913.16,65042.09,1.733,7,none
2026-08-02 17:46:12,2026-08-02 17:45:00,63319.0,63311.0,62856.0,0.7366,0.7239,3.4779,-1.5,61913.16,65042.09,1.736,7,none
2026-08-02 17:51:15,2026-08-02 17:50:00,63311.0,63311.0,62856.0,0.7239,0.7239,3.4779,-1.5,61913.16,65042.09,1.74,7,none
2026-08-02 17:56:11,2026-08-02 17:55:00,63294.0,63294.0,62856.0,0.6968,0.6968,3.4779,-1.5,61913.16,65042.09,1.743,7,none
2026-08-02 18:01:23,2026-08-02 18:00:00,63307.0,63296.0,62856.0,0.7175,0.7,3.4779,-1.5,61913.16,65042.09,1.747,7,none
2026-08-02 18:06:02,2026-08-02 18:05:00,63301.0,63300.0,62856.0,0.708,0.7064,3.4779,-1.5,61913.16,65042.09,1.75,7,none
2026-08-02 18:11:10,2026-08-02 18:10:00,63280.0,63280.0,62856.0,0.6746,0.6746,3.4779,-1.5,61913.16,65042.09,1.753,7,none
2026-08-02 18:14:47,2026-08-02 18:13:00,63296.0,63295.0,62856.0,0.7,0.6984,3.4779,-1.5,61913.16,65042.09,1.756,7,none
2026-08-02 18:16:11,2026-08-02 18:15:00,63283.0,63283.0,62856.0,0.6793,0.6793,3.4779,-1.5,61913.16,65042.09,1.757,7,none
2026-08-02 18:21:13,2026-08-02 18:20:00,63303.0,63300.0,62856.0,0.7111,0.7064,3.4779,-1.5,61913.16,65042.09,1.76,7,none
2026-08-02 18:26:04,2026-08-02 18:25:00,63294.0,63294.0,62856.0,0.6968,0.6968,3.4779,-1.5,61913.16,65042.09,1.764,7,none
2026-08-02 18:31:15,2026-08-02 18:30:00,63277.0,63277.0,62856.0,0.6698,0.6698,3.4779,-1.5,61913.16,65042.09,1.767,7,none
2026-08-02 18:36:02,2026-08-02 18:35:00,63348.0,63297.0,62856.0,0.7827,0.7016,3.4779,-1.5,61913.16,65042.09,1.771,7,none
2026-08-02 18:41:09,2026-08-02 18:40:00,63445.0,63410.0,62856.0,0.9371,0.8814,3.4779,-1.5,61913.16,65042.09,1.774,7,none
2026-08-02 18:46:18,2026-08-02 18:45:00,63400.0,63400.0,62856.0,0.8655,0.8655,3.4779,-1.5,61913.16,65042.09,1.778,7,none
2026-08-02 18:51:16,2026-08-02 18:50:00,63360.0,63357.0,62856.0,0.8018,0.7971,3.4779,-1.5,61913.16,65042.09,1.781,7,none
2026-08-02 18:56:15,2026-08-02 18:55:00,63366.0,63366.0,62856.0,0.8114,0.8114,3.4779,-1.5,61913.16,65042.09,1.785,7,none
2026-08-02 19:01:19,2026-08-02 19:00:00,63340.0,63340.0,62856.0,0.77,0.77,3.4779,-1.5,61913.16,65042.09,1.788,7,none
2026-08-02 19:06:06,2026-08-02 19:05:00,63345.0,63324.0,62856.0,0.778,0.7446,3.4779,-1.5,61913.16,65042.09,1.792,7,none
2026-08-02 19:11:07,2026-08-02 19:10:00,63344.0,63331.0,62856.0,0.7764,0.7557,3.4779,-1.5,61913.16,65042.09,1.795,7,none
2026-08-02 19:16:09,2026-08-02 19:15:00,63337.0,63336.0,62856.0,0.7652,0.7637,3.4779,-1.5,61913.16,65042.09,1.799,7,none
2026-08-02 19:21:08,2026-08-02 19:20:00,63342.0,63341.0,62856.0,0.7732,0.7716,3.4779,-1.5,61913.16,65042.09,1.802,7,none
2026-08-02 19:26:06,2026-08-02 19:25:00,63322.0,63309.0,62856.0,0.7414,0.7207,3.4779,-1.5,61913.16,65042.09,1.805,7,none
2026-08-02 19:31:24,2026-08-02 19:30:00,63312.0,63311.0,62856.0,0.7255,0.7239,3.4779,-1.5,61913.16,65042.09,1.809,7,none
2026-08-02 19:36:01,2026-08-02 19:35:00,63326.0,63312.0,62856.0,0.7477,0.7255,3.4779,-1.5,61913.16,65042.09,1.812,7,none
2026-08-02 19:41:10,2026-08-02 19:40:00,63367.0,63353.0,62856.0,0.813,0.7907,3.4779,-1.5,61913.16,65042.09,1.816,7,none
2026-08-02 19:46:13,2026-08-02 19:45:00,63424.0,63374.0,62856.0,0.9037,0.8241,3.4779,-1.5,61913.16,65042.09,1.819,7,none
2026-08-02 19:51:08,2026-08-02 19:50:00,63459.0,63446.0,62856.0,0.9593,0.9387,3.4779,-1.5,61913.16,65042.09,1.823,7,none
2026-08-02 19:56:07,2026-08-02 19:55:00,63429.0,63428.0,62856.0,0.9116,0.91,3.4779,-1.5,61913.16,65042.09,1.826,7,none
2026-08-02 20:01:25,2026-08-02 20:00:00,63438.0,63438.0,62856.0,0.9259,0.9259,3.4779,-1.5,61913.16,65042.09,1.83,7,none
2026-08-02 20:06:01,2026-08-02 20:05:00,63418.0,63401.0,62856.0,0.8941,0.8671,3.4779,-1.5,61913.16,65042.09,1.833,7,none
2026-08-02 20:11:17,2026-08-02 20:10:00,63428.0,63428.0,62856.0,0.91,0.91,3.4779,-1.5,61913.16,65042.09,1.837,7,none
2026-08-02 20:16:10,2026-08-02 20:15:00,63442.0,63441.0,62856.0,0.9323,0.9307,3.4779,-1.5,61913.16,65042.09,1.84,7,none
2026-08-02 20:21:09,2026-08-02 20:20:00,63449.0,63448.0,62856.0,0.9434,0.9418,3.4779,-1.5,61913.16,65042.09,1.844,7,none
2026-08-02 20:26:09,2026-08-02 20:25:00,63407.0,63394.0,62856.0,0.8766,0.8559,3.4779,-1.5,61913.16,65042.09,1.847,7,none
2026-08-02 20:31:16,2026-08-02 20:30:00,63396.0,63396.0,62856.0,0.8591,0.8591,3.4779,-1.5,61913.16,65042.09,1.851,7,none
2026-08-02 20:36:12,2026-08-02 20:35:00,63426.0,63425.0,62856.0,0.9068,0.9052,3.4779,-1.5,61913.16,65042.09,1.854,7,none
2026-08-02 20:41:19,2026-08-02 20:40:00,63405.0,63404.0,62856.0,0.8734,0.8718,3.4779,-1.5,61913.16,65042.09,1.858,7,none
2026-08-02 20:46:18,2026-08-02 20:45:00,63427.0,63400.0,62856.0,0.9084,0.8655,3.4779,-1.5,61913.16,65042.09,1.861,7,none
2026-08-02 20:51:04,2026-08-02 20:50:00,63458.0,63457.0,62856.0,0.9577,0.9562,3.4779,-1.5,61913.16,65042.09,1.864,7,none
2026-08-02 20:56:07,2026-08-02 20:55:00,63487.0,63452.0,62856.0,1.0039,0.9482,3.4779,-1.5,61913.16,65042.09,1.868,7,none
2026-08-02 21:01:30,2026-08-02 21:00:00,63471.0,63470.0,62856.0,0.9784,0.9768,3.4779,-1.5,61913.16,65042.09,1.872,7,none
2026-08-02 21:06:10,2026-08-02 21:05:00,63524.0,63523.0,62856.0,1.0627,1.0612,3.4779,-1.5,61913.16,65042.09,1.875,7,none
2026-08-02 21:11:10,2026-08-02 21:10:00,63528.0,63514.0,62856.0,1.0691,1.0468,3.4779,-1.5,61913.16,65042.09,1.878,7,none
2026-08-02 21:16:13,2026-08-02 21:15:00,63543.0,63522.0,62856.0,1.093,1.0596,3.4779,-1.5,61913.16,65042.09,1.882,7,none
2026-08-02 21:21:08,2026-08-02 21:20:00,63518.0,63515.0,62856.0,1.0532,1.0484,3.4779,-1.5,61913.16,65042.09,1.885,7,none
2026-08-02 21:26:06,2026-08-02 21:25:00,63515.0,63515.0,62856.0,1.0484,1.0484,3.4779,-1.5,61913.16,65042.09,1.889,7,none
2026-08-02 21:31:14,2026-08-02 21:30:00,63544.0,63533.0,62856.0,1.0946,1.0771,3.4779,-1.5,61913.16,65042.09,1.892,7,none
2026-08-02 21:36:05,2026-08-02 21:35:00,63565.0,63522.0,62856.0,1.128,1.0596,3.4779,-1.5,61913.16,65042.09,1.896,7,none
2026-08-02 21:41:11,2026-08-02 21:40:00,63516.0,63515.0,62856.0,1.05,1.0484,3.4779,-1.5,61913.16,65042.09,1.899,7,none
2026-08-02 21:46:10,2026-08-02 21:45:00,63759.0,63686.0,62856.0,1.4366,1.3205,3.4779,-1.5,61913.16,65042.09,1.903,7,none
2026-08-02 21:51:11,2026-08-02 21:50:00,63632.0,63632.0,62856.0,1.2346,1.2346,3.4779,-1.5,61913.16,65042.09,1.906,7,none
2026-08-02 21:56:09,2026-08-02 21:55:00,63568.0,63566.0,62856.0,1.1327,1.1296,3.4779,-1.5,61913.16,65042.09,1.91,7,none
2026-08-02 22:01:25,2026-08-02 22:00:00,63661.0,63560.0,62856.0,1.2807,1.12,3.4779,-1.5,61913.16,65042.09,1.913,7,none
2026-08-02 22:06:14,2026-08-02 22:05:00,63695.0,63667.0,62856.0,1.3348,1.2903,3.4779,-1.5,61913.16,65042.09,1.917,7,none
2026-08-02 22:11:21,2026-08-02 22:10:00,63714.0,63688.0,62856.0,1.365,1.3237,3.4779,-1.5,61913.16,65042.09,1.92,7,none
2026-08-02 22:13:49,2026-08-02 22:12:00,63698.0,63669.0,62856.0,1.3396,1.2934,3.4779,-1.5,61913.16,65042.09,1.922,7,none
2026-08-02 22:16:10,2026-08-02 22:15:00,63695.0,63655.0,62856.0,1.3348,1.2712,3.4779,-1.5,61913.16,65042.09,1.924,7,none
2026-08-02 22:21:12,2026-08-02 22:20:00,63671.0,63660.0,62856.0,1.2966,1.2791,3.4779,-1.5,61913.16,65042.09,1.927,7,none
2026-08-02 22:26:10,2026-08-02 22:25:00,63638.0,63635.0,62856.0,1.2441,1.2393,3.4779,-1.5,61913.16,65042.09,1.931,7,none
2026-08-02 22:31:26,2026-08-02 22:30:00,63556.0,63556.0,62856.0,1.1137,1.1137,3.4779,-1.5,61913.16,65042.09,1.934,7,none
2026-08-02 22:36:09,2026-08-02 22:35:00,63401.0,63401.0,62856.0,0.8671,0.8671,3.4779,-1.5,61913.16,65042.09,1.937,7,none
2026-08-02 22:41:15,2026-08-02 22:40:00,63381.0,63353.0,62856.0,0.8352,0.7907,3.4779,-1.5,61913.16,65042.09,1.941,7,none
2026-08-02 22:46:07,2026-08-02 22:45:00,63547.0,63493.0,62856.0,1.0993,1.0134,3.4779,-1.5,61913.16,65042.09,1.944,7,none
2026-08-02 22:51:10,2026-08-02 22:50:00,63431.0,63431.0,62856.0,0.9148,0.9148,3.4779,-1.5,61913.16,65042.09,1.948,7,none
2026-08-02 22:56:06,2026-08-02 22:55:00,63409.0,63409.0,62856.0,0.8798,0.8798,3.4779,-1.5,61913.16,65042.09,1.951,7,none
2026-08-02 23:01:16,2026-08-02 23:00:00,63369.0,63369.0,62856.0,0.8162,0.8162,3.4779,-1.5,61913.16,65042.09,1.955,7,none
2026-08-02 23:06:05,2026-08-02 23:05:00,63359.0,63354.0,62856.0,0.8002,0.7923,3.4779,-1.5,61913.16,65042.09,1.958,7,none
2026-08-02 23:11:18,2026-08-02 23:10:00,63365.0,63364.0,62856.0,0.8098,0.8082,3.4779,-1.5,61913.16,65042.09,1.962,7,none
2026-08-02 23:16:20,2026-08-02 23:15:00,63333.0,63320.0,62856.0,0.7589,0.7382,3.4779,-1.5,61913.16,65042.09,1.965,7,none
2026-08-02 23:21:11,2026-08-02 23:20:00,63463.0,63463.0,62856.0,0.9657,0.9657,3.4779,-1.5,61913.16,65042.09,1.969,7,none
2026-08-02 23:26:26,2026-08-02 23:25:00,63479.0,63475.0,62856.0,0.9912,0.9848,3.4779,-1.5,61913.16,65042.09,1.972,7,none
2026-08-02 23:31:22,2026-08-02 23:30:00,63535.0,63522.0,62856.0,1.0802,1.0596,3.4779,-1.5,61913.16,65042.09,1.976,7,none
2026-08-02 23:36:03,2026-08-02 23:35:00,63551.0,63551.0,62856.0,1.1057,1.1057,3.4779,-1.5,61913.16,65042.09,1.979,7,none
2026-08-02 23:41:16,2026-08-02 23:40:00,63492.0,63476.0,62856.0,1.0118,0.9864,3.4779,-1.5,61913.16,65042.09,1.983,7,none
2026-08-02 23:46:10,2026-08-02 23:45:00,63477.0,63475.0,62856.0,0.988,0.9848,3.4779,-1.5,61913.16,65042.09,1.986,7,none
2026-08-02 23:51:08,2026-08-02 23:50:00,63497.0,63480.0,62856.0,1.0198,0.9927,3.4779,-1.5,61913.16,65042.09,1.99,7,none
2026-08-02 23:56:06,2026-08-02 23:55:00,63520.0,63491.0,62856.0,1.0564,1.0102,3.4779,-1.5,61913.16,65042.09,1.993,7,none
2026-08-03 00:01:46,2026-08-03 00:00:00,63545.0,63545.0,62856.0,1.0962,1.0962,3.4779,-1.5,61913.16,65042.09,1.997,7,none
2026-08-03 00:06:21,2026-08-03 00:05:00,63484.0,63484.0,62856.0,0.9991,0.9991,3.4779,-1.5,61913.16,65042.09,2.0,7,none
2026-08-03 00:11:05,2026-08-03 00:10:00,63394.0,63393.0,62856.0,0.8559,0.8543,3.4779,-1.5,61913.16,65042.09,2.003,7,none
2026-08-03 00:16:07,2026-08-03 00:15:00,63399.0,63399.0,62856.0,0.8639,0.8639,3.4779,-1.5,61913.16,65042.09,2.007,7,none
2026-08-03 00:21:18,2026-08-03 00:20:00,63371.0,63371.0,62856.0,0.8193,0.8193,3.4779,-1.5,61913.16,65042.09,2.01,7,none
2026-08-03 00:26:09,2026-08-03 00:25:00,63341.0,63340.0,62856.0,0.7716,0.77,3.4779,-1.5,61913.16,65042.09,2.014,7,none
2026-08-03 00:31:20,2026-08-03 00:30:00,63238.0,63202.0,62856.0,0.6077,0.5505,3.4779,-1.5,61913.16,65042.09,2.017,7,none
2026-08-03 00:36:06,2026-08-03 00:35:00,63326.0,63317.0,62856.0,0.7477,0.7334,3.4779,-1.5,61913.16,65042.09,2.021,7,none
2026-08-03 00:41:14,2026-08-03 00:40:00,63386.0,63377.0,62856.0,0.8432,0.8289,3.4779,-1.5,61913.16,65042.09,2.024,7,none
2026-08-03 00:46:10,2026-08-03 00:45:00,63319.0,63312.0,62856.0,0.7366,0.7255,3.4779,-1.5,61913.16,65042.09,2.028,7,none
2026-08-03 00:51:13,2026-08-03 00:50:00,63315.0,63308.0,62856.0,0.7302,0.7191,3.4779,-1.5,61913.16,65042.09,2.031,7,none
2026-08-03 00:56:11,2026-08-03 00:55:00,63300.0,63300.0,62856.0,0.7064,0.7064,3.4779,-1.5,61913.16,65042.09,2.035,7,none
2026-08-03 01:01:14,2026-08-03 01:00:00,63235.0,63228.0,62856.0,0.603,0.5918,3.4779,-1.5,61913.16,65042.09,2.038,7,none
2026-08-03 01:06:01,2026-08-03 01:05:00,63319.0,63318.0,62856.0,0.7366,0.735,3.4779,-1.5,61913.16,65042.09,2.042,7,none
2026-08-03 01:11:17,2026-08-03 01:10:00,63268.0,63253.0,62856.0,0.6555,0.6316,3.4779,-1.5,61913.16,65042.09,2.045,7,none
2026-08-03 01:16:19,2026-08-03 01:15:00,63180.0,63170.0,62856.0,0.5155,0.4996,3.4779,-1.5,61913.16,65042.09,2.049,7,none
2026-08-03 01:21:20,2026-08-03 01:20:00,63159.0,63159.0,62856.0,0.4821,0.4821,3.4779,-1.5,61913.16,65042.09,2.052,7,none
2026-08-03 01:26:13,2026-08-03 01:25:00,63225.0,63179.0,62856.0,0.5871,0.5139,3.4779,-1.5,61913.16,65042.09,2.056,7,none
2026-08-03 01:31:25,2026-08-03 01:30:00,63223.0,63140.0,62856.0,0.5839,0.4518,3.4779,-1.5,61913.16,65042.09,2.059,7,none
2026-08-03 01:36:02,2026-08-03 01:35:00,63196.0,63196.0,62856.0,0.5409,0.5409,3.4779,-1.5,61913.16,65042.09,2.062,7,none
2026-08-03 01:41:11,2026-08-03 01:40:00,63170.0,63170.0,62856.0,0.4996,0.4996,3.4779,-1.5,61913.16,65042.09,2.066,7,none
2026-08-03 01:46:08,2026-08-03 01:45:00,63211.0,63206.0,62856.0,0.5648,0.5568,3.4779,-1.5,61913.16,65042.09,2.069,7,none
2026-08-03 01:51:24,2026-08-03 01:50:00,63175.0,63169.0,62856.0,0.5075,0.498,3.4779,-1.5,61913.16,65042.09,2.073,7,none
2026-08-03 01:56:10,2026-08-03 01:55:00,63149.0,63148.0,62856.0,0.4661,0.4646,3.4779,-1.5,61913.16,65042.09,2.076,7,none
2026-08-03 02:01:22,2026-08-03 02:00:00,63161.0,63161.0,62856.0,0.4852,0.4852,3.4779,-1.5,61913.16,65042.09,2.08,7,none
2026-08-03 02:06:04,2026-08-03 02:05:00,63187.0,63163.0,62856.0,0.5266,0.4884,3.4779,-1.5,61913.16,65042.09,2.083,7,none
2026-08-03 02:11:14,2026-08-03 02:10:00,63152.0,63123.0,62856.0,0.4709,0.4248,3.4779,-1.5,61913.16,65042.09,2.087,7,none
2026-08-03 02:16:09,2026-08-03 02:15:00,63189.0,63180.0,62856.0,0.5298,0.5155,3.4779,-1.5,61913.16,65042.09,2.09,7,none
2026-08-03 02:21:13,2026-08-03 02:20:00,63259.0,63213.0,62856.0,0.6411,0.568,3.4779,-1.5,61913.16,65042.09,2.094,7,none
2026-08-03 02:26:12,2026-08-03 02:25:00,63200.0,63200.0,62856.0,0.5473,0.5473,3.4779,-1.5,61913.16,65042.09,2.097,7,none
2026-08-03 02:31:28,2026-08-03 02:30:00,63135.0,63108.0,62856.0,0.4439,0.4009,3.4779,-1.5,61913.16,65042.09,2.101,7,none
2026-08-03 02:36:12,2026-08-03 02:35:00,63175.0,63154.0,62856.0,0.5075,0.4741,3.4779,-1.5,61913.16,65042.09,2.104,7,none
2026-08-03 02:41:06,2026-08-03 02:40:00,63199.0,63182.0,62856.0,0.5457,0.5186,3.4779,-1.5,61913.16,65042.09,2.108,7,none
2026-08-03 02:46:10,2026-08-03 02:45:00,63159.0,63159.0,62856.0,0.4821,0.4821,3.4779,-1.5,61913.16,65042.09,2.111,7,none
2026-08-03 02:51:13,2026-08-03 02:50:00,63176.0,63171.0,62856.0,0.5091,0.5011,3.4779,-1.5,61913.16,65042.09,2.115,7,none
2026-08-03 02:56:06,2026-08-03 02:55:00,63132.0,63132.0,62856.0,0.4391,0.4391,3.4779,-1.5,61913.16,65042.09,2.118,7,none
2026-08-03 03:01:35,2026-08-03 03:00:00,63111.0,63094.0,62856.0,0.4057,0.3786,3.4779,-1.5,61913.16,65042.09,2.122,7,none
2026-08-03 03:06:03,2026-08-03 03:05:00,63149.0,63123.0,62856.0,0.4661,0.4248,3.4779,-1.5,61913.16,65042.09,2.125,7,none
2026-08-03 03:11:22,2026-08-03 03:10:00,63120.0,63115.0,62856.0,0.42,0.4121,3.4779,-1.5,61913.16,65042.09,2.129,7,none
2026-08-03 03:16:11,2026-08-03 03:15:00,63077.0,63076.0,62856.0,0.3516,0.35,3.4779,-1.5,61913.16,65042.09,2.132,7,none
2026-08-03 03:21:14,2026-08-03 03:20:00,63077.0,63070.0,62856.0,0.3516,0.3405,3.4779,-1.5,61913.16,65042.09,2.135,7,none
2026-08-03 03:26:06,2026-08-03 03:25:00,63055.0,63054.0,62856.0,0.3166,0.315,3.4779,-1.5,61913.16,65042.09,2.139,7,none
2026-08-03 03:31:21,2026-08-03 03:30:00,63051.0,63051.0,62856.0,0.3102,0.3102,3.4779,-1.5,61913.16,65042.09,2.142,7,none
2026-08-03 03:36:09,2026-08-03 03:35:00,63055.0,63051.0,62856.0,0.3166,0.3102,3.4779,-1.5,61913.16,65042.09,2.146,7,none
2026-08-03 03:41:15,2026-08-03 03:40:00,63035.0,63035.0,62856.0,0.2848,0.2848,3.4779,-1.5,61913.16,65042.09,2.149,7,none
2026-08-03 03:46:15,2026-08-03 03:45:00,63004.0,63003.0,62856.0,0.2355,0.2339,3.4779,-1.5,61913.16,65042.09,2.153,7,none
2026-08-03 03:51:07,2026-08-03 03:50:00,62934.0,62891.0,62856.0,0.1241,0.0557,3.4779,-1.5,61913.16,65042.09,2.156,7,none
2026-08-03 03:56:05,2026-08-03 03:55:00,62911.0,62910.0,62856.0,0.0875,0.0859,3.4779,-1.5,61913.16,65042.09,2.16,7,none
2026-08-03 04:01:28,2026-08-03 04:00:00,62886.0,62828.0,62856.0,0.0477,-0.0445,3.4779,-1.5,61913.16,65042.09,2.163,7,none
2026-08-03 04:06:13,2026-08-03 04:05:00,62913.0,62913.0,62856.0,0.0907,0.0907,3.4779,-1.5,61913.16,65042.09,2.167,7,none
2026-08-03 04:11:10,2026-08-03 04:10:00,62820.0,62787.0,62856.0,-0.0573,-0.1098,3.4779,-1.5,61913.16,65042.09,2.17,7,none
2026-08-03 04:16:16,2026-08-03 04:15:00,62898.0,62855.0,62856.0,0.0668,-0.0016,3.4779,-1.5,61913.16,65042.09,2.174,7,none
2026-08-03 04:21:14,2026-08-03 04:20:00,62940.0,62905.0,62856.0,0.1336,0.078,3.4779,-1.5,61913.16,65042.09,2.177,7,none
2026-08-03 04:26:15,2026-08-03 04:25:00,62938.0,62937.0,62856.0,0.1305,0.1289,3.4779,-1.5,61913.16,65042.09,2.181,7,none
2026-08-03 04:31:22,2026-08-03 04:30:00,62970.0,62958.0,62856.0,0.1814,0.1623,3.4779,-1.5,61913.16,65042.09,2.184,7,none
2026-08-03 04:36:17,2026-08-03 04:35:00,62983.0,62970.0,62856.0,0.202,0.1814,3.4779,-1.5,61913.16,65042.09,2.188,7,none
2026-08-03 04:41:16,2026-08-03 04:40:00,62981.0,62980.0,62856.0,0.1989,0.1973,3.4779,-1.5,61913.16,65042.09,2.191,7,none
2026-08-03 04:46:08,2026-08-03 04:45:00,62927.0,62927.0,62856.0,0.113,0.113,3.4779,-1.5,61913.16,65042.09,2.194,7,none
2026-08-03 04:51:12,2026-08-03 04:50:00,62902.0,62900.0,62856.0,0.0732,0.07,3.4779,-1.5,61913.16,65042.09,2.198,7,none
2026-08-03 04:56:05,2026-08-03 04:55:00,62827.0,62821.0,62856.0,-0.0461,-0.0557,3.4779,-1.5,61913.16,65042.09,2.201,7,none
2026-08-03 05:01:35,2026-08-03 05:00:00,62823.0,62767.0,62856.0,-0.0525,-0.1416,3.4779,-1.5,61913.16,65042.09,2.205,7,none
2026-08-03 05:06:14,2026-08-03 05:05:00,62733.0,62720.0,62856.0,-0.1957,-0.2164,3.4779,-1.5,61913.16,65042.09,2.208,7,none
2026-08-03 05:11:09,2026-08-03 05:10:00,62822.0,62813.0,62856.0,-0.0541,-0.0684,3.4779,-1.5,61913.16,65042.09,2.212,7,none
2026-08-03 05:16:28,2026-08-03 05:15:00,62822.0,62811.0,62856.0,-0.0541,-0.0716,3.4779,-1.5,61913.16,65042.09,2.215,7,none
2026-08-03 05:21:18,2026-08-03 05:20:00,62837.0,62836.0,62856.0,-0.0302,-0.0318,3.4779,-1.5,61913.16,65042.09,2.219,7,none
2026-08-03 05:26:18,2026-08-03 05:25:00,62813.0,62799.0,62856.0,-0.0684,-0.0907,3.4779,-1.5,61913.16,65042.09,2.222,7,none
2026-08-03 05:31:18,2026-08-03 05:30:00,62805.0,62787.0,62856.0,-0.0811,-0.1098,3.4779,-1.5,61913.16,65042.09,2.226,7,none
2026-08-03 05:36:03,2026-08-03 05:35:00,62754.0,62754.0,62856.0,-0.1623,-0.1623,3.4779,-1.5,61913.16,65042.09,2.229,7,none
2026-08-03 05:41:17,2026-08-03 05:40:00,62797.0,62786.0,62856.0,-0.0939,-0.1114,3.4779,-1.5,61913.16,65042.09,2.233,7,none
2026-08-03 05:47:47,2026-08-03 05:46:00,62798.0,62783.0,62856.0,-0.0923,-0.1161,3.4779,-1.5,61913.16,65042.09,2.237,7,none
2026-08-03 05:52:16,2026-08-03 05:51:00,62829.0,62818.0,62856.0,-0.043,-0.0605,3.4779,-1.5,61913.16,65042.09,2.24,7,none
2026-08-03 05:56:44,2026-08-03 05:55:00,62808.0,62799.0,62856.0,-0.0764,-0.0907,3.4779,-1.5,61913.16,65042.09,2.243,7,none
2026-08-03 06:02:28,2026-08-03 06:01:00,62833.0,62821.0,62856.0,-0.0366,-0.0557,3.4779,-1.5,61913.16,65042.09,2.247,7,none
2026-08-03 06:06:19,2026-08-03 06:05:00,62812.0,62812.0,62856.0,-0.07,-0.07,3.4779,-1.5,61913.16,65042.09,2.25,7,none
2026-08-03 06:11:17,2026-08-03 06:10:00,62834.0,62834.0,62856.0,-0.035,-0.035,3.4779,-1.5,61913.16,65042.09,2.254,7,none
2026-08-03 06:16:12,2026-08-03 06:15:00,62829.0,62814.0,62856.0,-0.043,-0.0668,3.4779,-1.5,61913.16,65042.09,2.257,7,none
2026-08-03 06:21:10,2026-08-03 06:20:00,62777.0,62776.0,62856.0,-0.1257,-0.1273,3.4779,-1.5,61913.16,65042.09,2.26,7,none
2026-08-03 06:26:08,2026-08-03 06:25:00,62761.0,62761.0,62856.0,-0.1511,-0.1511,3.4779,-1.5,61913.16,65042.09,2.264,7,none
2026-08-03 06:31:16,2026-08-03 06:30:00,62773.0,62768.0,62856.0,-0.132,-0.14,3.4779,-1.5,61913.16,65042.09,2.267,7,none
2026-08-03 06:36:09,2026-08-03 06:35:00,62733.0,62733.0,62856.0,-0.1957,-0.1957,3.4779,-1.5,61913.16,65042.09,2.271,7,none
2026-08-03 06:41:10,2026-08-03 06:40:00,62643.0,62637.0,62856.0,-0.3389,-0.3484,3.4779,-1.5,61913.16,65042.09,2.274,7,none
2026-08-03 06:46:11,2026-08-03 06:45:00,62625.0,62586.0,62856.0,-0.3675,-0.4296,3.4779,-1.5,61913.16,65042.09,2.278,7,none
2026-08-03 06:51:18,2026-08-03 06:50:00,62636.0,62622.0,62856.0,-0.35,-0.3723,3.4779,-1.5,61913.16,65042.09,2.281,7,none
2026-08-03 06:56:05,2026-08-03 06:55:00,62637.0,62636.0,62856.0,-0.3484,-0.35,3.4779,-1.5,61913.16,65042.09,2.285,7,none
2026-08-03 07:01:30,2026-08-03 07:00:00,62601.0,62594.0,62856.0,-0.4057,-0.4168,3.4779,-1.5,61913.16,65042.09,2.288,7,none
2026-08-03 07:06:12,2026-08-03 07:05:00,62629.0,62599.0,62856.0,-0.3611,-0.4089,3.4779,-1.5,61913.16,65042.09,2.292,7,none
2026-08-03 07:11:25,2026-08-03 07:10:00,62623.0,62590.0,62856.0,-0.3707,-0.4232,3.4779,-1.5,61913.16,65042.09,2.295,7,none
2026-08-03 07:16:11,2026-08-03 07:15:00,62559.0,62535.0,62856.0,-0.4725,-0.5107,3.4779,-1.5,61913.16,65042.09,2.299,7,none
2026-08-03 07:21:18,2026-08-03 07:20:00,62568.0,62562.0,62856.0,-0.4582,-0.4677,3.4779,-1.5,61913.16,65042.09,2.302,7,none
2026-08-03 07:26:25,2026-08-03 07:25:00,62629.0,62624.0,62856.0,-0.3611,-0.3691,3.4779,-1.5,61913.16,65042.09,2.306,7,none
2026-08-03 07:31:32,2026-08-03 07:30:00,62626.0,62609.0,62856.0,-0.3659,-0.393,3.4779,-1.5,61913.16,65042.09,2.309,7,none
2026-08-03 07:36:29,2026-08-03 07:35:00,62650.0,62650.0,62856.0,-0.3277,-0.3277,3.4779,-1.5,61913.16,65042.09,2.313,7,none
2026-08-03 07:41:14,2026-08-03 07:40:00,62613.0,62613.0,62856.0,-0.3866,-0.3866,3.4779,-1.5,61913.16,65042.09,2.316,7,none
2026-08-03 07:46:10,2026-08-03 07:45:00,62620.0,62616.0,62856.0,-0.3755,-0.3818,3.4779,-1.5,61913.16,65042.09,2.319,7,none
2026-08-03 07:51:08,2026-08-03 07:50:00,62620.0,62609.0,62856.0,-0.3755,-0.393,3.4779,-1.5,61913.16,65042.09,2.323,7,none
2026-08-03 07:56:33,2026-08-03 07:55:00,62599.0,62589.0,62856.0,-0.4089,-0.4248,3.4779,-1.5,61913.16,65042.09,2.327,7,none
2026-08-03 08:02:00,2026-08-03 08:00:00,62609.0,62596.0,62856.0,-0.393,-0.4136,3.4779,-1.5,61913.16,65042.09,2.33,7,none
2026-08-03 08:06:11,2026-08-03 08:05:00,62588.0,62574.0,62856.0,-0.4264,-0.4486,3.4779,-1.5,61913.16,65042.09,2.333,7,none
2026-08-03 08:11:40,2026-08-03 08:10:00,62512.0,62508.0,62856.0,-0.5473,-0.5536,3.4779,-1.5,61913.16,65042.09,2.337,7,none
2026-08-03 08:17:44,2026-08-03 08:16:00,62500.0,62500.0,62856.0,-0.5664,-0.5664,3.4779,-1.5,61913.16,65042.09,2.341,7,none
2026-08-03 08:21:47,2026-08-03 08:20:00,62458.0,62457.0,62856.0,-0.6332,-0.6348,3.4779,-1.5,61913.16,65042.09,2.344,7,none
2026-08-03 08:26:06,2026-08-03 08:25:00,62378.0,62364.0,62856.0,-0.7605,-0.7827,3.4779,-1.5,61913.16,65042.09,2.347,7,none
2026-08-03 08:31:44,2026-08-03 08:30:00,62332.0,62281.0,62856.0,-0.8337,-0.9148,3.4779,-1.5,61913.16,65042.09,2.351,7,none
2026-08-03 08:36:08,2026-08-03 08:35:00,62314.0,62290.0,62856.0,-0.8623,-0.9005,3.4779,-1.5,61913.16,65042.09,2.354,7,none
2026-08-03 08:41:14,2026-08-03 08:40:00,62381.0,62372.0,62856.0,-0.7557,-0.77,3.4779,-1.5,61913.16,65042.09,2.358,7,none
2026-08-03 08:46:18,2026-08-03 08:45:00,62420.0,62405.0,62856.0,-0.6936,-0.7175,3.4779,-1.5,61913.16,65042.09,2.361,7,none
2026-08-03 08:51:44,2026-08-03 08:50:00,62414.0,62408.0,62856.0,-0.7032,-0.7127,3.4779,-1.5,61913.16,65042.09,2.365,7,none
2026-08-03 08:57:17,2026-08-03 08:56:00,62484.0,62456.0,62856.0,-0.5918,-0.6364,3.4779,-1.5,61913.16,65042.09,2.369,7,none
2026-08-03 09:02:05,2026-08-03 09:01:00,62508.0,62508.0,62856.0,-0.5536,-0.5536,3.4779,-1.5,61913.16,65042.09,2.372,7,none
2026-08-03 09:06:11,2026-08-03 09:05:00,62516.0,62513.0,62856.0,-0.5409,-0.5457,3.4779,-1.5,61913.16,65042.09,2.375,7,none
2026-08-03 09:11:49,2026-08-03 09:10:00,62538.0,62524.0,62856.0,-0.5059,-0.5282,3.4779,-1.5,61913.16,65042.09,2.379,7,none
2026-08-03 09:16:27,2026-08-03 09:15:00,62554.0,62551.0,62856.0,-0.4805,-0.4852,3.4779,-1.5,61913.16,65042.09,2.382,7,none
2026-08-03 09:23:00,2026-08-03 09:22:00,62647.0,62621.0,62856.0,-0.3325,-0.3739,3.4779,-1.5,61913.16,65042.09,2.387,7,none
2026-08-03 09:26:14,2026-08-03 09:25:00,62613.0,62613.0,62856.0,-0.3866,-0.3866,3.4779,-1.5,61913.16,65042.09,2.389,7,none
2026-08-03 09:31:48,2026-08-03 09:30:00,62628.0,62624.0,62856.0,-0.3627,-0.3691,3.4779,-1.5,61913.16,65042.09,2.393,7,none
2026-08-03 09:36:09,2026-08-03 09:35:00,62646.0,62644.0,62856.0,-0.3341,-0.3373,3.4779,-1.5,61913.16,65042.09,2.396,7,none
2026-08-03 09:41:25,2026-08-03 09:40:00,62648.0,62639.0,62856.0,-0.3309,-0.3452,3.4779,-1.5,61913.16,65042.09,2.399,7,none
2026-08-03 09:46:16,2026-08-03 09:45:00,62677.0,62676.0,62856.0,-0.2848,-0.2864,3.4779,-1.5,61913.16,65042.09,2.403,7,none
2026-08-03 09:51:14,2026-08-03 09:50:00,62721.0,62717.0,62856.0,-0.2148,-0.2211,3.4779,-1.5,61913.16,65042.09,2.406,7,none
2026-08-03 09:56:16,2026-08-03 09:55:00,62777.0,62743.0,62856.0,-0.1257,-0.1798,3.4779,-1.5,61913.16,65042.09,2.41,7,none
2026-08-03 10:01:25,2026-08-03 10:00:00,62814.0,62809.0,62856.0,-0.0668,-0.0748,3.4779,-1.5,61913.16,65042.09,2.413,7,none
2026-08-03 10:06:03,2026-08-03 10:05:00,62747.0,62746.0,62856.0,-0.1734,-0.175,3.4779,-1.5,61913.16,65042.09,2.417,7,none
2026-08-03 10:11:16,2026-08-03 10:10:00,62749.0,62741.0,62856.0,-0.1702,-0.183,3.4779,-1.5,61913.16,65042.09,2.42,7,none
2026-08-03 10:16:20,2026-08-03 10:15:00,62764.0,62763.0,62856.0,-0.1464,-0.148,3.4779,-1.5,61913.16,65042.09,2.424,7,none
2026-08-03 10:21:23,2026-08-03 10:20:00,62763.0,62761.0,62856.0,-0.148,-0.1511,3.4779,-1.5,61913.16,65042.09,2.427,7,none
2026-08-03 10:26:09,2026-08-03 10:25:00,62750.0,62750.0,62856.0,-0.1686,-0.1686,3.4779,-1.5,61913.16,65042.09,2.431,7,none
2026-08-03 10:31:29,2026-08-03 10:30:00,62688.0,62687.0,62856.0,-0.2673,-0.2689,3.4779,-1.5,61913.16,65042.09,2.434,7,none
2026-08-03 10:36:04,2026-08-03 10:35:00,62653.0,62653.0,62856.0,-0.323,-0.323,3.4779,-1.5,61913.16,65042.09,2.437,7,none
2026-08-03 10:41:12,2026-08-03 10:40:00,62654.0,62648.0,62856.0,-0.3214,-0.3309,3.4779,-1.5,61913.16,65042.09,2.441,7,none
2026-08-03 10:46:14,2026-08-03 10:45:00,62660.0,62656.0,62856.0,-0.3118,-0.3182,3.4779,-1.5,61913.16,65042.09,2.444,7,none
2026-08-03 10:51:10,2026-08-03 10:50:00,62600.0,62599.0,62856.0,-0.4073,-0.4089,3.4779,-1.5,61913.16,65042.09,2.448,7,none
2026-08-03 10:56:08,2026-08-03 10:55:00,62657.0,62646.0,62856.0,-0.3166,-0.3341,3.4779,-1.5,61913.16,65042.09,2.451,7,none
2026-08-03 11:01:13,2026-08-03 11:00:00,62721.0,62719.0,62856.0,-0.2148,-0.218,3.4779,-1.5,61913.16,65042.09,2.455,7,none
2026-08-03 11:06:08,2026-08-03 11:05:00,62649.0,62649.0,62856.0,-0.3293,-0.3293,3.4779,-1.5,61913.16,65042.09,2.458,7,none
2026-08-03 11:11:11,2026-08-03 11:10:00,62576.0,62576.0,62856.0,-0.4455,-0.4455,3.4779,-1.5,61913.16,65042.09,2.462,7,none
2026-08-03 11:16:11,2026-08-03 11:15:00,62637.0,62613.0,62856.0,-0.3484,-0.3866,3.4779,-1.5,61913.16,65042.09,2.465,7,none
2026-08-03 11:21:16,2026-08-03 11:20:00,62714.0,62704.0,62856.0,-0.2259,-0.2418,3.4779,-1.5,61913.16,65042.09,2.469,7,none
2026-08-03 11:26:17,2026-08-03 11:25:00,62719.0,62718.0,62856.0,-0.218,-0.2195,3.4779,-1.5,61913.16,65042.09,2.472,7,none
2026-08-03 11:31:23,2026-08-03 11:30:00,62698.0,62673.0,62856.0,-0.2514,-0.2911,3.4779,-1.5,61913.16,65042.09,2.476,7,none
2026-08-03 11:36:07,2026-08-03 11:35:00,62756.0,62743.0,62856.0,-0.1591,-0.1798,3.4779,-1.5,61913.16,65042.09,2.479,7,none
2026-08-03 11:41:07,2026-08-03 11:40:00,62664.0,62664.0,62856.0,-0.3055,-0.3055,3.4779,-1.5,61913.16,65042.09,2.483,7,none
2026-08-03 11:46:15,2026-08-03 11:45:00,62670.0,62669.0,62856.0,-0.2959,-0.2975,3.4779,-1.5,61913.16,65042.09,2.486,7,none
2026-08-03 11:51:16,2026-08-03 11:50:00,62641.0,62641.0,62856.0,-0.3421,-0.3421,3.4779,-1.5,61913.16,65042.09,2.49,7,none
2026-08-03 11:56:18,2026-08-03 11:55:00,62584.0,62583.0,62856.0,-0.4327,-0.4343,3.4779,-1.5,61913.16,65042.09,2.493,7,none
2026-08-03 12:01:26,2026-08-03 12:00:00,62551.0,62522.0,62856.0,-0.4852,-0.5314,3.4779,-1.5,61913.16,65042.09,2.497,7,none
2026-08-03 12:06:08,2026-08-03 12:05:00,62501.0,62485.0,62856.0,-0.5648,-0.5902,3.4779,-1.5,61913.16,65042.09,2.5,7,none
2026-08-03 12:11:22,2026-08-03 12:10:00,62469.0,62441.0,62856.0,-0.6157,-0.6602,3.4779,-1.5,61913.16,65042.09,2.504,7,none
2026-08-03 12:16:14,2026-08-03 12:15:00,62544.0,62534.0,62856.0,-0.4964,-0.5123,3.4779,-1.5,61913.16,65042.09,2.507,7,none
2026-08-03 12:21:15,2026-08-03 12:20:00,62608.0,62607.0,62856.0,-0.3946,-0.3961,3.4779,-1.5,61913.16,65042.09,2.51,7,none
2026-08-03 12:26:13,2026-08-03 12:25:00,62601.0,62600.0,62856.0,-0.4057,-0.4073,3.4779,-1.5,61913.16,65042.09,2.514,7,none
2026-08-03 12:31:15,2026-08-03 12:30:00,62615.0,62610.0,62856.0,-0.3834,-0.3914,3.4779,-1.5,61913.16,65042.09,2.517,7,none
2026-08-03 12:36:13,2026-08-03 12:35:00,62612.0,62604.0,62856.0,-0.3882,-0.4009,3.4779,-1.5,61913.16,65042.09,2.521,7,none
2026-08-03 12:41:21,2026-08-03 12:40:00,62628.0,62606.0,62856.0,-0.3627,-0.3977,3.4779,-1.5,61913.16,65042.09,2.524,7,none
2026-08-03 12:46:17,2026-08-03 12:45:00,62739.0,62737.0,62856.0,-0.1861,-0.1893,3.4779,-1.5,61913.16,65042.09,2.528,7,none
2026-08-03 12:51:25,2026-08-03 12:50:00,62682.0,62678.0,62856.0,-0.2768,-0.2832,3.4779,-1.5,61913.16,65042.09,2.531,7,none
2026-08-03 12:56:22,2026-08-03 12:55:00,62700.0,62692.0,62856.0,-0.2482,-0.2609,3.4779,-1.5,61913.16,65042.09,2.535,7,none
2026-08-03 13:01:33,2026-08-03 13:00:00,62689.0,62676.0,62856.0,-0.2657,-0.2864,3.4779,-1.5,61913.16,65042.09,2.538,7,none
2026-08-03 13:06:14,2026-08-03 13:05:00,62710.0,62680.0,62856.0,-0.2323,-0.28,3.4779,-1.5,61913.16,65042.09,2.542,7,none
2026-08-03 13:11:28,2026-08-03 13:10:00,62694.0,62693.0,62856.0,-0.2577,-0.2593,3.4779,-1.5,61913.16,65042.09,2.545,7,none
2026-08-03 13:16:09,2026-08-03 13:15:00,62762.0,62751.0,62856.0,-0.1495,-0.167,3.4779,-1.5,61913.16,65042.09,2.549,7,none
2026-08-03 13:21:19,2026-08-03 13:20:00,62931.0,62930.0,62856.0,0.1193,0.1177,3.4779,-1.5,61913.16,65042.09,2.552,7,none
2026-08-03 13:26:20,2026-08-03 13:25:00,62824.0,62821.0,62856.0,-0.0509,-0.0557,3.4779,-1.5,61913.16,65042.09,2.556,7,none
2026-08-03 13:31:22,2026-08-03 13:30:00,62679.0,62678.0,62856.0,-0.2816,-0.2832,3.4779,-1.5,61913.16,65042.09,2.559,7,none
2026-08-03 13:36:11,2026-08-03 13:35:00,62782.0,62669.0,62856.0,-0.1177,-0.2975,3.4779,-1.5,61913.16,65042.09,2.562,7,none
2026-08-03 13:41:16,2026-08-03 13:40:00,62880.0,62832.0,62856.0,0.0382,-0.0382,3.4779,-1.5,61913.16,65042.09,2.566,7,none
2026-08-03 13:46:09,2026-08-03 13:45:00,62861.0,62861.0,62856.0,0.008,0.008,3.4779,-1.5,61913.16,65042.09,2.569,7,none
2026-08-03 13:51:23,2026-08-03 13:50:00,62986.0,62934.0,62856.0,0.2068,0.1241,3.4779,-1.5,61913.16,65042.09,2.573,7,none
2026-08-03 13:56:15,2026-08-03 13:55:00,63221.0,63148.0,62856.0,0.5807,0.4646,3.4779,-1.5,61913.16,65042.09,2.576,7,none
2026-08-03 14:01:21,2026-08-03 14:00:00,63205.0,63204.0,62856.0,0.5552,0.5536,3.4779,-1.5,61913.16,65042.09,2.58,7,none
2026-08-03 14:06:15,2026-08-03 14:05:00,63231.0,63211.0,62856.0,0.5966,0.5648,3.4779,-1.5,61913.16,65042.09,2.583,7,none
2026-08-03 14:11:17,2026-08-03 14:10:00,63351.0,63257.0,62856.0,0.7875,0.638,3.4779,-1.5,61913.16,65042.09,2.587,7,none
2026-08-03 14:16:12,2026-08-03 14:15:00,63322.0,63289.0,62856.0,0.7414,0.6889,3.4779,-1.5,61913.16,65042.09,2.59,7,none
2026-08-03 14:21:06,2026-08-03 14:20:00,63219.0,63194.0,62856.0,0.5775,0.5377,3.4779,-1.5,61913.16,65042.09,2.594,7,none
2026-08-03 14:26:04,2026-08-03 14:25:00,63451.0,63394.0,62856.0,0.9466,0.8559,3.4779,-1.5,61913.16,65042.09,2.597,7,none
2026-08-03 14:31:21,2026-08-03 14:30:00,63709.0,63709.0,62856.0,1.3571,1.3571,3.4779,-1.5,61913.16,65042.09,2.601,7,none
2026-08-03 14:36:19,2026-08-03 14:35:00,63621.0,63621.0,62856.0,1.2171,1.2171,3.4779,-1.5,61913.16,65042.09,2.604,7,none
2026-08-03 14:41:11,2026-08-03 14:40:00,63827.0,63780.0,62856.0,1.5448,1.47,3.4779,-1.5,61913.16,65042.09,2.608,7,none
2026-08-03 14:46:14,2026-08-03 14:45:00,63730.0,63728.0,62856.0,1.3905,1.3873,3.4779,-1.5,61913.16,65042.09,2.611,7,none
2026-08-03 14:51:24,2026-08-03 14:50:00,63747.0,63700.0,62856.0,1.4175,1.3428,3.4779,-1.5,61913.16,65042.09,2.615,7,none
2026-08-03 14:56:11,2026-08-03 14:55:00,63899.0,63849.0,62856.0,1.6593,1.5798,3.4779,-1.5,61913.16,65042.09,2.618,7,none
2026-08-03 15:01:20,2026-08-03 15:00:00,63885.0,63878.0,62856.0,1.6371,1.6259,3.4779,-1.5,61913.16,65042.09,2.622,7,none
2026-08-03 15:06:15,2026-08-03 15:05:00,63827.0,63827.0,62856.0,1.5448,1.5448,3.4779,-1.5,61913.16,65042.09,2.625,7,none
2026-08-03 15:11:19,2026-08-03 15:10:00,63865.0,63781.0,62856.0,1.6053,1.4716,3.4779,-1.5,61913.16,65042.09,2.629,7,none
2026-08-03 15:16:17,2026-08-03 15:15:00,63801.0,63784.0,62856.0,1.5034,1.4764,3.4779,-1.5,61913.16,65042.09,2.632,7,none
2026-08-03 15:21:12,2026-08-03 15:20:00,63775.0,63758.0,62856.0,1.4621,1.435,3.4779,-1.5,61913.16,65042.09,2.635,7,none
2026-08-03 15:26:07,2026-08-03 15:25:00,63696.0,63684.0,62856.0,1.3364,1.3173,3.4779,-1.5,61913.16,65042.09,2.639,7,none
2026-08-03 15:31:18,2026-08-03 15:30:00,63696.0,63681.0,62856.0,1.3364,1.3125,3.4779,-1.5,61913.16,65042.09,2.642,7,none
2026-08-03 15:36:10,2026-08-03 15:35:00,63725.0,63681.0,62856.0,1.3825,1.3125,3.4779,-1.5,61913.16,65042.09,2.646,7,none
2026-08-03 15:41:22,2026-08-03 15:40:00,63857.0,63842.0,62856.0,1.5925,1.5687,3.4779,-1.5,61913.16,65042.09,2.649,7,none
2026-08-03 15:46:19,2026-08-03 15:45:00,63795.0,63756.0,62856.0,1.4939,1.4318,3.4779,-1.5,61913.16,65042.09,2.653,7,none
2026-08-03 15:51:15,2026-08-03 15:50:00,63758.0,63733.0,62856.0,1.435,1.3953,3.4779,-1.5,61913.16,65042.09,2.656,7,none
2026-08-03 15:56:13,2026-08-03 15:55:00,63665.0,63655.0,62856.0,1.2871,1.2712,3.4779,-1.5,61913.16,65042.09,2.66,7,none
2026-08-03 16:01:35,2026-08-03 16:00:00,63641.0,63640.0,62856.0,1.2489,1.2473,3.4779,-1.5,61913.16,65042.09,2.663,7,none
2026-08-03 16:06:27,2026-08-03 16:05:00,63817.0,63785.0,62856.0,1.5289,1.478,3.4779,-1.5,61913.16,65042.09,2.667,7,none
2026-08-03 16:11:18,2026-08-03 16:10:00,63695.0,63690.0,62856.0,1.3348,1.3268,3.4779,-1.5,61913.16,65042.09,2.67,7,none
2026-08-03 16:16:13,2026-08-03 16:15:00,63799.0,63767.0,62856.0,1.5003,1.4493,3.4779,-1.5,61913.16,65042.09,2.674,7,none
2026-08-03 16:21:17,2026-08-03 16:20:00,63799.0,63793.0,62856.0,1.5003,1.4907,3.4779,-1.5,61913.16,65042.09,2.677,7,none
2026-08-03 16:26:09,2026-08-03 16:25:00,63899.0,63881.0,62856.0,1.6593,1.6307,3.4779,-1.5,61913.16,65042.09,2.681,7,none
2026-08-03 16:31:16,2026-08-03 16:30:00,63821.0,63820.0,62856.0,1.5353,1.5337,3.4779,-1.5,61913.16,65042.09,2.684,7,none
2026-08-03 16:36:18,2026-08-03 16:35:00,63801.0,63800.0,62856.0,1.5034,1.5018,3.4779,-1.5,61913.16,65042.09,2.688,7,none
2026-08-03 16:41:18,2026-08-03 16:40:00,63774.0,63760.0,62856.0,1.4605,1.4382,3.4779,-1.5,61913.16,65042.09,2.691,7,none
2026-08-03 16:46:18,2026-08-03 16:45:00,63775.0,63739.0,62856.0,1.4621,1.4048,3.4779,-1.5,61913.16,65042.09,2.695,7,none
2026-08-03 16:51:14,2026-08-03 16:50:00,63813.0,63813.0,62856.0,1.5225,1.5225,3.4779,-1.5,61913.16,65042.09,2.698,7,none
2026-08-03 16:56:05,2026-08-03 16:55:00,63719.0,63719.0,62856.0,1.373,1.373,3.4779,-1.5,61913.16,65042.09,2.701,7,none
2026-08-03 17:01:28,2026-08-03 17:00:00,63699.0,63686.0,62856.0,1.3412,1.3205,3.4779,-1.5,61913.16,65042.09,2.705,7,none
2026-08-03 17:06:16,2026-08-03 17:05:00,63789.0,63744.0,62856.0,1.4843,1.4128,3.4779,-1.5,61913.16,65042.09,2.708,7,none
2026-08-03 17:11:17,2026-08-03 17:10:00,63772.0,63761.0,62856.0,1.4573,1.4398,3.4779,-1.5,61913.16,65042.09,2.712,7,none
2026-08-03 17:16:12,2026-08-03 17:15:00,63833.0,63824.0,62856.0,1.5543,1.54,3.4779,-1.5,61913.16,65042.09,2.715,7,none
2026-08-03 17:21:22,2026-08-03 17:20:00,63789.0,63782.0,62856.0,1.4843,1.4732,3.4779,-1.5,61913.16,65042.09,2.719,7,none
2026-08-03 17:27:23,2026-08-03 17:26:00,63860.0,63814.0,62856.0,1.5973,1.5241,3.4779,-1.5,61913.16,65042.09,2.723,7,none
2026-08-03 17:32:37,2026-08-03 17:31:00,63778.0,63778.0,62856.0,1.4668,1.4668,3.4779,-1.5,61913.16,65042.09,2.727,7,none
2026-08-03 17:36:11,2026-08-03 17:35:00,63839.0,63816.0,62856.0,1.5639,1.5273,3.4779,-1.5,61913.16,65042.09,2.729,7,none
2026-08-03 17:42:00,2026-08-03 17:40:00,63809.0,63794.0,62856.0,1.5162,1.4923,3.4779,-1.5,61913.16,65042.09,2.733,7,none
2026-08-03 17:47:47,2026-08-03 17:46:00,63917.0,63881.0,62856.0,1.688,1.6307,3.4779,-1.5,61913.16,65042.09,2.737,7,none
2026-08-03 17:51:18,2026-08-03 17:50:00,63905.0,63904.0,62856.0,1.6689,1.6673,3.4779,-1.5,61913.16,65042.09,2.74,7,none
2026-08-03 17:56:08,2026-08-03 17:55:00,63867.0,63835.0,62856.0,1.6084,1.5575,3.4779,-1.5,61913.16,65042.09,2.743,7,none
2026-08-03 18:01:22,2026-08-03 18:00:00,63858.0,63857.0,62856.0,1.5941,1.5925,3.4779,-1.5,61913.16,65042.09,2.747,7,none
2026-08-03 18:06:10,2026-08-03 18:05:00,63885.0,63885.0,62856.0,1.6371,1.6371,3.4779,-1.5,61913.16,65042.09,2.75,7,none
2026-08-03 18:11:15,2026-08-03 18:10:00,63892.0,63882.0,62856.0,1.6482,1.6323,3.4779,-1.5,61913.16,65042.09,2.754,7,none
2026-08-03 18:16:18,2026-08-03 18:15:00,63962.0,63939.0,62856.0,1.7596,1.723,3.4779,-1.5,61913.16,65042.09,2.757,7,none
2026-08-03 18:21:22,2026-08-03 18:20:00,63882.0,63876.0,62856.0,1.6323,1.6228,3.4779,-1.5,61913.16,65042.09,2.761,7,none
2026-08-03 18:26:13,2026-08-03 18:25:00,63861.0,63855.0,62856.0,1.5989,1.5893,3.4779,-1.5,61913.16,65042.09,2.764,7,none
2026-08-03 18:31:24,2026-08-03 18:30:00,63847.0,63819.0,62856.0,1.5766,1.5321,3.4779,-1.5,61913.16,65042.09,2.768,7,none
2026-08-03 18:36:14,2026-08-03 18:35:00,63836.0,63822.0,62856.0,1.5591,1.5368,3.4779,-1.5,61913.16,65042.09,2.771,7,none
2026-08-03 18:41:20,2026-08-03 18:40:00,63810.0,63810.0,62856.0,1.5178,1.5178,3.4779,-1.5,61913.16,65042.09,2.774,7,none
2026-08-03 18:46:25,2026-08-03 18:45:00,63792.0,63792.0,62856.0,1.4891,1.4891,3.4779,-1.5,61913.16,65042.09,2.778,7,none
2026-08-03 18:51:15,2026-08-03 18:50:00,63789.0,63788.0,62856.0,1.4843,1.4828,3.4779,-1.5,61913.16,65042.09,2.781,7,none
2026-08-03 18:56:06,2026-08-03 18:55:00,63878.0,63878.0,62856.0,1.6259,1.6259,3.4779,-1.5,61913.16,65042.09,2.785,7,none
2026-08-03 19:01:21,2026-08-03 19:00:00,63852.0,63833.0,62856.0,1.5846,1.5543,3.4779,-1.5,61913.16,65042.09,2.788,7,none
2026-08-03 19:06:12,2026-08-03 19:05:00,63862.0,63856.0,62856.0,1.6005,1.5909,3.4779,-1.5,61913.16,65042.09,2.792,7,none
2026-08-03 19:11:20,2026-08-03 19:10:00,63858.0,63851.0,62856.0,1.5941,1.583,3.4779,-1.5,61913.16,65042.09,2.795,7,none
2026-08-03 19:16:19,2026-08-03 19:15:00,63910.0,63885.0,62856.0,1.6768,1.6371,3.4779,-1.5,61913.16,65042.09,2.799,7,none
2026-08-03 19:21:13,2026-08-03 19:20:00,63904.0,63897.0,62856.0,1.6673,1.6562,3.4779,-1.5,61913.16,65042.09,2.802,7,none
2026-08-03 19:26:12,2026-08-03 19:25:00,63923.0,63916.0,62856.0,1.6975,1.6864,3.4779,-1.5,61913.16,65042.09,2.806,7,none
2026-08-03 19:31:18,2026-08-03 19:30:00,63973.0,63940.0,62856.0,1.7771,1.7246,3.4779,-1.5,61913.16,65042.09,2.809,7,none
2026-08-03 19:36:10,2026-08-03 19:35:00,64014.0,64014.0,62856.0,1.8423,1.8423,3.4779,-1.5,61913.16,65042.09,2.812,7,none
2026-08-03 19:41:09,2026-08-03 19:40:00,63881.0,63821.0,62856.0,1.6307,1.5353,3.4779,-1.5,61913.16,65042.09,2.816,7,none
2026-08-03 19:46:19,2026-08-03 19:45:00,63909.0,63908.0,62856.0,1.6753,1.6737,3.4779,-1.5,61913.16,65042.09,2.82,7,none
2026-08-03 19:51:09,2026-08-03 19:50:00,63916.0,63880.0,62856.0,1.6864,1.6291,3.4779,-1.5,61913.16,65042.09,2.823,7,none
2026-08-03 19:56:13,2026-08-03 19:55:00,63875.0,63873.0,62856.0,1.6212,1.618,3.4779,-1.5,61913.16,65042.09,2.826,7,none
2026-08-03 20:01:21,2026-08-03 20:00:00,63795.0,63795.0,62856.0,1.4939,1.4939,3.4779,-1.5,61913.16,65042.09,2.83,7,none
2026-08-03 20:06:11,2026-08-03 20:05:00,63835.0,63806.0,62856.0,1.5575,1.5114,3.4779,-1.5,61913.16,65042.09,2.833,7,none
2026-08-03 20:11:21,2026-08-03 20:10:00,63878.0,63861.0,62856.0,1.6259,1.5989,3.4779,-1.5,61913.16,65042.09,2.837,7,none
2026-08-03 20:16:14,2026-08-03 20:15:00,63864.0,63864.0,62856.0,1.6037,1.6037,3.4779,-1.5,61913.16,65042.09,2.84,7,none
2026-08-03 20:21:20,2026-08-03 20:20:00,63962.0,63942.0,62856.0,1.7596,1.7278,3.4779,-1.5,61913.16,65042.09,2.844,7,none
2026-08-03 20:26:14,2026-08-03 20:25:00,63921.0,63914.0,62856.0,1.6943,1.6832,3.4779,-1.5,61913.16,65042.09,2.847,7,none
2026-08-03 20:31:33,2026-08-03 20:30:00,63914.0,63914.0,62856.0,1.6832,1.6832,3.4779,-1.5,61913.16,65042.09,2.851,7,none
2026-08-03 20:36:08,2026-08-03 20:35:00,63916.0,63899.0,62856.0,1.6864,1.6593,3.4779,-1.5,61913.16,65042.09,2.854,7,none
2026-08-03 20:41:25,2026-08-03 20:40:00,63878.0,63873.0,62856.0,1.6259,1.618,3.4779,-1.5,61913.16,65042.09,2.858,7,none
2026-08-03 20:46:10,2026-08-03 20:45:00,63850.0,63850.0,62856.0,1.5814,1.5814,3.4779,-1.5,61913.16,65042.09,2.861,7,none
2026-08-03 20:51:12,2026-08-03 20:50:00,63760.0,63760.0,62856.0,1.4382,1.4382,3.4779,-1.5,61913.16,65042.09,2.865,7,none
2026-08-03 20:56:14,2026-08-03 20:55:00,63766.0,63759.0,62856.0,1.4478,1.4366,3.4779,-1.5,61913.16,65042.09,2.868,7,none
2026-08-03 21:01:22,2026-08-03 21:00:00,63760.0,63760.0,62856.0,1.4382,1.4382,3.4779,-1.5,61913.16,65042.09,2.872,7,none
2026-08-03 21:06:13,2026-08-03 21:05:00,63721.0,63700.0,62856.0,1.3762,1.3428,3.4779,-1.5,61913.16,65042.09,2.875,7,none
2026-08-03 21:11:17,2026-08-03 21:10:00,63697.0,63697.0,62856.0,1.338,1.338,3.4779,-1.5,61913.16,65042.09,2.879,7,none
2026-08-03 21:16:23,2026-08-03 21:15:00,63682.0,63682.0,62856.0,1.3141,1.3141,3.4779,-1.5,61913.16,65042.09,2.882,7,none
2026-08-03 21:21:23,2026-08-03 21:20:00,63675.0,63675.0,62856.0,1.303,1.303,3.4779,-1.5,61913.16,65042.09,2.886,7,none
2026-08-03 21:26:15,2026-08-03 21:25:00,63687.0,63677.0,62856.0,1.3221,1.3062,3.4779,-1.5,61913.16,65042.09,2.889,7,none
2026-08-03 21:31:18,2026-08-03 21:30:00,63703.0,63695.0,62856.0,1.3475,1.3348,3.4779,-1.5,61913.16,65042.09,2.892,7,none
2026-08-03 21:36:19,2026-08-03 21:35:00,63640.0,63640.0,62856.0,1.2473,1.2473,3.4779,-1.5,61913.16,65042.09,2.896,7,none
2026-08-03 21:41:13,2026-08-03 21:40:00,63662.0,63662.0,62856.0,1.2823,1.2823,3.4779,-1.5,61913.16,65042.09,2.899,7,none
2026-08-03 21:46:08,2026-08-03 21:45:00,63637.0,63637.0,62856.0,1.2425,1.2425,3.4779,-1.5,61913.16,65042.09,2.903,7,none
2026-08-03 21:51:21,2026-08-03 21:50:00,63630.0,63613.0,62856.0,1.2314,1.2043,3.4779,-1.5,61913.16,65042.09,2.906,7,none
2026-08-03 21:56:12,2026-08-03 21:55:00,63559.0,63543.0,62856.0,1.1184,1.093,3.4779,-1.5,61913.16,65042.09,2.91,7,none
2026-08-03 22:01:38,2026-08-03 22:00:00,63576.0,63559.0,62856.0,1.1455,1.1184,3.4779,-1.5,61913.16,65042.09,2.913,7,none
2026-08-03 22:06:06,2026-08-03 22:05:00,63416.0,63400.0,62856.0,0.8909,0.8655,3.4779,-1.5,61913.16,65042.09,2.917,7,none
2026-08-03 22:11:12,2026-08-03 22:10:00,63492.0,63460.0,62856.0,1.0118,0.9609,3.4779,-1.5,61913.16,65042.09,2.92,7,none
2026-08-03 22:16:18,2026-08-03 22:15:00,63529.0,63474.0,62856.0,1.0707,0.9832,3.4779,-1.5,61913.16,65042.09,2.924,7,none
2026-08-03 22:21:18,2026-08-03 22:20:00,63562.0,63556.0,62856.0,1.1232,1.1137,3.4779,-1.5,61913.16,65042.09,2.927,7,none
2026-08-03 22:26:08,2026-08-03 22:25:00,63503.0,63502.0,62856.0,1.0293,1.0277,3.4779,-1.5,61913.16,65042.09,2.931,7,none
2026-08-03 22:31:18,2026-08-03 22:30:00,63502.0,63484.0,62856.0,1.0277,0.9991,3.4779,-1.5,61913.16,65042.09,2.934,7,none
2026-08-03 22:36:19,2026-08-03 22:35:00,63477.0,63477.0,62856.0,0.988,0.988,3.4779,-1.5,61913.16,65042.09,2.938,7,none
2026-08-03 22:41:23,2026-08-03 22:40:00,63489.0,63467.0,62856.0,1.0071,0.9721,3.4779,-1.5,61913.16,65042.09,2.941,7,none
2026-08-03 22:46:15,2026-08-03 22:45:00,63478.0,63477.0,62856.0,0.9896,0.988,3.4779,-1.5,61913.16,65042.09,2.944,7,none
2026-08-03 22:51:12,2026-08-03 22:50:00,63540.0,63537.0,62856.0,1.0882,1.0834,3.4779,-1.5,61913.16,65042.09,2.948,7,none
2026-08-03 22:56:08,2026-08-03 22:55:00,63594.0,63594.0,62856.0,1.1741,1.1741,3.4779,-1.5,61913.16,65042.09,2.951,7,none
2026-08-03 23:01:30,2026-08-03 23:00:00,63540.0,63540.0,62856.0,1.0882,1.0882,3.4779,-1.5,61913.16,65042.09,2.955,7,none
2026-08-03 23:06:07,2026-08-03 23:05:00,63547.0,63547.0,62856.0,1.0993,1.0993,3.4779,-1.5,61913.16,65042.09,2.958,7,none
2026-08-03 23:11:14,2026-08-03 23:10:00,63547.0,63547.0,62856.0,1.0993,1.0993,3.4779,-1.5,61913.16,65042.09,2.962,7,none
2026-08-03 23:16:21,2026-08-03 23:15:00,63546.0,63513.0,62856.0,1.0977,1.0452,3.4779,-1.5,61913.16,65042.09,2.965,7,none
2026-08-03 23:21:10,2026-08-03 23:20:00,63516.0,63510.0,62856.0,1.05,1.0405,3.4779,-1.5,61913.16,65042.09,2.969,7,none
2026-08-03 23:26:08,2026-08-03 23:25:00,63531.0,63531.0,62856.0,1.0739,1.0739,3.4779,-1.5,61913.16,65042.09,2.972,7,none
2026-08-03 23:31:16,2026-08-03 23:30:00,63516.0,63516.0,62856.0,1.05,1.05,3.4779,-1.5,61913.16,65042.09,2.976,7,none
2026-08-03 23:36:09,2026-08-03 23:35:00,63494.0,63494.0,62856.0,1.015,1.015,3.4779,-1.5,61913.16,65042.09,2.979,7,none
2026-08-03 23:41:17,2026-08-03 23:40:00,63444.0,63429.0,62856.0,0.9355,0.9116,3.4779,-1.5,61913.16,65042.09,2.983,7,none
2026-08-03 23:46:09,2026-08-03 23:45:00,63490.0,63456.0,62856.0,1.0087,0.9546,3.4779,-1.5,61913.16,65042.09,2.986,7,none
2026-08-03 23:51:11,2026-08-03 23:50:00,63474.0,63465.0,62856.0,0.9832,0.9689,3.4779,-1.5,61913.16,65042.09,2.99,7,none
2026-08-03 23:56:09,2026-08-03 23:55:00,63476.0,63476.0,62856.0,0.9864,0.9864,3.4779,-1.5,61913.16,65042.09,2.993,7,none
2026-08-04 00:01:29,2026-08-04 00:00:00,63472.0,63460.0,62856.0,0.98,0.9609,3.4779,-1.5,61913.16,65042.09,2.997,7,none
2026-08-04 00:06:28,2026-08-04 00:05:00,63524.0,63524.0,62856.0,1.0627,1.0627,3.4779,-1.5,61913.16,65042.09,3.0,7,none
2026-08-04 00:11:12,2026-08-04 00:10:00,63531.0,63517.0,62856.0,1.0739,1.0516,3.4779,-1.5,61913.16,65042.09,3.003,7,none
2026-08-04 00:16:11,2026-08-04 00:15:00,63404.0,63404.0,62856.0,0.8718,0.8718,3.4779,-1.5,61913.16,65042.09,3.007,7,none
2026-08-04 00:21:10,2026-08-04 00:20:00,63430.0,63398.0,62856.0,0.9132,0.8623,3.4779,-1.5,61913.16,65042.09,3.01,7,none
2026-08-04 00:26:03,2026-08-04 00:25:00,63409.0,63399.0,62856.0,0.8798,0.8639,3.4779,-1.5,61913.16,65042.09,3.014,7,none
2026-08-04 00:31:19,2026-08-04 00:30:00,63389.0,63389.0,62856.0,0.848,0.848,3.4779,-1.5,61913.16,65042.09,3.017,7,none
2026-08-04 00:36:08,2026-08-04 00:35:00,63326.0,63317.0,62856.0,0.7477,0.7334,3.4779,-1.5,61913.16,65042.09,3.021,7,none
2026-08-04 00:41:10,2026-08-04 00:40:00,63365.0,63349.0,62856.0,0.8098,0.7843,3.4779,-1.5,61913.16,65042.09,3.024,7,none
2026-08-04 00:46:10,2026-08-04 00:45:00,63357.0,63357.0,62856.0,0.7971,0.7971,3.4779,-1.5,61913.16,65042.09,3.028,7,none
2026-08-04 00:51:16,2026-08-04 00:50:00,63417.0,63407.0,62856.0,0.8925,0.8766,3.4779,-1.5,61913.16,65042.09,3.031,7,none
2026-08-04 00:56:05,2026-08-04 00:55:00,63300.0,63299.0,62856.0,0.7064,0.7048,3.4779,-1.5,61913.16,65042.09,3.035,7,none
2026-08-04 01:01:29,2026-08-04 01:00:00,63378.0,63333.0,62856.0,0.8305,0.7589,3.4779,-1.5,61913.16,65042.09,3.038,7,none
2026-08-04 01:06:11,2026-08-04 01:05:00,63469.0,63405.0,62856.0,0.9752,0.8734,3.4779,-1.5,61913.16,65042.09,3.042,7,none
2026-08-04 01:11:09,2026-08-04 01:10:00,63454.0,63425.0,62856.0,0.9514,0.9052,3.4779,-1.5,61913.16,65042.09,3.045,7,none
2026-08-04 01:16:10,2026-08-04 01:15:00,63468.0,63453.0,62856.0,0.9737,0.9498,3.4779,-1.5,61913.16,65042.09,3.049,7,none
2026-08-04 01:21:13,2026-08-04 01:20:00,63491.0,63484.0,62856.0,1.0102,0.9991,3.4779,-1.5,61913.16,65042.09,3.052,7,none
2026-08-04 01:26:26,2026-08-04 01:25:00,63472.0,63453.0,62856.0,0.98,0.9498,3.4779,-1.5,61913.16,65042.09,3.056,7,none
2026-08-04 01:31:13,2026-08-04 01:30:00,63564.0,63497.0,62856.0,1.1264,1.0198,3.4779,-1.5,61913.16,65042.09,3.059,7,none
2026-08-04 01:36:16,2026-08-04 01:35:00,63622.0,63619.0,62856.0,1.2187,1.2139,3.4779,-1.5,61913.16,65042.09,3.063,7,none
2026-08-04 01:41:14,2026-08-04 01:40:00,63834.0,63694.0,62856.0,1.5559,1.3332,3.4779,-1.5,61913.16,65042.09,3.066,7,none
2026-08-04 01:46:10,2026-08-04 01:45:00,63829.0,63792.0,62856.0,1.548,1.4891,3.4779,-1.5,61913.16,65042.09,3.069,7,none
2026-08-04 01:51:15,2026-08-04 01:50:00,63752.0,63752.0,62856.0,1.4255,1.4255,3.4779,-1.5,61913.16,65042.09,3.073,7,none
2026-08-04 01:56:08,2026-08-04 01:55:00,63843.0,63823.0,62856.0,1.5703,1.5384,3.4779,-1.5,61913.16,65042.09,3.076,7,none
2026-08-04 02:01:25,2026-08-04 02:00:00,63816.0,63816.0,62856.0,1.5273,1.5273,3.4779,-1.5,61913.16,65042.09,3.08,7,none
2026-08-04 02:06:08,2026-08-04 02:05:00,63763.0,63759.0,62856.0,1.443,1.4366,3.4779,-1.5,61913.16,65042.09,3.083,7,none
2026-08-04 02:11:13,2026-08-04 02:10:00,63769.0,63768.0,62856.0,1.4525,1.4509,3.4779,-1.5,61913.16,65042.09,3.087,7,none
2026-08-04 02:16:17,2026-08-04 02:15:00,63749.0,63746.0,62856.0,1.4207,1.4159,3.4779,-1.5,61913.16,65042.09,3.09,7,none
2026-08-04 02:21:27,2026-08-04 02:20:00,63701.0,63682.0,62856.0,1.3443,1.3141,3.4779,-1.5,61913.16,65042.09,3.094,7,none
2026-08-04 02:26:15,2026-08-04 02:25:00,63682.0,63670.0,62856.0,1.3141,1.295,3.4779,-1.5,61913.16,65042.09,3.097,7,none
2026-08-04 02:31:20,2026-08-04 02:30:00,63713.0,63663.0,62856.0,1.3634,1.2839,3.4779,-1.5,61913.16,65042.09,3.101,7,none
2026-08-04 02:36:13,2026-08-04 02:35:00,63821.0,63777.0,62856.0,1.5353,1.4653,3.4779,-1.5,61913.16,65042.09,3.104,7,none
2026-08-04 02:41:13,2026-08-04 02:40:00,63827.0,63820.0,62856.0,1.5448,1.5337,3.4779,-1.5,61913.16,65042.09,3.108,7,none
2026-08-04 02:46:13,2026-08-04 02:45:00,63905.0,63871.0,62856.0,1.6689,1.6148,3.4779,-1.5,61913.16,65042.09,3.111,7,none
2026-08-04 02:51:22,2026-08-04 02:50:00,63812.0,63812.0,62856.0,1.5209,1.5209,3.4779,-1.5,61913.16,65042.09,3.115,7,none
2026-08-04 02:56:08,2026-08-04 02:55:00,63795.0,63794.0,62856.0,1.4939,1.4923,3.4779,-1.5,61913.16,65042.09,3.118,7,none
2026-08-04 03:01:20,2026-08-04 03:00:00,63790.0,63781.0,62856.0,1.4859,1.4716,3.4779,-1.5,61913.16,65042.09,3.122,7,none
2026-08-04 03:06:18,2026-08-04 03:05:00,63777.0,63776.0,62856.0,1.4653,1.4637,3.4779,-1.5,61913.16,65042.09,3.125,7,none
2026-08-04 03:11:17,2026-08-04 03:10:00,63750.0,63750.0,62856.0,1.4223,1.4223,3.4779,-1.5,61913.16,65042.09,3.129,7,none
2026-08-04 03:16:13,2026-08-04 03:15:00,63686.0,63663.0,62856.0,1.3205,1.2839,3.4779,-1.5,61913.16,65042.09,3.132,7,none
2026-08-04 03:21:19,2026-08-04 03:20:00,63682.0,63647.0,62856.0,1.3141,1.2584,3.4779,-1.5,61913.16,65042.09,3.135,7,none
2026-08-04 03:26:22,2026-08-04 03:25:00,63704.0,63652.0,62856.0,1.3491,1.2664,3.4779,-1.5,61913.16,65042.09,3.139,7,none
2026-08-04 03:31:24,2026-08-04 03:30:00,63835.0,63751.0,62856.0,1.5575,1.4239,3.4779,-1.5,61913.16,65042.09,3.142,7,none
2026-08-04 03:36:22,2026-08-04 03:35:00,63794.0,63794.0,62856.0,1.4923,1.4923,3.4779,-1.5,61913.16,65042.09,3.146,7,none
2026-08-04 03:41:18,2026-08-04 03:40:00,63808.0,63807.0,62856.0,1.5146,1.513,3.4779,-1.5,61913.16,65042.09,3.149,7,none
2026-08-04 03:46:14,2026-08-04 03:45:00,63795.0,63795.0,62856.0,1.4939,1.4939,3.4779,-1.5,61913.16,65042.09,3.153,7,none
2026-08-04 03:51:10,2026-08-04 03:50:00,63796.0,63796.0,62856.0,1.4955,1.4955,3.4779,-1.5,61913.16,65042.09,3.156,7,none
2026-08-04 03:56:08,2026-08-04 03:55:00,63789.0,63775.0,62856.0,1.4843,1.4621,3.4779,-1.5,61913.16,65042.09,3.16,7,none
2026-08-04 04:01:27,2026-08-04 04:00:00,63780.0,63775.0,62856.0,1.47,1.4621,3.4779,-1.5,61913.16,65042.09,3.163,7,none
2026-08-04 04:06:11,2026-08-04 04:05:00,63745.0,63739.0,62856.0,1.4143,1.4048,3.4779,-1.5,61913.16,65042.09,3.167,7,none
2026-08-04 04:11:11,2026-08-04 04:10:00,63798.0,63767.0,62856.0,1.4987,1.4493,3.4779,-1.5,61913.16,65042.09,3.17,7,none
2026-08-04 04:16:09,2026-08-04 04:15:00,63778.0,63778.0,62856.0,1.4668,1.4668,3.4779,-1.5,61913.16,65042.09,3.174,7,none
2026-08-04 04:21:15,2026-08-04 04:20:00,63852.0,63844.0,62856.0,1.5846,1.5718,3.4779,-1.5,61913.16,65042.09,3.177,7,none
2026-08-04 04:26:14,2026-08-04 04:25:00,63811.0,63808.0,62856.0,1.5193,1.5146,3.4779,-1.5,61913.16,65042.09,3.181,7,none
2026-08-04 04:31:23,2026-08-04 04:30:00,63834.0,63813.0,62856.0,1.5559,1.5225,3.4779,-1.5,61913.16,65042.09,3.184,7,none
2026-08-04 04:36:16,2026-08-04 04:35:00,63853.0,63853.0,62856.0,1.5862,1.5862,3.4779,-1.5,61913.16,65042.09,3.188,7,none
2026-08-04 04:41:12,2026-08-04 04:40:00,63982.0,63981.0,62856.0,1.7914,1.7898,3.4779,-1.5,61913.16,65042.09,3.191,7,none
2026-08-04 04:46:15,2026-08-04 04:45:00,64035.0,64035.0,62856.0,1.8757,1.8757,3.4779,-1.5,61913.16,65042.09,3.194,7,none
2026-08-04 04:51:18,2026-08-04 04:50:00,64138.0,64132.0,62856.0,2.0396,2.03,3.4779,-1.5,61913.16,65042.09,3.198,7,none
2026-08-04 04:56:23,2026-08-04 04:55:00,64086.0,64086.0,62856.0,1.9569,1.9569,3.4779,-1.5,61913.16,65042.09,3.202,7,none
2026-08-04 05:01:26,2026-08-04 05:00:00,63975.0,63972.0,62856.0,1.7803,1.7755,3.4779,-1.5,61913.16,65042.09,3.205,7,none
2026-08-04 05:06:12,2026-08-04 05:05:00,63934.0,63933.0,62856.0,1.715,1.7134,3.4779,-1.5,61913.16,65042.09,3.208,7,none
2026-08-04 05:11:19,2026-08-04 05:10:00,63888.0,63888.0,62856.0,1.6418,1.6418,3.4779,-1.5,61913.16,65042.09,3.212,7,none
2026-08-04 05:16:14,2026-08-04 05:15:00,63844.0,63806.0,62856.0,1.5718,1.5114,3.4779,-1.5,61913.16,65042.09,3.215,7,none
2026-08-04 05:21:18,2026-08-04 05:20:00,63855.0,63855.0,62856.0,1.5893,1.5893,3.4779,-1.5,61913.16,65042.09,3.219,7,none
2026-08-04 05:26:14,2026-08-04 05:25:00,63798.0,63795.0,62856.0,1.4987,1.4939,3.4779,-1.5,61913.16,65042.09,3.222,7,none
2026-08-04 05:31:19,2026-08-04 05:30:00,63812.0,63782.0,62856.0,1.5209,1.4732,3.4779,-1.5,61913.16,65042.09,3.226,7,none
2026-08-04 05:36:05,2026-08-04 05:35:00,63786.0,63775.0,62856.0,1.4796,1.4621,3.4779,-1.5,61913.16,65042.09,3.229,7,none
2026-08-04 05:41:18,2026-08-04 05:40:00,63796.0,63795.0,62856.0,1.4955,1.4939,3.4779,-1.5,61913.16,65042.09,3.233,7,none
2026-08-04 05:46:19,2026-08-04 05:45:00,63813.0,63812.0,62856.0,1.5225,1.5209,3.4779,-1.5,61913.16,65042.09,3.236,7,none
2026-08-04 05:51:16,2026-08-04 05:50:00,63771.0,63749.0,62856.0,1.4557,1.4207,3.4779,-1.5,61913.16,65042.09,3.24,7,none
2026-08-04 05:56:04,2026-08-04 05:55:00,63800.0,63787.0,62856.0,1.5018,1.4812,3.4779,-1.5,61913.16,65042.09,3.243,7,none
2026-08-04 06:01:25,2026-08-04 06:00:00,63745.0,63745.0,62856.0,1.4143,1.4143,3.4779,-1.5,61913.16,65042.09,3.247,7,none
2026-08-04 06:06:09,2026-08-04 06:05:00,63784.0,63783.0,62856.0,1.4764,1.4748,3.4779,-1.5,61913.16,65042.09,3.25,7,none
2026-08-04 06:11:30,2026-08-04 06:10:00,63809.0,63801.0,62856.0,1.5162,1.5034,3.4779,-1.5,61913.16,65042.09,3.254,7,none
2026-08-04 06:16:14,2026-08-04 06:15:00,63773.0,63773.0,62856.0,1.4589,1.4589,3.4779,-1.5,61913.16,65042.09,3.257,7,none
2026-08-04 06:21:18,2026-08-04 06:20:00,63828.0,63827.0,62856.0,1.5464,1.5448,3.4779,-1.5,61913.16,65042.09,3.26,7,none
2026-08-04 06:26:04,2026-08-04 06:25:00,63790.0,63790.0,62856.0,1.4859,1.4859,3.4779,-1.5,61913.16,65042.09,3.264,7,none
2026-08-04 06:31:15,2026-08-04 06:30:00,63732.0,63732.0,62856.0,1.3937,1.3937,3.4779,-1.5,61913.16,65042.09,3.267,7,none
2026-08-04 06:36:13,2026-08-04 06:35:00,63732.0,63732.0,62856.0,1.3937,1.3937,3.4779,-1.5,61913.16,65042.09,3.271,7,none
2026-08-04 06:41:18,2026-08-04 06:40:00,63695.0,63668.0,62856.0,1.3348,1.2918,3.4779,-1.5,61913.16,65042.09,3.274,7,none
2026-08-04 06:46:17,2026-08-04 06:45:00,63672.0,63667.0,62856.0,1.2982,1.2903,3.4779,-1.5,61913.16,65042.09,3.278,7,none
2026-08-04 06:51:06,2026-08-04 06:50:00,63637.0,63635.0,62856.0,1.2425,1.2393,3.4779,-1.5,61913.16,65042.09,3.281,7,none
2026-08-04 06:56:12,2026-08-04 06:55:00,63636.0,63635.0,62856.0,1.2409,1.2393,3.4779,-1.5,61913.16,65042.09,3.285,7,none
2026-08-04 07:01:32,2026-08-04 07:00:00,63636.0,63634.0,62856.0,1.2409,1.2377,3.4779,-1.5,61913.16,65042.09,3.288,7,none
2026-08-04 07:06:25,2026-08-04 07:05:00,63635.0,63634.0,62856.0,1.2393,1.2377,3.4779,-1.5,61913.16,65042.09,3.292,7,none
2026-08-04 07:11:23,2026-08-04 07:10:00,63589.0,63572.0,62856.0,1.1662,1.1391,3.4779,-1.5,61913.16,65042.09,3.295,7,none
2026-08-04 07:16:12,2026-08-04 07:15:00,63552.0,63552.0,62856.0,1.1073,1.1073,3.4779,-1.5,61913.16,65042.09,3.299,7,none
2026-08-04 07:21:19,2026-08-04 07:20:00,63493.0,63493.0,62856.0,1.0134,1.0134,3.4779,-1.5,61913.16,65042.09,3.302,7,none
2026-08-04 07:26:26,2026-08-04 07:25:00,63562.0,63532.0,62856.0,1.1232,1.0755,3.4779,-1.5,61913.16,65042.09,3.306,7,none
2026-08-04 07:31:23,2026-08-04 07:30:00,63639.0,63620.0,62856.0,1.2457,1.2155,3.4779,-1.5,61913.16,65042.09,3.309,7,none
2026-08-04 07:36:07,2026-08-04 07:35:00,63679.0,63665.0,62856.0,1.3093,1.2871,3.4779,-1.5,61913.16,65042.09,3.312,7,none
2026-08-04 07:41:10,2026-08-04 07:40:00,63655.0,63652.0,62856.0,1.2712,1.2664,3.4779,-1.5,61913.16,65042.09,3.316,7,none
2026-08-04 07:46:22,2026-08-04 07:45:00,63690.0,63638.0,62856.0,1.3268,1.2441,3.4779,-1.5,61913.16,65042.09,3.32,7,none
2026-08-04 07:51:08,2026-08-04 07:50:00,63711.0,63710.0,62856.0,1.3603,1.3587,3.4779,-1.5,61913.16,65042.09,3.323,7,none
2026-08-04 07:56:07,2026-08-04 07:55:00,63678.0,63677.0,62856.0,1.3078,1.3062,3.4779,-1.5,61913.16,65042.09,3.326,7,none
2026-08-04 08:01:26,2026-08-04 08:00:00,63673.0,63659.0,62856.0,1.2998,1.2775,3.4779,-1.5,61913.16,65042.09,3.33,7,none
2026-08-04 08:06:06,2026-08-04 08:05:00,63663.0,63663.0,62856.0,1.2839,1.2839,3.4779,-1.5,61913.16,65042.09,3.333,7,none
2026-08-04 08:10:34,2026-08-04 08:09:00,63639.0,63639.0,62856.0,1.2457,1.2457,3.4779,-1.5,61913.16,65042.09,3.336,7,none
2026-08-04 08:16:18,2026-08-04 08:15:00,63598.0,63597.0,62856.0,1.1805,1.1789,3.4779,-1.5,61913.16,65042.09,3.34,7,none
2026-08-04 08:21:09,2026-08-04 08:20:00,63560.0,63558.0,62856.0,1.12,1.1168,3.4779,-1.5,61913.16,65042.09,3.344,7,none
2026-08-04 08:26:06,2026-08-04 08:25:00,63605.0,63560.0,62856.0,1.1916,1.12,3.4779,-1.5,61913.16,65042.09,3.347,7,none
2026-08-04 08:31:23,2026-08-04 08:30:00,63580.0,63579.0,62856.0,1.1518,1.1502,3.4779,-1.5,61913.16,65042.09,3.351,7,none
2026-08-04 08:36:05,2026-08-04 08:35:00,63536.0,63533.0,62856.0,1.0818,1.0771,3.4779,-1.5,61913.16,65042.09,3.354,7,none
2026-08-04 08:41:12,2026-08-04 08:40:00,63538.0,63538.0,62856.0,1.085,1.085,3.4779,-1.5,61913.16,65042.09,3.358,7,none
2026-08-04 08:46:09,2026-08-04 08:45:00,63575.0,63574.0,62856.0,1.1439,1.1423,3.4779,-1.5,61913.16,65042.09,3.361,7,none
2026-08-04 08:51:10,2026-08-04 08:50:00,63590.0,63576.0,62856.0,1.1677,1.1455,3.4779,-1.5,61913.16,65042.09,3.365,7,none
2026-08-04 08:56:18,2026-08-04 08:55:00,63568.0,63559.0,62856.0,1.1327,1.1184,3.4779,-1.5,61913.16,65042.09,3.368,7,none
2026-08-04 09:01:23,2026-08-04 09:00:00,63549.0,63549.0,62856.0,1.1025,1.1025,3.4779,-1.5,61913.16,65042.09,3.372,7,none
2026-08-04 09:06:15,2026-08-04 09:05:00,63547.0,63547.0,62856.0,1.0993,1.0993,3.4779,-1.5,61913.16,65042.09,3.375,7,none
2026-08-04 09:11:23,2026-08-04 09:10:00,63511.0,63510.0,62856.0,1.0421,1.0405,3.4779,-1.5,61913.16,65042.09,3.379,7,none
2026-08-04 09:16:13,2026-08-04 09:15:00,63529.0,63526.0,62856.0,1.0707,1.0659,3.4779,-1.5,61913.16,65042.09,3.382,7,none
2026-08-04 09:21:14,2026-08-04 09:20:00,63513.0,63492.0,62856.0,1.0452,1.0118,3.4779,-1.5,61913.16,65042.09,3.385,7,none
2026-08-04 09:26:13,2026-08-04 09:25:00,63550.0,63549.0,62856.0,1.1041,1.1025,3.4779,-1.5,61913.16,65042.09,3.389,7,none
2026-08-04 09:31:19,2026-08-04 09:30:00,63550.0,63549.0,62856.0,1.1041,1.1025,3.4779,-1.5,61913.16,65042.09,3.392,7,none
2026-08-04 09:36:08,2026-08-04 09:35:00,63534.0,63525.0,62856.0,1.0787,1.0643,3.4779,-1.5,61913.16,65042.09,3.396,7,none
2026-08-04 09:41:11,2026-08-04 09:40:00,63525.0,63503.0,62856.0,1.0643,1.0293,3.4779,-1.5,61913.16,65042.09,3.399,7,none
2026-08-04 09:46:18,2026-08-04 09:45:00,63522.0,63521.0,62856.0,1.0596,1.058,3.4779,-1.5,61913.16,65042.09,3.403,7,none
2026-08-04 09:51:19,2026-08-04 09:50:00,63549.0,63549.0,62856.0,1.1025,1.1025,3.4779,-1.5,61913.16,65042.09,3.406,7,none
2026-08-04 09:56:10,2026-08-04 09:55:00,63565.0,63564.0,62856.0,1.128,1.1264,3.4779,-1.5,61913.16,65042.09,3.41,7,none
2026-08-04 10:01:20,2026-08-04 10:00:00,63530.0,63527.0,62856.0,1.0723,1.0675,3.4779,-1.5,61913.16,65042.09,3.413,7,none
2026-08-04 10:06:14,2026-08-04 10:05:00,63506.0,63502.0,62856.0,1.0341,1.0277,3.4779,-1.5,61913.16,65042.09,3.417,7,none
2026-08-04 10:11:17,2026-08-04 10:10:00,63501.0,63501.0,62856.0,1.0262,1.0262,3.4779,-1.5,61913.16,65042.09,3.42,7,none
2026-08-04 10:16:19,2026-08-04 10:15:00,63423.0,63423.0,62856.0,0.9021,0.9021,3.4779,-1.5,61913.16,65042.09,3.424,7,none
2026-08-04 10:21:18,2026-08-04 10:20:00,63499.0,63478.0,62856.0,1.023,0.9896,3.4779,-1.5,61913.16,65042.09,3.427,7,none
2026-08-04 10:26:10,2026-08-04 10:25:00,63460.0,63459.0,62856.0,0.9609,0.9593,3.4779,-1.5,61913.16,65042.09,3.431,7,none
2026-08-04 10:31:25,2026-08-04 10:30:00,63463.0,63439.0,62856.0,0.9657,0.9275,3.4779,-1.5,61913.16,65042.09,3.434,7,none
2026-08-04 10:36:10,2026-08-04 10:35:00,63457.0,63457.0,62856.0,0.9562,0.9562,3.4779,-1.5,61913.16,65042.09,3.437,7,none
2026-08-04 10:41:13,2026-08-04 10:40:00,63499.0,63474.0,62856.0,1.023,0.9832,3.4779,-1.5,61913.16,65042.09,3.441,7,none
2026-08-04 10:46:20,2026-08-04 10:45:00,63712.0,63626.0,62856.0,1.3618,1.225,3.4779,-1.5,61913.16,65042.09,3.445,7,none
2026-08-04 10:51:13,2026-08-04 10:50:00,63713.0,63713.0,62856.0,1.3634,1.3634,3.4779,-1.5,61913.16,65042.09,3.448,7,none
2026-08-04 10:56:11,2026-08-04 10:55:00,63731.0,63705.0,62856.0,1.3921,1.3507,3.4779,-1.5,61913.16,65042.09,3.451,7,none
2026-08-04 11:01:24,2026-08-04 11:00:00,63759.0,63737.0,62856.0,1.4366,1.4016,3.4779,-1.5,61913.16,65042.09,3.455,7,none
2026-08-04 11:06:11,2026-08-04 11:05:00,63747.0,63728.0,62856.0,1.4175,1.3873,3.4779,-1.5,61913.16,65042.09,3.458,7,none
2026-08-04 11:11:14,2026-08-04 11:10:00,63716.0,63716.0,62856.0,1.3682,1.3682,3.4779,-1.5,61913.16,65042.09,3.462,7,none
2026-08-04 11:16:08,2026-08-04 11:15:00,63685.0,63685.0,62856.0,1.3189,1.3189,3.4779,-1.5,61913.16,65042.09,3.465,7,none
2026-08-04 11:21:15,2026-08-04 11:20:00,63722.0,63709.0,62856.0,1.3778,1.3571,3.4779,-1.5,61913.16,65042.09,3.469,7,none
2026-08-04 11:26:20,2026-08-04 11:25:00,63751.0,63745.0,62856.0,1.4239,1.4143,3.4779,-1.5,61913.16,65042.09,3.472,7,none
2026-08-04 11:31:34,2026-08-04 11:30:00,63742.0,63742.0,62856.0,1.4096,1.4096,3.4779,-1.5,61913.16,65042.09,3.476,7,none
2026-08-04 11:36:10,2026-08-04 11:35:00,63728.0,63716.0,62856.0,1.3873,1.3682,3.4779,-1.5,61913.16,65042.09,3.479,7,none
2026-08-04 11:41:07,2026-08-04 11:40:00,63710.0,63710.0,62856.0,1.3587,1.3587,3.4779,-1.5,61913.16,65042.09,3.483,7,none
2026-08-04 11:46:28,2026-08-04 11:45:00,63872.0,63822.0,62856.0,1.6164,1.5368,3.4779,-1.5,61913.16,65042.09,3.486,7,none
2026-08-04 11:51:05,2026-08-04 11:50:00,63910.0,63907.0,62856.0,1.6768,1.6721,3.4779,-1.5,61913.16,65042.09,3.49,7,none
2026-08-04 11:56:03,2026-08-04 11:55:00,63920.0,63912.0,62856.0,1.6928,1.68,3.4779,-1.5,61913.16,65042.09,3.493,7,none
2026-08-04 12:01:32,2026-08-04 12:00:00,63866.0,63854.0,62856.0,1.6068,1.5878,3.4779,-1.5,61913.16,65042.09,3.497,7,none
2026-08-04 12:06:03,2026-08-04 12:05:00,63830.0,63825.0,62856.0,1.5496,1.5416,3.4779,-1.5,61913.16,65042.09,3.5,7,none
2026-08-04 12:11:18,2026-08-04 12:10:00,63799.0,63798.0,62856.0,1.5003,1.4987,3.4779,-1.5,61913.16,65042.09,3.504,7,none
2026-08-04 12:16:08,2026-08-04 12:15:00,63794.0,63784.0,62856.0,1.4923,1.4764,3.4779,-1.5,61913.16,65042.09,3.507,7,none
2026-08-04 12:21:07,2026-08-04 12:20:00,63762.0,63761.0,62856.0,1.4414,1.4398,3.4779,-1.5,61913.16,65042.09,3.51,7,none
2026-08-04 12:26:13,2026-08-04 12:25:00,63792.0,63764.0,62856.0,1.4891,1.4446,3.4779,-1.5,61913.16,65042.09,3.514,7,none
2026-08-04 12:31:27,2026-08-04 12:30:00,63815.0,63794.0,62856.0,1.5257,1.4923,3.4779,-1.5,61913.16,65042.09,3.518,7,none
2026-08-04 12:36:10,2026-08-04 12:35:00,63913.0,63848.0,62856.0,1.6816,1.5782,3.4779,-1.5,61913.16,65042.09,3.521,7,none
2026-08-04 12:41:15,2026-08-04 12:40:00,63987.0,63941.0,62856.0,1.7994,1.7262,3.4779,-1.5,61913.16,65042.09,3.524,7,none
2026-08-04 12:46:07,2026-08-04 12:45:00,63904.0,63904.0,62856.0,1.6673,1.6673,3.4779,-1.5,61913.16,65042.09,3.528,7,none
2026-08-04 12:51:19,2026-08-04 12:50:00,63904.0,63876.0,62856.0,1.6673,1.6228,3.4779,-1.5,61913.16,65042.09,3.531,7,none
2026-08-04 12:56:20,2026-08-04 12:55:00,63913.0,63913.0,62856.0,1.6816,1.6816,3.4779,-1.5,61913.16,65042.09,3.535,7,none
2026-08-04 13:01:19,2026-08-04 13:00:00,63831.0,63831.0,62856.0,1.5512,1.5512,3.4779,-1.5,61913.16,65042.09,3.538,7,none
2026-08-04 13:06:07,2026-08-04 13:05:00,63924.0,63903.0,62856.0,1.6991,1.6657,3.4779,-1.5,61913.16,65042.09,3.542,7,none
2026-08-04 13:11:12,2026-08-04 13:10:00,63957.0,63938.0,62856.0,1.7516,1.7214,3.4779,-1.5,61913.16,65042.09,3.545,7,none
2026-08-04 13:16:10,2026-08-04 13:15:00,63923.0,63923.0,62856.0,1.6975,1.6975,3.4779,-1.5,61913.16,65042.09,3.549,7,none
2026-08-04 13:21:11,2026-08-04 13:20:00,63986.0,63833.0,62856.0,1.7978,1.5543,3.4779,-1.5,61913.16,65042.09,3.552,7,none
2026-08-04 13:26:09,2026-08-04 13:25:00,63887.0,63857.0,62856.0,1.6403,1.5925,3.4779,-1.5,61913.16,65042.09,3.556,7,none
2026-08-04 13:31:24,2026-08-04 13:30:00,63986.0,63794.0,62856.0,1.7978,1.4923,3.4779,-1.5,61913.16,65042.09,3.559,7,none
2026-08-04 13:36:16,2026-08-04 13:35:00,63985.0,63946.0,62856.0,1.7962,1.7341,3.4779,-1.5,61913.16,65042.09,3.563,7,none
2026-08-04 13:41:22,2026-08-04 13:40:00,64044.0,64007.0,62856.0,1.89,1.8312,3.4779,-1.5,61913.16,65042.09,3.566,7,none
2026-08-04 13:46:24,2026-08-04 13:45:00,63917.0,63894.0,62856.0,1.688,1.6514,3.4779,-1.5,61913.16,65042.09,3.57,7,none
2026-08-04 13:51:18,2026-08-04 13:50:00,63839.0,63820.0,62856.0,1.5639,1.5337,3.4779,-1.5,61913.16,65042.09,3.573,7,none
2026-08-04 13:56:11,2026-08-04 13:55:00,63731.0,63730.0,62856.0,1.3921,1.3905,3.4779,-1.5,61913.16,65042.09,3.576,7,none
2026-08-04 14:01:40,2026-08-04 14:00:00,63618.0,63588.0,62856.0,1.2123,1.1646,3.4779,-1.5,61913.16,65042.09,3.58,7,none
2026-08-04 14:06:11,2026-08-04 14:05:00,63852.0,63761.0,62856.0,1.5846,1.4398,3.4779,-1.5,61913.16,65042.09,3.583,7,none
2026-08-04 14:11:11,2026-08-04 14:10:00,63689.0,63688.0,62856.0,1.3253,1.3237,3.4779,-1.5,61913.16,65042.09,3.587,7,none
2026-08-04 14:16:14,2026-08-04 14:15:00,63730.0,63729.0,62856.0,1.3905,1.3889,3.4779,-1.5,61913.16,65042.09,3.59,7,none
2026-08-04 14:21:17,2026-08-04 14:20:00,63657.0,63587.0,62856.0,1.2743,1.163,3.4779,-1.5,61913.16,65042.09,3.594,7,none
2026-08-04 14:26:06,2026-08-04 14:25:00,63764.0,63681.0,62856.0,1.4446,1.3125,3.4779,-1.5,61913.16,65042.09,3.597,7,none
2026-08-04 14:31:19,2026-08-04 14:30:00,63880.0,63859.0,62856.0,1.6291,1.5957,3.4779,-1.5,61913.16,65042.09,3.601,7,none
2026-08-04 14:36:18,2026-08-04 14:35:00,63898.0,63897.0,62856.0,1.6578,1.6562,3.4779,-1.5,61913.16,65042.09,3.604,7,none
2026-08-04 14:41:22,2026-08-04 14:40:00,64054.0,63955.0,62856.0,1.9059,1.7484,3.4779,-1.5,61913.16,65042.09,3.608,7,none
2026-08-04 14:46:12,2026-08-04 14:45:00,64056.0,64019.0,62856.0,1.9091,1.8503,3.4779,-1.5,61913.16,65042.09,3.611,7,none
2026-08-04 14:51:20,2026-08-04 14:50:00,64039.0,64039.0,62856.0,1.8821,1.8821,3.4779,-1.5,61913.16,65042.09,3.615,7,none
2026-08-04 14:56:10,2026-08-04 14:55:00,64061.0,64052.0,62856.0,1.9171,1.9028,3.4779,-1.5,61913.16,65042.09,3.618,7,none
2026-08-04 15:01:30,2026-08-04 15:00:00,64123.0,64096.0,62856.0,2.0157,1.9728,3.4779,-1.5,61913.16,65042.09,3.622,7,none
2026-08-04 15:06:13,2026-08-04 15:05:00,64094.0,64080.0,62856.0,1.9696,1.9473,3.4779,-1.5,61913.16,65042.09,3.625,7,none
2026-08-04 15:11:14,2026-08-04 15:10:00,64002.0,64001.0,62856.0,1.8232,1.8216,3.4779,-1.5,61913.16,65042.09,3.628,7,none
2026-08-04 15:16:17,2026-08-04 15:15:00,64005.0,64001.0,62856.0,1.828,1.8216,3.4779,-1.5,61913.16,65042.09,3.632,7,none
2026-08-04 15:21:11,2026-08-04 15:20:00,63982.0,63971.0,62856.0,1.7914,1.7739,3.4779,-1.5,61913.16,65042.09,3.635,7,none
2026-08-04 15:26:11,2026-08-04 15:25:00,63990.0,63972.0,62856.0,1.8041,1.7755,3.4779,-1.5,61913.16,65042.09,3.639,7,none
2026-08-04 15:31:21,2026-08-04 15:30:00,63925.0,63923.0,62856.0,1.7007,1.6975,3.4779,-1.5,61913.16,65042.09,3.642,7,none
2026-08-04 15:36:13,2026-08-04 15:35:00,63781.0,63781.0,62856.0,1.4716,1.4716,3.4779,-1.5,61913.16,65042.09,3.646,7,none
2026-08-04 15:41:10,2026-08-04 15:40:00,63893.0,63886.0,62856.0,1.6498,1.6387,3.4779,-1.5,61913.16,65042.09,3.649,7,none
2026-08-04 15:46:12,2026-08-04 15:45:00,64089.0,64059.0,62856.0,1.9616,1.9139,3.4779,-1.5,61913.16,65042.09,3.653,7,none
2026-08-04 15:51:12,2026-08-04 15:50:00,64104.0,64082.0,62856.0,1.9855,1.9505,3.4779,-1.5,61913.16,65042.09,3.656,7,none
2026-08-04 15:56:13,2026-08-04 15:55:00,64138.0,64110.0,62856.0,2.0396,1.995,3.4779,-1.5,61913.16,65042.09,3.66,7,none
2026-08-04 16:01:27,2026-08-04 16:00:00,64096.0,64090.0,62856.0,1.9728,1.9632,3.4779,-1.5,61913.16,65042.09,3.663,7,none
2026-08-04 16:06:15,2026-08-04 16:05:00,63999.0,63980.0,62856.0,1.8184,1.7882,3.4779,-1.5,61913.16,65042.09,3.667,7,none
2026-08-04 16:11:21,2026-08-04 16:10:00,64009.0,63999.0,62856.0,1.8344,1.8184,3.4779,-1.5,61913.16,65042.09,3.67,7,none
2026-08-04 16:16:20,2026-08-04 16:15:00,64040.0,63981.0,62856.0,1.8837,1.7898,3.4779,-1.5,61913.16,65042.09,3.674,7,none
2026-08-04 16:21:10,2026-08-04 16:20:00,64017.0,64009.0,62856.0,1.8471,1.8344,3.4779,-1.5,61913.16,65042.09,3.677,7,none
2026-08-04 16:26:11,2026-08-04 16:25:00,64023.0,64003.0,62856.0,1.8566,1.8248,3.4779,-1.5,61913.16,65042.09,3.681,7,none
2026-08-04 16:27:51,2026-08-04 16:26:00,64050.0,64022.0,62856.0,1.8996,1.855,3.4779,-1.5,61913.16,65042.09,3.682,7,none
2026-08-04 16:31:27,2026-08-04 16:30:00,63969.0,63968.0,62856.0,1.7707,1.7691,3.4779,-1.5,61913.16,65042.09,3.684,7,none
2026-08-04 16:36:11,2026-08-04 16:35:00,64002.0,63979.0,62856.0,1.8232,1.7866,3.4779,-1.5,61913.16,65042.09,3.687,7,none
2026-08-04 16:41:15,2026-08-04 16:40:00,63935.0,63934.0,62856.0,1.7166,1.715,3.4779,-1.5,61913.16,65042.09,3.691,7,none
2026-08-04 16:46:12,2026-08-04 16:45:00,63929.0,63905.0,62856.0,1.7071,1.6689,3.4779,-1.5,61913.16,65042.09,3.694,7,none
2026-08-04 16:51:13,2026-08-04 16:50:00,63932.0,63931.0,62856.0,1.7118,1.7103,3.4779,-1.5,61913.16,65042.09,3.698,7,none
2026-08-04 16:56:06,2026-08-04 16:55:00,63897.0,63881.0,62856.0,1.6562,1.6307,3.4779,-1.5,61913.16,65042.09,3.701,7,none
2026-08-04 17:01:29,2026-08-04 17:00:00,63965.0,63923.0,62856.0,1.7644,1.6975,3.4779,-1.5,61913.16,65042.09,3.705,7,none
2026-08-04 17:06:11,2026-08-04 17:05:00,64039.0,64036.0,62856.0,1.8821,1.8773,3.4779,-1.5,61913.16,65042.09,3.708,7,none
2026-08-04 17:11:23,2026-08-04 17:10:00,64067.0,64057.0,62856.0,1.9266,1.9107,3.4779,-1.5,61913.16,65042.09,3.712,7,none
2026-08-04 17:16:21,2026-08-04 17:15:00,64041.0,64040.0,62856.0,1.8853,1.8837,3.4779,-1.5,61913.16,65042.09,3.715,7,none
2026-08-04 17:21:14,2026-08-04 17:20:00,64044.0,64011.0,62856.0,1.89,1.8375,3.4779,-1.5,61913.16,65042.09,3.719,7,none
2026-08-04 17:26:17,2026-08-04 17:25:00,64031.0,64005.0,62856.0,1.8694,1.828,3.4779,-1.5,61913.16,65042.09,3.722,7,none
2026-08-04 17:31:28,2026-08-04 17:30:00,64097.0,64073.0,62856.0,1.9744,1.9362,3.4779,-1.5,61913.16,65042.09,3.726,7,none
2026-08-04 17:36:11,2026-08-04 17:35:00,64139.0,64126.0,62856.0,2.0412,2.0205,3.4779,-1.5,61913.16,65042.09,3.729,7,none
2026-08-04 17:41:19,2026-08-04 17:40:00,64103.0,64102.0,62856.0,1.9839,1.9823,3.4779,-1.5,61913.16,65042.09,3.733,7,none
2026-08-04 17:46:15,2026-08-04 17:45:00,64060.0,64059.0,62856.0,1.9155,1.9139,3.4779,-1.5,61913.16,65042.09,3.736,7,none
2026-08-04 17:51:28,2026-08-04 17:50:00,63957.0,63938.0,62856.0,1.7516,1.7214,3.4779,-1.5,61913.16,65042.09,3.74,7,none
2026-08-04 17:56:16,2026-08-04 17:55:00,63952.0,63922.0,62856.0,1.7437,1.6959,3.4779,-1.5,61913.16,65042.09,3.743,7,none
2026-08-04 18:01:31,2026-08-04 18:00:00,63971.0,63943.0,62856.0,1.7739,1.7293,3.4779,-1.5,61913.16,65042.09,3.747,7,none
2026-08-04 18:06:12,2026-08-04 18:05:00,64105.0,64032.0,62856.0,1.9871,1.8709,3.4779,-1.5,61913.16,65042.09,3.75,7,none
2026-08-04 18:11:24,2026-08-04 18:10:00,64080.0,64077.0,62856.0,1.9473,1.9425,3.4779,-1.5,61913.16,65042.09,3.754,7,none
2026-08-04 18:16:23,2026-08-04 18:15:00,64245.0,64188.0,62856.0,2.2098,2.1191,3.4779,-1.5,61913.16,65042.09,3.757,7,none
2026-08-04 18:21:26,2026-08-04 18:20:00,64310.0,64285.0,62856.0,2.3132,2.2735,3.4779,-1.5,61913.16,65042.09,3.761,7,none
2026-08-04 18:26:07,2026-08-04 18:25:00,64316.0,64316.0,62856.0,2.3228,2.3228,3.4779,-1.5,61913.16,65042.09,3.764,7,none
2026-08-04 18:31:25,2026-08-04 18:30:00,64324.0,64319.0,62856.0,2.3355,2.3275,3.4779,-1.5,61913.16,65042.09,3.768,7,none
2026-08-04 18:36:03,2026-08-04 18:35:00,64288.0,64277.0,62856.0,2.2782,2.2607,3.4779,-1.5,61913.16,65042.09,3.771,7,none
2026-08-04 18:41:14,2026-08-04 18:40:00,64193.0,64176.0,62856.0,2.1271,2.1,3.4779,-1.5,61913.16,65042.09,3.774,7,none
2026-08-04 18:46:20,2026-08-04 18:45:00,64252.0,64252.0,62856.0,2.2209,2.2209,3.4779,-1.5,61913.16,65042.09,3.778,7,none
2026-08-04 18:51:14,2026-08-04 18:50:00,64244.0,64244.0,62856.0,2.2082,2.2082,3.4779,-1.5,61913.16,65042.09,3.781,7,none
2026-08-04 18:56:08,2026-08-04 18:55:00,64260.0,64259.0,62856.0,2.2337,2.2321,3.4779,-1.5,61913.16,65042.09,3.785,7,none
2026-08-04 19:01:23,2026-08-04 19:00:00,64267.0,64250.0,62856.0,2.2448,2.2178,3.4779,-1.5,61913.16,65042.09,3.788,7,none
2026-08-04 19:06:10,2026-08-04 19:05:00,64273.0,64272.0,62856.0,2.2544,2.2528,3.4779,-1.5,61913.16,65042.09,3.792,7,none
2026-08-04 19:11:25,2026-08-04 19:10:00,64302.0,64302.0,62856.0,2.3005,2.3005,3.4779,-1.5,61913.16,65042.09,3.795,7,none
2026-08-04 19:16:15,2026-08-04 19:15:00,64303.0,64302.0,62856.0,2.3021,2.3005,3.4779,-1.5,61913.16,65042.09,3.799,7,none
2026-08-04 19:21:22,2026-08-04 19:20:00,64279.0,64275.0,62856.0,2.2639,2.2575,3.4779,-1.5,61913.16,65042.09,3.802,7,none
2026-08-04 19:26:09,2026-08-04 19:25:00,64240.0,64240.0,62856.0,2.2019,2.2019,3.4779,-1.5,61913.16,65042.09,3.806,7,none
2026-08-04 19:31:21,2026-08-04 19:30:00,64271.0,64249.0,62856.0,2.2512,2.2162,3.4779,-1.5,61913.16,65042.09,3.809,7,none
2026-08-04 19:36:11,2026-08-04 19:35:00,64245.0,64244.0,62856.0,2.2098,2.2082,3.4779,-1.5,61913.16,65042.09,3.812,7,none
2026-08-04 19:42:34,2026-08-04 19:41:00,64303.0,64285.0,62856.0,2.3021,2.2735,3.4779,-1.5,61913.16,65042.09,3.817,7,none
2026-08-04 19:47:15,2026-08-04 19:46:00,64331.0,64331.0,62856.0,2.3466,2.3466,3.4779,-1.5,61913.16,65042.09,3.82,7,none
2026-08-04 19:51:16,2026-08-04 19:50:00,64306.0,64287.0,62856.0,2.3069,2.2766,3.4779,-1.5,61913.16,65042.09,3.823,7,none
2026-08-04 19:56:16,2026-08-04 19:55:00,64275.0,64274.0,62856.0,2.2575,2.256,3.4779,-1.5,61913.16,65042.09,3.826,7,none
2026-08-04 20:03:30,2026-08-04 20:02:00,64094.0,64094.0,62856.0,1.9696,1.9696,3.4779,-1.5,61913.16,65042.09,3.831,7,none
2026-08-04 20:06:17,2026-08-04 20:05:00,64157.0,64123.0,62856.0,2.0698,2.0157,3.4779,-1.5,61913.16,65042.09,3.833,7,none
2026-08-04 20:11:21,2026-08-04 20:10:00,64150.0,64150.0,62856.0,2.0587,2.0587,3.4779,-1.5,61913.16,65042.09,3.837,7,none
2026-08-04 20:17:15,2026-08-04 20:16:00,64046.0,64042.0,62856.0,1.8932,1.8869,3.4779,-1.5,61913.16,65042.09,3.841,7,none
2026-08-04 20:22:19,2026-08-04 20:21:00,64045.0,64032.0,62856.0,1.8916,1.8709,3.4779,-1.5,61913.16,65042.09,3.845,7,none
2026-08-04 20:28:12,2026-08-04 20:27:00,64093.0,64093.0,62856.0,1.968,1.968,3.4779,-1.5,61913.16,65042.09,3.849,7,none
2026-08-04 20:31:15,2026-08-04 20:30:00,64123.0,64092.0,62856.0,2.0157,1.9664,3.4779,-1.5,61913.16,65042.09,3.851,7,none
2026-08-04 20:38:58,2026-08-04 20:37:00,64208.0,64193.0,62856.0,2.1509,2.1271,3.4779,-1.5,61913.16,65042.09,3.856,7,none
2026-08-04 20:44:16,2026-08-04 20:43:00,64386.0,64334.0,62856.0,2.4341,2.3514,3.4779,-1.5,61913.16,65042.09,3.86,7,none
2026-08-04 20:48:01,2026-08-04 20:47:00,64323.0,64314.0,62856.0,2.3339,2.3196,3.4779,-1.5,61913.16,65042.09,3.862,7,none
2026-08-04 20:54:12,2026-08-04 20:53:00,64298.0,64293.0,62856.0,2.2941,2.2862,3.4779,-1.5,61913.16,65042.09,3.867,7,none
2026-08-04 20:56:22,2026-08-04 20:55:00,64293.0,64284.0,62856.0,2.2862,2.2719,3.4779,-1.5,61913.16,65042.09,3.868,7,none
2026-08-04 20:59:41,2026-08-04 20:58:00,64308.0,64304.0,62856.0,2.31,2.3037,3.4779,-1.5,61913.16,65042.09,3.87,7,none
2026-08-04 21:03:36,2026-08-04 21:02:00,64279.0,64273.0,62856.0,2.2639,2.2544,3.4779,-1.5,61913.16,65042.09,3.873,7,none
2026-08-04 21:07:01,2026-08-04 21:06:00,64279.0,64278.0,62856.0,2.2639,2.2623,3.4779,-1.5,61913.16,65042.09,3.876,7,none
2026-08-04 21:11:22,2026-08-04 21:10:00,64278.0,64277.0,62856.0,2.2623,2.2607,3.4779,-1.5,61913.16,65042.09,3.879,7,none
2026-08-04 21:17:38,2026-08-04 21:16:00,64199.0,64198.0,62856.0,2.1366,2.135,3.4779,-1.5,61913.16,65042.09,3.883,7,none
2026-08-04 21:21:07,2026-08-04 21:20:00,64202.0,64155.0,62856.0,2.1414,2.0666,3.4779,-1.5,61913.16,65042.09,3.885,7,none
2026-08-04 21:26:04,2026-08-04 21:25:00,64243.0,64243.0,62856.0,2.2066,2.2066,3.4779,-1.5,61913.16,65042.09,3.889,7,none
2026-08-04 21:31:18,2026-08-04 21:30:00,64218.0,64217.0,62856.0,2.1669,2.1653,3.4779,-1.5,61913.16,65042.09,3.892,7,none
2026-08-04 21:36:25,2026-08-04 21:35:00,64199.0,64166.0,62856.0,2.1366,2.0841,3.4779,-1.5,61913.16,65042.09,3.896,7,none
2026-08-04 21:42:52,2026-08-04 21:41:00,64219.0,64195.0,62856.0,2.1684,2.1303,3.4779,-1.5,61913.16,65042.09,3.9,7,none
2026-08-04 21:46:17,2026-08-04 21:45:00,64175.0,64174.0,62856.0,2.0984,2.0969,3.4779,-1.5,61913.16,65042.09,3.903,7,none
2026-08-04 21:51:10,2026-08-04 21:50:00,64188.0,64170.0,62856.0,2.1191,2.0905,3.4779,-1.5,61913.16,65042.09,3.906,7,none
2026-08-04 21:56:17,2026-08-04 21:55:00,64149.0,64148.0,62856.0,2.0571,2.0555,3.4779,-1.5,61913.16,65042.09,3.91,7,none
2026-08-04 22:03:36,2026-08-04 22:02:00,64115.0,64111.0,62856.0,2.003,1.9966,3.4779,-1.5,61913.16,65042.09,3.915,7,none
2026-08-04 22:06:18,2026-08-04 22:05:00,64194.0,64162.0,62856.0,2.1287,2.0778,3.4779,-1.5,61913.16,65042.09,3.917,7,none
2026-08-04 22:11:14,2026-08-04 22:10:00,64191.0,64176.0,62856.0,2.1239,2.1,3.4779,-1.5,61913.16,65042.09,3.92,7,none
2026-08-04 22:16:17,2026-08-04 22:15:00,64195.0,64187.0,62856.0,2.1303,2.1175,3.4779,-1.5,61913.16,65042.09,3.924,7,none
2026-08-04 22:21:19,2026-08-04 22:20:00,64198.0,64174.0,62856.0,2.135,2.0969,3.4779,-1.5,61913.16,65042.09,3.927,7,none
2026-08-04 22:26:08,2026-08-04 22:25:00,64182.0,64173.0,62856.0,2.1096,2.0953,3.4779,-1.5,61913.16,65042.09,3.931,7,none
2026-08-04 22:31:22,2026-08-04 22:30:00,64264.0,64229.0,62856.0,2.24,2.1844,3.4779,-1.5,61913.16,65042.09,3.934,7,none
2026-08-04 22:36:17,2026-08-04 22:35:00,64229.0,64229.0,62856.0,2.1844,2.1844,3.4779,-1.5,61913.16,65042.09,3.938,7,none
2026-08-04 22:41:15,2026-08-04 22:40:00,64206.0,64206.0,62856.0,2.1478,2.1478,3.4779,-1.5,61913.16,65042.09,3.941,7,none
2026-08-04 22:46:11,2026-08-04 22:45:00,64190.0,64187.0,62856.0,2.1223,2.1175,3.4779,-1.5,61913.16,65042.09,3.944,7,none
2026-08-04 22:51:16,2026-08-04 22:50:00,64170.0,64166.0,62856.0,2.0905,2.0841,3.4779,-1.5,61913.16,65042.09,3.948,7,none
2026-08-04 22:56:05,2026-08-04 22:55:00,64195.0,64184.0,62856.0,2.1303,2.1128,3.4779,-1.5,61913.16,65042.09,3.951,7,none
2026-08-04 23:01:26,2026-08-04 23:00:00,64217.0,64216.0,62856.0,2.1653,2.1637,3.4779,-1.5,61913.16,65042.09,3.955,7,none
2026-08-04 23:06:03,2026-08-04 23:05:00,64244.0,64223.0,62856.0,2.2082,2.1748,3.4779,-1.5,61913.16,65042.09,3.958,7,none
2026-08-04 23:11:12,2026-08-04 23:10:00,64384.0,64364.0,62856.0,2.431,2.3991,3.4779,-1.5,61913.16,65042.09,3.962,7,none
2026-08-04 23:16:26,2026-08-04 23:15:00,64463.0,64378.0,62856.0,2.5566,2.4214,3.4779,-1.5,61913.16,65042.09,3.965,7,none
2026-08-04 23:21:08,2026-08-04 23:20:00,64411.0,64410.0,62856.0,2.4739,2.4723,3.4779,-1.5,61913.16,65042.09,3.969,7,none
2026-08-04 23:26:08,2026-08-04 23:25:00,64285.0,64268.0,62856.0,2.2735,2.2464,3.4779,-1.5,61913.16,65042.09,3.972,7,none
2026-08-04 23:31:26,2026-08-04 23:30:00,64152.0,64101.0,62856.0,2.0619,1.9807,3.4779,-1.5,61913.16,65042.09,3.976,7,none
2026-08-04 23:36:15,2026-08-04 23:35:00,64160.0,64150.0,62856.0,2.0746,2.0587,3.4779,-1.5,61913.16,65042.09,3.979,7,none
2026-08-04 23:41:20,2026-08-04 23:40:00,64185.0,64128.0,62856.0,2.1144,2.0237,3.4779,-1.5,61913.16,65042.09,3.983,7,none
2026-08-04 23:46:17,2026-08-04 23:45:00,64166.0,64162.0,62856.0,2.0841,2.0778,3.4779,-1.5,61913.16,65042.09,3.986,7,none
2026-08-04 23:51:09,2026-08-04 23:50:00,64104.0,64104.0,62856.0,1.9855,1.9855,3.4779,-1.5,61913.16,65042.09,3.99,7,none
2026-08-04 23:56:12,2026-08-04 23:55:00,64089.0,64088.0,62856.0,1.9616,1.96,3.4779,-1.5,61913.16,65042.09,3.993,7,none
2026-08-05 00:01:25,2026-08-05 00:00:00,64058.0,64040.0,62856.0,1.9123,1.8837,3.4779,-1.5,61913.16,65042.09,3.997,7,none
2026-08-05 00:06:33,2026-08-05 00:05:00,64001.0,64000.0,62856.0,1.8216,1.82,3.4779,-1.5,61913.16,65042.09,4.0,7,none
2026-08-05 00:11:18,2026-08-05 00:10:00,64002.0,63980.0,62856.0,1.8232,1.7882,3.4779,-1.5,61913.16,65042.09,4.004,7,none
2026-08-05 00:16:15,2026-08-05 00:15:00,64003.0,63996.0,62856.0,1.8248,1.8137,3.4779,-1.5,61913.16,65042.09,4.007,7,none
2026-08-05 00:21:10,2026-08-05 00:20:00,63974.0,63973.0,62856.0,1.7787,1.7771,3.4779,-1.5,61913.16,65042.09,4.01,7,none
2026-08-05 00:26:11,2026-08-05 00:25:00,64000.0,63999.0,62856.0,1.82,1.8184,3.4779,-1.5,61913.16,65042.09,4.014,7,none
2026-08-05 00:31:16,2026-08-05 00:30:00,64048.0,64032.0,62856.0,1.8964,1.8709,3.4779,-1.5,61913.16,65042.09,4.017,7,none
2026-08-05 00:36:12,2026-08-05 00:35:00,64141.0,64087.0,62856.0,2.0444,1.9584,3.4779,-1.5,61913.16,65042.09,4.021,7,none
2026-08-05 00:41:08,2026-08-05 00:40:00,64070.0,64069.0,62856.0,1.9314,1.9298,3.4779,-1.5,61913.16,65042.09,4.024,7,none
2026-08-05 00:46:06,2026-08-05 00:45:00,64020.0,64020.0,62856.0,1.8519,1.8519,3.4779,-1.5,61913.16,65042.09,4.028,7,none
2026-08-05 00:51:16,2026-08-05 00:50:00,64003.0,63955.0,62856.0,1.8248,1.7484,3.4779,-1.5,61913.16,65042.09,4.031,7,none
2026-08-05 00:56:55,2026-08-05 00:55:00,63979.0,63968.0,62856.0,1.7866,1.7691,3.4779,-1.5,61913.16,65042.09,4.035,7,none
2026-08-05 01:01:23,2026-08-05 01:00:00,63949.0,63949.0,62856.0,1.7389,1.7389,3.4779,-1.5,61913.16,65042.09,4.038,7,none
2026-08-05 01:06:08,2026-08-05 01:05:00,63991.0,63951.0,62856.0,1.8057,1.7421,3.4779,-1.5,61913.16,65042.09,4.042,7,none
2026-08-05 01:11:16,2026-08-05 01:10:00,64000.0,63988.0,62856.0,1.82,1.8009,3.4779,-1.5,61913.16,65042.09,4.045,7,none
2026-08-05 01:16:16,2026-08-05 01:15:00,63968.0,63967.0,62856.0,1.7691,1.7675,3.4779,-1.5,61913.16,65042.09,4.049,7,none
2026-08-05 01:21:13,2026-08-05 01:20:00,64060.0,63976.0,62856.0,1.9155,1.7819,3.4779,-1.5,61913.16,65042.09,4.052,7,none
2026-08-05 01:26:09,2026-08-05 01:25:00,64060.0,64060.0,62856.0,1.9155,1.9155,3.4779,-1.5,61913.16,65042.09,4.056,7,none
2026-08-05 01:31:26,2026-08-05 01:30:00,64102.0,64087.0,62856.0,1.9823,1.9584,3.4779,-1.5,61913.16,65042.09,4.059,7,none
2026-08-05 01:36:08,2026-08-05 01:35:00,64129.0,64126.0,62856.0,2.0253,2.0205,3.4779,-1.5,61913.16,65042.09,4.062,7,none
2026-08-05 01:43:12,2026-08-05 01:42:00,64182.0,64167.0,62856.0,2.1096,2.0857,3.4779,-1.5,61913.16,65042.09,4.067,7,none
2026-08-05 01:46:17,2026-08-05 01:45:00,64175.0,64151.0,62856.0,2.0984,2.0603,3.4779,-1.5,61913.16,65042.09,4.069,7,none
2026-08-05 01:51:12,2026-08-05 01:50:00,64246.0,64242.0,62856.0,2.2114,2.205,3.4779,-1.5,61913.16,65042.09,4.073,7,none
2026-08-05 01:56:11,2026-08-05 01:55:00,64285.0,64285.0,62856.0,2.2735,2.2735,3.4779,-1.5,61913.16,65042.09,4.076,7,none
2026-08-05 02:01:24,2026-08-05 02:00:00,64313.0,64304.0,62856.0,2.318,2.3037,3.4779,-1.5,61913.16,65042.09,4.08,7,none
2026-08-05 02:06:12,2026-08-05 02:05:00,64362.0,64362.0,62856.0,2.396,2.396,3.4779,-1.5,61913.16,65042.09,4.083,7,none
2026-08-05 02:11:17,2026-08-05 02:10:00,64388.0,64369.0,62856.0,2.4373,2.4071,3.4779,-1.5,61913.16,65042.09,4.087,7,none
2026-08-05 02:16:17,2026-08-05 02:15:00,64397.0,64391.0,62856.0,2.4516,2.4421,3.4779,-1.5,61913.16,65042.09,4.09,7,none
2026-08-05 02:21:23,2026-08-05 02:20:00,64360.0,64313.0,62856.0,2.3928,2.318,3.4779,-1.5,61913.16,65042.09,4.094,7,none
2026-08-05 02:26:15,2026-08-05 02:25:00,64455.0,64385.0,62856.0,2.5439,2.4325,3.4779,-1.5,61913.16,65042.09,4.097,7,none
2026-08-05 02:31:28,2026-08-05 02:30:00,64394.0,64393.0,62856.0,2.4469,2.4453,3.4779,-1.5,61913.16,65042.09,4.101,7,none
2026-08-05 02:36:13,2026-08-05 02:35:00,64442.0,64442.0,62856.0,2.5232,2.5232,3.4779,-1.5,61913.16,65042.09,4.104,7,none
2026-08-05 02:41:13,2026-08-05 02:40:00,64417.0,64397.0,62856.0,2.4835,2.4516,3.4779,-1.5,61913.16,65042.09,4.108,7,none
2026-08-05 02:46:09,2026-08-05 02:45:00,64396.0,64390.0,62856.0,2.45,2.4405,3.4779,-1.5,61913.16,65042.09,4.111,7,none
2026-08-05 02:51:10,2026-08-05 02:50:00,64382.0,64376.0,62856.0,2.4278,2.4182,3.4779,-1.5,61913.16,65042.09,4.115,7,none
2026-08-05 02:56:20,2026-08-05 02:55:00,64390.0,64389.0,62856.0,2.4405,2.4389,3.4779,-1.5,61913.16,65042.09,4.118,7,none
2026-08-05 03:01:30,2026-08-05 03:00:00,64391.0,64338.0,62856.0,2.4421,2.3578,3.4779,-1.5,61913.16,65042.09,4.122,7,none
2026-08-05 03:06:11,2026-08-05 03:05:00,64359.0,64342.0,62856.0,2.3912,2.3641,3.4779,-1.5,61913.16,65042.09,4.125,7,none
2026-08-05 03:11:15,2026-08-05 03:10:00,64368.0,64361.0,62856.0,2.4055,2.3944,3.4779,-1.5,61913.16,65042.09,4.129,7,none
2026-08-05 03:17:37,2026-08-05 03:16:00,64316.0,64312.0,62856.0,2.3228,2.3164,3.4779,-1.5,61913.16,65042.09,4.133,7,none
2026-08-05 03:21:10,2026-08-05 03:20:00,64146.0,64100.0,62856.0,2.0523,1.9791,3.4779,-1.5,61913.16,65042.09,4.135,7,none
2026-08-05 03:26:08,2026-08-05 03:25:00,64054.0,64047.0,62856.0,1.9059,1.8948,3.4779,-1.5,61913.16,65042.09,4.139,7,none
2026-08-05 03:31:24,2026-08-05 03:30:00,64050.0,64030.0,62856.0,1.8996,1.8678,3.4779,-1.5,61913.16,65042.09,4.142,7,none
2026-08-05 03:36:10,2026-08-05 03:35:00,64130.0,64088.0,62856.0,2.0269,1.96,3.4779,-1.5,61913.16,65042.09,4.146,7,none
2026-08-05 03:41:16,2026-08-05 03:40:00,64127.0,64103.0,62856.0,2.0221,1.9839,3.4779,-1.5,61913.16,65042.09,4.149,7,none
2026-08-05 03:46:47,2026-08-05 03:45:00,64111.0,64110.0,62856.0,1.9966,1.995,3.4779,-1.5,61913.16,65042.09,4.153,7,none
2026-08-05 03:51:15,2026-08-05 03:50:00,64141.0,64139.0,62856.0,2.0444,2.0412,3.4779,-1.5,61913.16,65042.09,4.156,7,none
2026-08-05 03:56:42,2026-08-05 03:55:00,64141.0,64141.0,62856.0,2.0444,2.0444,3.4779,-1.5,61913.16,65042.09,4.16,7,none
2026-08-05 04:01:26,2026-08-05 04:00:00,64160.0,64156.0,62856.0,2.0746,2.0682,3.4779,-1.5,61913.16,65042.09,4.163,7,none
2026-08-05 04:08:57,2026-08-05 04:07:00,64116.0,64115.0,62856.0,2.0046,2.003,3.4779,-1.5,61913.16,65042.09,4.169,7,none
2026-08-05 04:14:43,2026-08-05 04:13:00,64114.0,64114.0,62856.0,2.0014,2.0014,3.4779,-1.5,61913.16,65042.09,4.173,7,none
2026-08-05 04:16:13,2026-08-05 04:15:00,64081.0,64081.0,62856.0,1.9489,1.9489,3.4779,-1.5,61913.16,65042.09,4.174,7,none
2026-08-05 04:21:22,2026-08-05 04:20:00,64175.0,64131.0,62856.0,2.0984,2.0284,3.4779,-1.5,61913.16,65042.09,4.177,7,none
2026-08-05 04:26:13,2026-08-05 04:25:00,64111.0,64110.0,62856.0,1.9966,1.995,3.4779,-1.5,61913.16,65042.09,4.181,7,none
2026-08-05 04:32:19,2026-08-05 04:31:00,64166.0,64130.0,62856.0,2.0841,2.0269,3.4779,-1.5,61913.16,65042.09,4.185,7,none
2026-08-05 04:36:16,2026-08-05 04:35:00,64176.0,64175.0,62856.0,2.1,2.0984,3.4779,-1.5,61913.16,65042.09,4.188,7,none
2026-08-05 04:41:27,2026-08-05 04:40:00,64157.0,64146.0,62856.0,2.0698,2.0523,3.4779,-1.5,61913.16,65042.09,4.191,7,none
2026-08-05 04:46:07,2026-08-05 04:45:00,64153.0,64152.0,62856.0,2.0634,2.0619,3.4779,-1.5,61913.16,65042.09,4.194,7,none
2026-08-05 04:51:13,2026-08-05 04:50:00,64136.0,64135.0,62856.0,2.0364,2.0348,3.4779,-1.5,61913.16,65042.09,4.198,7,none
2026-08-05 04:56:13,2026-08-05 04:55:00,64132.0,64131.0,62856.0,2.03,2.0284,3.4779,-1.5,61913.16,65042.09,4.201,7,none
2026-08-05 05:01:29,2026-08-05 05:00:00,64145.0,64144.0,62856.0,2.0507,2.0491,3.4779,-1.5,61913.16,65042.09,4.205,7,none
2026-08-05 05:06:14,2026-08-05 05:05:00,64278.0,64264.0,62856.0,2.2623,2.24,3.4779,-1.5,61913.16,65042.09,4.208,7,none
2026-08-05 05:11:12,2026-08-05 05:10:00,64267.0,64266.0,62856.0,2.2448,2.2432,3.4779,-1.5,61913.16,65042.09,4.212,7,none
2026-08-05 05:16:13,2026-08-05 05:15:00,64283.0,64277.0,62856.0,2.2703,2.2607,3.4779,-1.5,61913.16,65042.09,4.215,7,none
2026-08-05 05:21:11,2026-08-05 05:20:00,64327.0,64308.0,62856.0,2.3403,2.31,3.4779,-1.5,61913.16,65042.09,4.219,7,none
2026-08-05 05:26:08,2026-08-05 05:25:00,64445.0,64372.0,62856.0,2.528,2.4119,3.4779,-1.5,61913.16,65042.09,4.222,7,none
2026-08-05 05:31:22,2026-08-05 05:30:00,64388.0,64385.0,62856.0,2.4373,2.4325,3.4779,-1.5,61913.16,65042.09,4.226,7,none
2026-08-05 05:36:18,2026-08-05 05:35:00,64334.0,64333.0,62856.0,2.3514,2.3498,3.4779,-1.5,61913.16,65042.09,4.229,7,none
2026-08-05 05:41:26,2026-08-05 05:40:00,64330.0,64329.0,62856.0,2.345,2.3435,3.4779,-1.5,61913.16,65042.09,4.233,7,none
2026-08-05 05:46:42,2026-08-05 05:45:00,64332.0,64319.0,62856.0,2.3482,2.3275,3.4779,-1.5,61913.16,65042.09,4.236,7,none
2026-08-05 05:51:30,2026-08-05 05:50:00,64296.0,64295.0,62856.0,2.291,2.2894,3.4779,-1.5,61913.16,65042.09,4.24,7,none
2026-08-05 05:56:09,2026-08-05 05:55:00,64339.0,64321.0,62856.0,2.3594,2.3307,3.4779,-1.5,61913.16,65042.09,4.243,7,none
2026-08-05 06:03:48,2026-08-05 06:02:00,64294.0,64290.0,62856.0,2.2878,2.2814,3.4779,-1.5,61913.16,65042.09,4.248,7,none
2026-08-05 06:06:34,2026-08-05 06:05:00,64316.0,64316.0,62856.0,2.3228,2.3228,3.4779,-1.5,61913.16,65042.09,4.25,7,none
2026-08-05 06:11:20,2026-08-05 06:10:00,64304.0,64284.0,62856.0,2.3037,2.2719,3.4779,-1.5,61913.16,65042.09,4.254,7,none
2026-08-05 06:14:51,2026-08-05 06:13:00,64318.0,64318.0,62856.0,2.326,2.326,3.4779,-1.5,61913.16,65042.09,4.256,7,none
2026-08-05 06:16:12,2026-08-05 06:15:00,64286.0,64286.0,62856.0,2.275,2.275,3.4779,-1.5,61913.16,65042.09,4.257,7,none
2026-08-05 06:21:16,2026-08-05 06:20:00,64307.0,64294.0,62856.0,2.3085,2.2878,3.4779,-1.5,61913.16,65042.09,4.26,7,none
2026-08-05 06:26:13,2026-08-05 06:25:00,64290.0,64287.0,62856.0,2.2814,2.2766,3.4779,-1.5,61913.16,65042.09,4.264,7,none
2026-08-05 06:31:23,2026-08-05 06:30:00,64281.0,64280.0,62856.0,2.2671,2.2655,3.4779,-1.5,61913.16,65042.09,4.267,7,none
2026-08-05 06:36:06,2026-08-05 06:35:00,64320.0,64300.0,62856.0,2.3291,2.2973,3.4779,-1.5,61913.16,65042.09,4.271,7,none
2026-08-05 06:41:14,2026-08-05 06:40:00,64286.0,64286.0,62856.0,2.275,2.275,3.4779,-1.5,61913.16,65042.09,4.274,7,none
2026-08-05 06:46:24,2026-08-05 06:45:00,64239.0,64238.0,62856.0,2.2003,2.1987,3.4779,-1.5,61913.16,65042.09,4.278,7,none
2026-08-05 06:51:12,2026-08-05 06:50:00,64208.0,64208.0,62856.0,2.1509,2.1509,3.4779,-1.5,61913.16,65042.09,4.281,7,none
2026-08-05 06:56:14,2026-08-05 06:55:00,64229.0,64225.0,62856.0,2.1844,2.178,3.4779,-1.5,61913.16,65042.09,4.285,7,none
2026-08-05 07:01:20,2026-08-05 07:00:00,64237.0,64221.0,62856.0,2.1971,2.1716,3.4779,-1.5,61913.16,65042.09,4.288,7,none
2026-08-05 07:06:09,2026-08-05 07:05:00,64201.0,64155.0,62856.0,2.1398,2.0666,3.4779,-1.5,61913.16,65042.09,4.292,7,none
2026-08-05 07:11:13,2026-08-05 07:10:00,64161.0,64137.0,62856.0,2.0762,2.038,3.4779,-1.5,61913.16,65042.09,4.295,7,none
2026-08-05 07:16:16,2026-08-05 07:15:00,64132.0,64132.0,62856.0,2.03,2.03,3.4779,-1.5,61913.16,65042.09,4.299,7,none
2026-08-05 07:21:12,2026-08-05 07:20:00,64062.0,64060.0,62856.0,1.9187,1.9155,3.4779,-1.5,61913.16,65042.09,4.302,7,none
2026-08-05 07:26:21,2026-08-05 07:25:00,64036.0,64028.0,62856.0,1.8773,1.8646,3.4779,-1.5,61913.16,65042.09,4.306,7,none
2026-08-05 07:31:14,2026-08-05 07:30:00,64033.0,64032.0,62856.0,1.8725,1.8709,3.4779,-1.5,61913.16,65042.09,4.309,7,none
2026-08-05 07:36:11,2026-08-05 07:35:00,64044.0,64043.0,62856.0,1.89,1.8884,3.4779,-1.5,61913.16,65042.09,4.312,7,none
2026-08-05 07:41:17,2026-08-05 07:40:00,64036.0,64018.0,62856.0,1.8773,1.8487,3.4779,-1.5,61913.16,65042.09,4.316,7,none
2026-08-05 07:46:16,2026-08-05 07:45:00,63990.0,63974.0,62856.0,1.8041,1.7787,3.4779,-1.5,61913.16,65042.09,4.319,7,none
2026-08-05 07:51:20,2026-08-05 07:50:00,64033.0,64032.0,62856.0,1.8725,1.8709,3.4779,-1.5,61913.16,65042.09,4.323,7,none
2026-08-05 07:56:07,2026-08-05 07:55:00,64027.0,64020.0,62856.0,1.863,1.8519,3.4779,-1.5,61913.16,65042.09,4.326,7,none
2026-08-05 08:01:26,2026-08-05 08:00:00,64164.0,64139.0,62856.0,2.0809,2.0412,3.4779,-1.5,61913.16,65042.09,4.33,7,none
2026-08-05 08:06:33,2026-08-05 08:05:00,64148.0,64148.0,62856.0,2.0555,2.0555,3.4779,-1.5,61913.16,65042.09,4.334,7,none
2026-08-05 08:11:13,2026-08-05 08:10:00,64181.0,64153.0,62856.0,2.108,2.0634,3.4779,-1.5,61913.16,65042.09,4.337,7,none
2026-08-05 08:16:24,2026-08-05 08:15:00,64149.0,64149.0,62856.0,2.0571,2.0571,3.4779,-1.5,61913.16,65042.09,4.34,7,none
2026-08-05 08:21:11,2026-08-05 08:20:00,64157.0,64155.0,62856.0,2.0698,2.0666,3.4779,-1.5,61913.16,65042.09,4.344,7,none
2026-08-05 08:26:08,2026-08-05 08:25:00,64181.0,64174.0,62856.0,2.108,2.0969,3.4779,-1.5,61913.16,65042.09,4.347,7,none
2026-08-05 08:31:26,2026-08-05 08:30:00,64249.0,64243.0,62856.0,2.2162,2.2066,3.4779,-1.5,61913.16,65042.09,4.351,7,none
2026-08-05 08:36:13,2026-08-05 08:35:00,64210.0,64209.0,62856.0,2.1541,2.1525,3.4779,-1.5,61913.16,65042.09,4.354,7,none
2026-08-05 08:41:15,2026-08-05 08:40:00,64211.0,64202.0,62856.0,2.1557,2.1414,3.4779,-1.5,61913.16,65042.09,4.358,7,none
2026-08-05 08:46:06,2026-08-05 08:45:00,64083.0,64062.0,62856.0,1.9521,1.9187,3.4779,-1.5,61913.16,65042.09,4.361,7,none
2026-08-05 08:51:18,2026-08-05 08:50:00,64125.0,64124.0,62856.0,2.0189,2.0173,3.4779,-1.5,61913.16,65042.09,4.365,7,none
2026-08-05 08:56:06,2026-08-05 08:55:00,64138.0,64113.0,62856.0,2.0396,1.9998,3.4779,-1.5,61913.16,65042.09,4.368,7,none
2026-08-05 09:01:20,2026-08-05 09:00:00,64105.0,64090.0,62856.0,1.9871,1.9632,3.4779,-1.5,61913.16,65042.09,4.372,7,none
2026-08-05 09:06:07,2026-08-05 09:05:00,64109.0,64102.0,62856.0,1.9934,1.9823,3.4779,-1.5,61913.16,65042.09,4.375,7,none
2026-08-05 09:11:08,2026-08-05 09:10:00,64123.0,64123.0,62856.0,2.0157,2.0157,3.4779,-1.5,61913.16,65042.09,4.378,7,none
2026-08-05 09:16:12,2026-08-05 09:15:00,64109.0,64098.0,62856.0,1.9934,1.9759,3.4779,-1.5,61913.16,65042.09,4.382,7,none
2026-08-05 09:21:26,2026-08-05 09:20:00,64150.0,64119.0,62856.0,2.0587,2.0094,3.4779,-1.5,61913.16,65042.09,4.386,7,none
2026-08-05 09:26:08,2026-08-05 09:25:00,64138.0,64137.0,62856.0,2.0396,2.038,3.4779,-1.5,61913.16,65042.09,4.389,7,none
2026-08-05 09:31:23,2026-08-05 09:30:00,64134.0,64129.0,62856.0,2.0332,2.0253,3.4779,-1.5,61913.16,65042.09,4.392,7,none
2026-08-05 09:36:09,2026-08-05 09:35:00,64176.0,64160.0,62856.0,2.1,2.0746,3.4779,-1.5,61913.16,65042.09,4.396,7,none
2026-08-05 09:41:09,2026-08-05 09:40:00,64167.0,64167.0,62856.0,2.0857,2.0857,3.4779,-1.5,61913.16,65042.09,4.399,7,none
2026-08-05 09:46:06,2026-08-05 09:45:00,64153.0,64152.0,62856.0,2.0634,2.0619,3.4779,-1.5,61913.16,65042.09,4.403,7,none
2026-08-05 09:51:12,2026-08-05 09:50:00,64152.0,64146.0,62856.0,2.0619,2.0523,3.4779,-1.5,61913.16,65042.09,4.406,7,none
2026-08-05 09:56:15,2026-08-05 09:55:00,64143.0,64143.0,62856.0,2.0475,2.0475,3.4779,-1.5,61913.16,65042.09,4.41,7,none
2026-08-05 10:01:22,2026-08-05 10:00:00,64125.0,64125.0,62856.0,2.0189,2.0189,3.4779,-1.5,61913.16,65042.09,4.413,7,none
2026-08-05 10:06:22,2026-08-05 10:05:00,64153.0,64127.0,62856.0,2.0634,2.0221,3.4779,-1.5,61913.16,65042.09,4.417,7,none
2026-08-05 10:11:21,2026-08-05 10:10:00,64087.0,64086.0,62856.0,1.9584,1.9569,3.4779,-1.5,61913.16,65042.09,4.42,7,none
2026-08-05 10:16:27,2026-08-05 10:15:00,64061.0,64061.0,62856.0,1.9171,1.9171,3.4779,-1.5,61913.16,65042.09,4.424,7,none
2026-08-05 10:21:11,2026-08-05 10:20:00,64099.0,64098.0,62856.0,1.9775,1.9759,3.4779,-1.5,61913.16,65042.09,4.427,7,none
2026-08-05 10:26:11,2026-08-05 10:25:00,64163.0,64134.0,62856.0,2.0794,2.0332,3.4779,-1.5,61913.16,65042.09,4.431,7,none
2026-08-05 10:31:25,2026-08-05 10:30:00,64151.0,64151.0,62856.0,2.0603,2.0603,3.4779,-1.5,61913.16,65042.09,4.434,7,none
2026-08-05 10:36:04,2026-08-05 10:35:00,64147.0,64147.0,62856.0,2.0539,2.0539,3.4779,-1.5,61913.16,65042.09,4.437,7,none
2026-08-05 10:41:16,2026-08-05 10:40:00,64198.0,64171.0,62856.0,2.135,2.0921,3.4779,-1.5,61913.16,65042.09,4.441,7,none
2026-08-05 10:46:16,2026-08-05 10:45:00,64147.0,64147.0,62856.0,2.0539,2.0539,3.4779,-1.5,61913.16,65042.09,4.444,7,none
2026-08-05 10:51:06,2026-08-05 10:50:00,64049.0,64022.0,62856.0,1.898,1.855,3.4779,-1.5,61913.16,65042.09,4.448,7,none
2026-08-05 10:56:07,2026-08-05 10:55:00,64039.0,64016.0,62856.0,1.8821,1.8455,3.4779,-1.5,61913.16,65042.09,4.451,7,none
2026-08-05 11:01:30,2026-08-05 11:00:00,64041.0,64032.0,62856.0,1.8853,1.8709,3.4779,-1.5,61913.16,65042.09,4.455,7,none
2026-08-05 11:06:07,2026-08-05 11:05:00,64075.0,64061.0,62856.0,1.9394,1.9171,3.4779,-1.5,61913.16,65042.09,4.458,7,none
2026-08-05 11:11:08,2026-08-05 11:10:00,64064.0,64064.0,62856.0,1.9219,1.9219,3.4779,-1.5,61913.16,65042.09,4.462,7,none
2026-08-05 11:16:09,2026-08-05 11:15:00,64051.0,64050.0,62856.0,1.9012,1.8996,3.4779,-1.5,61913.16,65042.09,4.465,7,none
2026-08-05 11:21:21,2026-08-05 11:20:00,64035.0,64034.0,62856.0,1.8757,1.8741,3.4779,-1.5,61913.16,65042.09,4.469,7,none
2026-08-05 11:26:15,2026-08-05 11:25:00,64057.0,64057.0,62856.0,1.9107,1.9107,3.4779,-1.5,61913.16,65042.09,4.472,7,none
2026-08-05 11:31:17,2026-08-05 11:30:00,64028.0,64028.0,62856.0,1.8646,1.8646,3.4779,-1.5,61913.16,65042.09,4.476,7,none
2026-08-05 11:36:17,2026-08-05 11:35:00,64082.0,64078.0,62856.0,1.9505,1.9441,3.4779,-1.5,61913.16,65042.09,4.479,7,none
2026-08-05 11:41:15,2026-08-05 11:40:00,64086.0,64082.0,62856.0,1.9569,1.9505,3.4779,-1.5,61913.16,65042.09,4.483,7,none
2026-08-05 11:46:19,2026-08-05 11:45:00,64028.0,64028.0,62856.0,1.8646,1.8646,3.4779,-1.5,61913.16,65042.09,4.486,7,none
2026-08-05 11:51:24,2026-08-05 11:50:00,64055.0,64055.0,62856.0,1.9075,1.9075,3.4779,-1.5,61913.16,65042.09,4.49,7,none
2026-08-05 11:56:12,2026-08-05 11:55:00,64033.0,64031.0,62856.0,1.8725,1.8694,3.4779,-1.5,61913.16,65042.09,4.493,7,none
2026-08-05 12:01:17,2026-08-05 12:00:00,64043.0,64041.0,62856.0,1.8884,1.8853,3.4779,-1.5,61913.16,65042.09,4.497,7,none
2026-08-05 12:06:11,2026-08-05 12:05:00,64042.0,64042.0,62856.0,1.8869,1.8869,3.4779,-1.5,61913.16,65042.09,4.5,7,none
2026-08-05 12:11:17,2026-08-05 12:10:00,64179.0,64133.0,62856.0,2.1048,2.0316,3.4779,-1.5,61913.16,65042.09,4.504,7,none
2026-08-05 12:16:32,2026-08-05 12:15:00,64164.0,64164.0,62856.0,2.0809,2.0809,3.4779,-1.5,61913.16,65042.09,4.507,7,none
2026-08-05 12:21:18,2026-08-05 12:20:00,64457.0,64418.0,62856.0,2.5471,2.485,3.4779,-1.5,61913.16,65042.09,4.51,7,none
2026-08-05 12:26:21,2026-08-05 12:25:00,64500.0,64420.0,62856.0,2.6155,2.4882,3.4779,-1.5,61913.16,65042.09,4.514,7,none
2026-08-05 12:31:24,2026-08-05 12:30:00,64441.0,64421.0,62856.0,2.5216,2.4898,3.4779,-1.5,61913.16,65042.09,4.518,7,none
2026-08-05 12:36:04,2026-08-05 12:35:00,64427.0,64385.0,62856.0,2.4994,2.4325,3.4779,-1.5,61913.16,65042.09,4.521,7,none
2026-08-05 12:41:09,2026-08-05 12:40:00,64425.0,64419.0,62856.0,2.4962,2.4866,3.4779,-1.5,61913.16,65042.09,4.524,7,none
2026-08-05 12:46:21,2026-08-05 12:45:00,64385.0,64356.0,62856.0,2.4325,2.3864,3.4779,-1.5,61913.16,65042.09,4.528,7,none
2026-08-05 12:51:21,2026-08-05 12:50:00,64372.0,64371.0,62856.0,2.4119,2.4103,3.4779,-1.5,61913.16,65042.09,4.531,7,none
2026-08-05 12:56:13,2026-08-05 12:55:00,64288.0,64286.0,62856.0,2.2782,2.275,3.4779,-1.5,61913.16,65042.09,4.535,7,none
2026-08-05 13:01:26,2026-08-05 13:00:00,64285.0,64282.0,62856.0,2.2735,2.2687,3.4779,-1.5,61913.16,65042.09,4.538,7,none
2026-08-05 13:06:20,2026-08-05 13:05:00,64247.0,64246.0,62856.0,2.213,2.2114,3.4779,-1.5,61913.16,65042.09,4.542,7,none
2026-08-05 13:11:13,2026-08-05 13:10:00,64132.0,64098.0,62856.0,2.03,1.9759,3.4779,-1.5,61913.16,65042.09,4.545,7,none
2026-08-05 13:16:10,2026-08-05 13:15:00,64124.0,64096.0,62856.0,2.0173,1.9728,3.4779,-1.5,61913.16,65042.09,4.549,7,none
2026-08-05 13:17:22,2026-08-05 13:16:00,64122.0,64122.0,62856.0,2.0141,2.0141,3.4779,-1.5,61913.16,65042.09,4.549,7,none
2026-08-05 13:21:14,2026-08-05 13:20:00,64161.0,64142.0,62856.0,2.0762,2.0459,3.4779,-1.5,61913.16,65042.09,4.552,7,none
2026-08-05 13:26:21,2026-08-05 13:25:00,64109.0,64089.0,62856.0,1.9934,1.9616,3.4779,-1.5,61913.16,65042.09,4.556,7,none
2026-08-05 13:31:37,2026-08-05 13:30:00,64083.0,64059.0,62856.0,1.9521,1.9139,3.4779,-1.5,61913.16,65042.09,4.559,7,none
2026-08-05 13:36:13,2026-08-05 13:35:00,63884.0,63880.0,62856.0,1.6355,1.6291,3.4779,-1.5,61913.16,65042.09,4.563,7,none
2026-08-05 13:41:22,2026-08-05 13:40:00,64230.0,64177.0,62856.0,2.1859,2.1016,3.4779,-1.5,61913.16,65042.09,4.566,7,none
2026-08-05 13:46:21,2026-08-05 13:45:00,64069.0,64063.0,62856.0,1.9298,1.9203,3.4779,-1.5,61913.16,65042.09,4.57,7,none
2026-08-05 13:51:07,2026-08-05 13:50:00,64177.0,64165.0,62856.0,2.1016,2.0825,3.4779,-1.5,61913.16,65042.09,4.573,7,none
2026-08-05 13:56:19,2026-08-05 13:55:00,64270.0,64233.0,62856.0,2.2496,2.1907,3.4779,-1.5,61913.16,65042.09,4.576,7,none
2026-08-05 14:01:26,2026-08-05 14:00:00,64367.0,64326.0,62856.0,2.4039,2.3387,3.4779,-1.5,61913.16,65042.09,4.58,7,none
2026-08-05 14:06:12,2026-08-05 14:05:00,64460.0,64342.0,62856.0,2.5519,2.3641,3.4779,-1.5,61913.16,65042.09,4.583,7,none
2026-08-05 14:11:24,2026-08-05 14:10:00,64466.0,64406.0,62856.0,2.5614,2.466,3.4779,-1.5,61913.16,65042.09,4.587,7,none
2026-08-05 14:16:10,2026-08-05 14:15:00,64474.0,64431.0,62856.0,2.5741,2.5057,3.4779,-1.5,61913.16,65042.09,4.59,7,none
2026-08-05 14:21:15,2026-08-05 14:20:00,64475.0,64461.0,62856.0,2.5757,2.5535,3.4779,-1.5,61913.16,65042.09,4.594,7,none
2026-08-05 14:26:27,2026-08-05 14:25:00,64354.0,64331.0,62856.0,2.3832,2.3466,3.4779,-1.5,61913.16,65042.09,4.597,7,none
2026-08-05 14:31:21,2026-08-05 14:30:00,64299.0,64275.0,62856.0,2.2957,2.2575,3.4779,-1.5,61913.16,65042.09,4.601,7,none
2026-08-05 14:36:07,2026-08-05 14:35:00,64337.0,64318.0,62856.0,2.3562,2.326,3.4779,-1.5,61913.16,65042.09,4.604,7,none
2026-08-05 14:41:19,2026-08-05 14:40:00,64300.0,64283.0,62856.0,2.2973,2.2703,3.4779,-1.5,61913.16,65042.09,4.608,7,none
2026-08-05 14:46:10,2026-08-05 14:45:00,64392.0,64377.0,62856.0,2.4437,2.4198,3.4779,-1.5,61913.16,65042.09,4.611,7,none
2026-08-05 14:51:10,2026-08-05 14:50:00,64404.0,64395.0,62856.0,2.4628,2.4485,3.4779,-1.5,61913.16,65042.09,4.615,7,none
2026-08-05 14:56:11,2026-08-05 14:55:00,64379.0,64377.0,62856.0,2.423,2.4198,3.4779,-1.5,61913.16,65042.09,4.618,7,none
2026-08-05 15:01:39,2026-08-05 15:00:00,64452.0,64432.0,62856.0,2.5391,2.5073,3.4779,-1.5,61913.16,65042.09,4.622,7,none
2026-08-05 15:06:12,2026-08-05 15:05:00,64498.0,64484.0,62856.0,2.6123,2.59,3.4779,-1.5,61913.16,65042.09,4.625,7,none
2026-08-05 15:12:30,2026-08-05 15:11:00,64650.0,64621.0,62856.0,2.8541,2.808,3.4779,-1.5,61913.16,65042.09,4.629,7,none
2026-08-05 15:16:20,2026-08-05 15:15:00,64528.0,64528.0,62856.0,2.66,2.66,3.4779,-1.5,61913.16,65042.09,4.632,7,none
2026-08-05 15:21:19,2026-08-05 15:20:00,64549.0,64524.0,62856.0,2.6935,2.6537,3.4779,-1.5,61913.16,65042.09,4.635,7,none
2026-08-05 15:26:12,2026-08-05 15:25:00,64467.0,64445.0,62856.0,2.563,2.528,3.4779,-1.5,61913.16,65042.09,4.639,7,none
2026-08-05 15:31:24,2026-08-05 15:30:00,64500.0,64467.0,62856.0,2.6155,2.563,3.4779,-1.5,61913.16,65042.09,4.643,7,none
2026-08-05 15:36:17,2026-08-05 15:35:00,64515.0,64509.0,62856.0,2.6394,2.6298,3.4779,-1.5,61913.16,65042.09,4.646,7,none
2026-08-05 15:41:24,2026-08-05 15:40:00,64598.0,64592.0,62856.0,2.7714,2.7619,3.4779,-1.5,61913.16,65042.09,4.649,7,none
2026-08-05 15:46:09,2026-08-05 15:45:00,64500.0,64458.0,62856.0,2.6155,2.5487,3.4779,-1.5,61913.16,65042.09,4.653,7,none
2026-08-05 15:51:24,2026-08-05 15:50:00,64459.0,64458.0,62856.0,2.5503,2.5487,3.4779,-1.5,61913.16,65042.09,4.656,7,none
2026-08-05 15:56:07,2026-08-05 15:55:00,64410.0,64391.0,62856.0,2.4723,2.4421,3.4779,-1.5,61913.16,65042.09,4.66,7,none
2026-08-05 16:01:18,2026-08-05 16:00:00,64394.0,64351.0,62856.0,2.4469,2.3785,3.4779,-1.5,61913.16,65042.09,4.663,7,none
2026-08-05 16:06:09,2026-08-05 16:05:00,64463.0,64395.0,62856.0,2.5566,2.4485,3.4779,-1.5,61913.16,65042.09,4.667,7,none
2026-08-05 16:11:18,2026-08-05 16:10:00,64492.0,64480.0,62856.0,2.6028,2.5837,3.4779,-1.5,61913.16,65042.09,4.67,7,none
2026-08-05 16:16:11,2026-08-05 16:15:00,64540.0,64540.0,62856.0,2.6791,2.6791,3.4779,-1.5,61913.16,65042.09,4.674,7,none
2026-08-05 16:21:26,2026-08-05 16:20:00,64599.0,64593.0,62856.0,2.773,2.7635,3.4779,-1.5,61913.16,65042.09,4.677,7,none
2026-08-05 16:26:24,2026-08-05 16:25:00,64658.0,64610.0,62856.0,2.8669,2.7905,3.4779,-1.5,61913.16,65042.09,4.681,7,none
2026-08-05 16:31:21,2026-08-05 16:30:00,64677.0,64677.0,62856.0,2.8971,2.8971,3.4779,-1.5,61913.16,65042.09,4.684,7,none
2026-08-05 16:36:15,2026-08-05 16:35:00,64657.0,64653.0,62856.0,2.8653,2.8589,3.4779,-1.5,61913.16,65042.09,4.688,7,none
2026-08-05 16:41:07,2026-08-05 16:40:00,64681.0,64666.0,62856.0,2.9035,2.8796,3.4779,-1.5,61913.16,65042.09,4.691,7,none
2026-08-05 16:46:15,2026-08-05 16:45:00,64640.0,64622.0,62856.0,2.8382,2.8096,3.4779,-1.5,61913.16,65042.09,4.694,7,none
2026-08-05 16:51:12,2026-08-05 16:50:00,64626.0,64618.0,62856.0,2.816,2.8032,3.4779,-1.5,61913.16,65042.09,4.698,7,none
2026-08-05 16:56:09,2026-08-05 16:55:00,64606.0,64593.0,62856.0,2.7841,2.7635,3.4779,-1.5,61913.16,65042.09,4.701,7,none
2026-08-05 17:01:32,2026-08-05 17:00:00,64625.0,64619.0,62856.0,2.8144,2.8048,3.4779,-1.5,61913.16,65042.09,4.705,7,none
2026-08-05 17:06:11,2026-08-05 17:05:00,64607.0,64607.0,62856.0,2.7857,2.7857,3.4779,-1.5,61913.16,65042.09,4.708,7,none
2026-08-05 17:11:17,2026-08-05 17:10:00,64562.0,64561.0,62856.0,2.7141,2.7125,3.4779,-1.5,61913.16,65042.09,4.712,7,none
2026-08-05 17:16:21,2026-08-05 17:15:00,64549.0,64527.0,62856.0,2.6935,2.6585,3.4779,-1.5,61913.16,65042.09,4.715,7,none
2026-08-05 17:21:26,2026-08-05 17:20:00,64541.0,64540.0,62856.0,2.6807,2.6791,3.4779,-1.5,61913.16,65042.09,4.719,7,none
2026-08-05 17:26:16,2026-08-05 17:25:00,64555.0,64542.0,62856.0,2.703,2.6823,3.4779,-1.5,61913.16,65042.09,4.722,7,none
2026-08-05 17:31:18,2026-08-05 17:30:00,64554.0,64554.0,62856.0,2.7014,2.7014,3.4779,-1.5,61913.16,65042.09,4.726,7,none
2026-08-05 17:36:10,2026-08-05 17:35:00,64584.0,64566.0,62856.0,2.7491,2.7205,3.4779,-1.5,61913.16,65042.09,4.729,7,none
2026-08-05 17:41:10,2026-08-05 17:40:00,64697.0,64685.0,62856.0,2.9289,2.9098,3.4779,-1.5,61913.16,65042.09,4.733,7,none
2026-08-05 17:46:20,2026-08-05 17:45:00,64664.0,64637.0,62856.0,2.8764,2.8335,3.4779,-1.5,61913.16,65042.09,4.736,7,none
2026-08-05 17:51:09,2026-08-05 17:50:00,64703.0,64695.0,62856.0,2.9385,2.9257,3.4779,-1.5,61913.16,65042.09,4.74,7,none
2026-08-05 17:56:03,2026-08-05 17:55:00,64722.0,64722.0,62856.0,2.9687,2.9687,3.4779,-1.5,61913.16,65042.09,4.743,7,none
2026-08-05 18:01:24,2026-08-05 18:00:00,64729.0,64729.0,62856.0,2.9798,2.9798,3.4779,-1.5,61913.16,65042.09,4.747,7,none
2026-08-05 18:06:16,2026-08-05 18:05:00,64716.0,64716.0,62856.0,2.9591,2.9591,3.4779,-1.5,61913.16,65042.09,4.75,7,none
2026-08-05 18:11:22,2026-08-05 18:10:00,64681.0,64650.0,62856.0,2.9035,2.8541,3.4779,-1.5,61913.16,65042.09,4.754,7,none
2026-08-05 18:16:13,2026-08-05 18:15:00,64775.0,64765.0,62856.0,3.053,3.0371,3.4779,-1.5,61913.16,65042.09,4.757,7,none
2026-08-05 18:21:19,2026-08-05 18:20:00,64757.0,64678.0,62856.0,3.0244,2.8987,3.4779,-1.5,61913.16,65042.09,4.761,7,none
2026-08-05 18:26:22,2026-08-05 18:25:00,64674.0,64673.0,62856.0,2.8923,2.8907,3.4779,-1.5,61913.16,65042.09,4.764,7,none
2026-08-05 18:31:18,2026-08-05 18:30:00,64659.0,64655.0,62856.0,2.8685,2.8621,3.4779,-1.5,61913.16,65042.09,4.767,7,none
2026-08-05 18:36:07,2026-08-05 18:35:00,64698.0,64668.0,62856.0,2.9305,2.8828,3.4779,-1.5,61913.16,65042.09,4.771,7,none
2026-08-05 18:41:16,2026-08-05 18:40:00,64757.0,64757.0,62856.0,3.0244,3.0244,3.4779,-1.5,61913.16,65042.09,4.774,7,none
2026-08-05 18:46:10,2026-08-05 18:45:00,64789.0,64773.0,62856.0,3.0753,3.0498,3.4779,-1.5,61913.16,65042.09,4.778,7,none
2026-08-05 18:51:14,2026-08-05 18:50:00,64763.0,64743.0,62856.0,3.0339,3.0021,3.4779,-1.5,61913.16,65042.09,4.781,7,none
2026-08-05 18:56:07,2026-08-05 18:55:00,64741.0,64725.0,62856.0,2.9989,2.9735,3.4779,-1.5,61913.16,65042.09,4.785,7,none
2026-08-05 19:01:20,2026-08-05 19:00:00,64753.0,64753.0,62856.0,3.018,3.018,3.4779,-1.5,61913.16,65042.09,4.788,7,none
2026-08-05 19:05:42,2026-08-05 19:04:00,64870.0,64781.0,62856.0,3.2041,3.0626,3.4779,-1.5,61913.16,65042.09,4.791,7,none
2026-08-05 19:11:18,2026-08-05 19:10:00,64840.0,64840.0,62856.0,3.1564,3.1564,3.4779,-1.5,61913.16,65042.09,4.795,7,none
2026-08-05 19:16:11,2026-08-05 19:15:00,64848.0,64847.0,62856.0,3.1691,3.1676,3.4779,-1.5,61913.16,65042.09,4.799,7,none
2026-08-05 19:21:13,2026-08-05 19:20:00,64842.0,64836.0,62856.0,3.1596,3.1501,3.4779,-1.5,61913.16,65042.09,4.802,7,none
2026-08-05 19:26:08,2026-08-05 19:25:00,64882.0,64875.0,62856.0,3.2232,3.2121,3.4779,-1.5,61913.16,65042.09,4.806,7,none
2026-08-05 19:31:14,2026-08-05 19:30:00,64888.0,64880.0,62856.0,3.2328,3.2201,3.4779,-1.5,61913.16,65042.09,4.809,7,none
2026-08-05 19:36:12,2026-08-05 19:35:00,64859.0,64840.0,62856.0,3.1866,3.1564,3.4779,-1.5,61913.16,65042.09,4.812,7,none
2026-08-05 19:41:12,2026-08-05 19:40:00,64887.0,64887.0,62856.0,3.2312,3.2312,3.4779,-1.5,61913.16,65042.09,4.816,7,none
2026-08-05 19:46:19,2026-08-05 19:45:00,64857.0,64856.0,62856.0,3.1835,3.1819,3.4779,-1.5,61913.16,65042.09,4.82,7,none
2026-08-05 19:51:16,2026-08-05 19:50:00,64857.0,64845.0,62856.0,3.1835,3.1644,3.4779,-1.5,61913.16,65042.09,4.823,7,none
2026-08-05 19:56:05,2026-08-05 19:55:00,64880.0,64880.0,62856.0,3.2201,3.2201,3.4779,-1.5,61913.16,65042.09,4.826,7,none
2026-08-05 20:01:38,2026-08-05 20:00:00,64826.0,64797.0,62856.0,3.1341,3.088,3.4779,-1.5,61913.16,65042.09,4.83,7,none
2026-08-05 20:06:18,2026-08-05 20:05:00,64804.0,64801.0,62856.0,3.0991,3.0944,3.4779,-1.5,61913.16,65042.09,4.833,7,none
2026-08-05 20:11:10,2026-08-05 20:10:00,64855.0,64829.0,62856.0,3.1803,3.1389,3.4779,-1.5,61913.16,65042.09,4.837,7,none
2026-08-05 20:16:14,2026-08-05 20:15:00,64888.0,64888.0,62856.0,3.2328,3.2328,3.4779,-1.5,61913.16,65042.09,4.84,7,none
2026-08-05 20:21:17,2026-08-05 20:20:00,64921.0,64847.0,62856.0,3.2853,3.1676,3.4779,-1.5,61913.16,65042.09,4.844,7,none
2026-08-05 20:26:16,2026-08-05 20:25:00,64944.0,64944.0,62856.0,3.3219,3.3219,3.4779,-1.5,61913.16,65042.09,4.847,7,none
2026-08-05 20:31:23,2026-08-05 20:30:00,64950.0,64950.0,62856.0,3.3314,3.3314,3.4779,-1.5,61913.16,65042.09,4.851,7,none
2026-08-05 20:36:09,2026-08-05 20:35:00,64941.0,64899.0,62856.0,3.3171,3.2503,3.4779,-1.5,61913.16,65042.09,4.854,7,none
2026-08-05 20:41:17,2026-08-05 20:40:00,64920.0,64919.0,62856.0,3.2837,3.2821,3.4779,-1.5,61913.16,65042.09,4.858,7,none
2026-08-05 20:46:25,2026-08-05 20:45:00,64935.0,64935.0,62856.0,3.3076,3.3076,3.4779,-1.5,61913.16,65042.09,4.861,7,none
2026-08-05 20:51:16,2026-08-05 20:50:00,64863.0,64863.0,62856.0,3.193,3.193,3.4779,-1.5,61913.16,65042.09,4.865,7,none
2026-08-05 20:56:05,2026-08-05 20:55:00,64827.0,64827.0,62856.0,3.1357,3.1357,3.4779,-1.5,61913.16,65042.09,4.868,7,none
2026-08-05 21:01:23,2026-08-05 21:00:00,64763.0,64763.0,62856.0,3.0339,3.0339,3.4779,-1.5,61913.16,65042.09,4.872,7,none
2026-08-05 21:06:12,2026-08-05 21:05:00,64738.0,64730.0,62856.0,2.9941,2.9814,3.4779,-1.5,61913.16,65042.09,4.875,7,none
2026-08-05 21:11:15,2026-08-05 21:10:00,64717.0,64717.0,62856.0,2.9607,2.9607,3.4779,-1.5,61913.16,65042.09,4.879,7,none
2026-08-05 21:16:07,2026-08-05 21:15:00,64747.0,64740.0,62856.0,3.0085,2.9973,3.4779,-1.5,61913.16,65042.09,4.882,7,none
2026-08-05 21:21:07,2026-08-05 21:20:00,64714.0,64714.0,62856.0,2.956,2.956,3.4779,-1.5,61913.16,65042.09,4.885,7,none
2026-08-05 21:26:08,2026-08-05 21:25:00,64651.0,64651.0,62856.0,2.8557,2.8557,3.4779,-1.5,61913.16,65042.09,4.889,7,none
2026-08-05 21:31:23,2026-08-05 21:30:00,64694.0,64632.0,62856.0,2.9241,2.8255,3.4779,-1.5,61913.16,65042.09,4.892,7,none
2026-08-05 21:36:11,2026-08-05 21:35:00,64661.0,64656.0,62856.0,2.8716,2.8637,3.4779,-1.5,61913.16,65042.09,4.896,7,none
2026-08-05 21:41:21,2026-08-05 21:40:00,64668.0,64658.0,62856.0,2.8828,2.8669,3.4779,-1.5,61913.16,65042.09,4.899,7,none
2026-08-05 21:46:11,2026-08-05 21:45:00,64667.0,64667.0,62856.0,2.8812,2.8812,3.4779,-1.5,61913.16,65042.09,4.903,7,none
2026-08-05 21:51:18,2026-08-05 21:50:00,64698.0,64671.0,62856.0,2.9305,2.8876,3.4779,-1.5,61913.16,65042.09,4.906,7,none
2026-08-05 21:56:18,2026-08-05 21:55:00,64706.0,64705.0,62856.0,2.9432,2.9416,3.4779,-1.5,61913.16,65042.09,4.91,7,none
2026-08-05 22:01:20,2026-08-05 22:00:00,64713.0,64699.0,62856.0,2.9544,2.9321,3.4779,-1.5,61913.16,65042.09,4.913,7,none
2026-08-05 22:06:05,2026-08-05 22:05:00,64640.0,64636.0,62856.0,2.8382,2.8319,3.4779,-1.5,61913.16,65042.09,4.917,7,none
2026-08-05 22:11:15,2026-08-05 22:10:00,64682.0,64639.0,62856.0,2.9051,2.8366,3.4779,-1.5,61913.16,65042.09,4.92,7,none
2026-08-05 22:16:20,2026-08-05 22:15:00,64650.0,64650.0,62856.0,2.8541,2.8541,3.4779,-1.5,61913.16,65042.09,4.924,7,none
2026-08-05 22:21:09,2026-08-05 22:20:00,64681.0,64667.0,62856.0,2.9035,2.8812,3.4779,-1.5,61913.16,65042.09,4.927,7,none
2026-08-05 22:26:09,2026-08-05 22:25:00,64671.0,64670.0,62856.0,2.8876,2.886,3.4779,-1.5,61913.16,65042.09,4.931,7,none
2026-08-05 22:31:24,2026-08-05 22:30:00,64729.0,64701.0,62856.0,2.9798,2.9353,3.4779,-1.5,61913.16,65042.09,4.934,7,none
2026-08-05 22:36:13,2026-08-05 22:35:00,64716.0,64716.0,62856.0,2.9591,2.9591,3.4779,-1.5,61913.16,65042.09,4.938,7,none
2026-08-05 22:41:16,2026-08-05 22:40:00,64650.0,64649.0,62856.0,2.8541,2.8526,3.4779,-1.5,61913.16,65042.09,4.941,7,none
2026-08-05 22:46:07,2026-08-05 22:45:00,64666.0,64659.0,62856.0,2.8796,2.8685,3.4779,-1.5,61913.16,65042.09,4.944,7,none
2026-08-05 22:51:23,2026-08-05 22:50:00,64650.0,64650.0,62856.0,2.8541,2.8541,3.4779,-1.5,61913.16,65042.09,4.948,7,none
2026-08-05 22:56:08,2026-08-05 22:55:00,64615.0,64613.0,62856.0,2.7985,2.7953,3.4779,-1.5,61913.16,65042.09,4.951,7,none
2026-08-05 23:01:27,2026-08-05 23:00:00,64559.0,64546.0,62856.0,2.7094,2.6887,3.4779,-1.5,61913.16,65042.09,4.955,7,none
2026-08-05 23:06:22,2026-08-05 23:05:00,64581.0,64573.0,62856.0,2.7444,2.7316,3.4779,-1.5,61913.16,65042.09,4.958,7,none
2026-08-05 23:11:18,2026-08-05 23:10:00,64646.0,64636.0,62856.0,2.8478,2.8319,3.4779,-1.5,61913.16,65042.09,4.962,7,none
2026-08-05 23:16:14,2026-08-05 23:15:00,64624.0,64623.0,62856.0,2.8128,2.8112,3.4779,-1.5,61913.16,65042.09,4.965,7,none
2026-08-05 23:21:16,2026-08-05 23:20:00,64634.0,64634.0,62856.0,2.8287,2.8287,3.4779,-1.5,61913.16,65042.09,4.969,7,none
2026-08-05 23:26:07,2026-08-05 23:25:00,64702.0,64699.0,62856.0,2.9369,2.9321,3.4779,-1.5,61913.16,65042.09,4.972,7,none
2026-08-05 23:30:51,2026-08-05 23:29:00,64671.0,64670.0,62856.0,2.8876,2.886,3.4779,-1.5,61913.16,65042.09,4.975,7,none
2026-08-05 23:36:18,2026-08-05 23:35:00,64657.0,64638.0,62856.0,2.8653,2.8351,3.4779,-1.5,61913.16,65042.09,4.979,7,none
2026-08-05 23:41:13,2026-08-05 23:40:00,64655.0,64654.0,62856.0,2.8621,2.8605,3.4779,-1.5,61913.16,65042.09,4.983,7,none
2026-08-05 23:46:17,2026-08-05 23:45:00,64620.0,64620.0,62856.0,2.8064,2.8064,3.4779,-1.5,61913.16,65042.09,4.986,7,none
2026-08-05 23:51:15,2026-08-05 23:50:00,64615.0,64615.0,62856.0,2.7985,2.7985,3.4779,-1.5,61913.16,65042.09,4.99,7,none
2026-08-05 23:56:12,2026-08-05 23:55:00,64609.0,64609.0,62856.0,2.7889,2.7889,3.4779,-1.5,61913.16,65042.09,4.993,7,none
2026-08-06 00:01:24,2026-08-06 00:00:00,64625.0,64624.0,62856.0,2.8144,2.8128,3.4779,-1.5,61913.16,65042.09,4.997,7,none
2026-08-06 00:06:28,2026-08-06 00:05:00,64596.0,64585.0,62856.0,2.7682,2.7507,3.4779,-1.5,61913.16,65042.09,5.0,7,none
2026-08-06 00:11:15,2026-08-06 00:10:00,64578.0,64574.0,62856.0,2.7396,2.7332,3.4779,-1.5,61913.16,65042.09,5.004,7,none
2026-08-06 00:16:08,2026-08-06 00:15:00,64560.0,64560.0,62856.0,2.711,2.711,3.4779,-1.5,61913.16,65042.09,5.007,7,none
2026-08-06 00:21:16,2026-08-06 00:20:00,64613.0,64591.0,62856.0,2.7953,2.7603,3.4779,-1.5,61913.16,65042.09,5.01,7,none
2026-08-06 00:26:10,2026-08-06 00:25:00,64679.0,64678.0,62856.0,2.9003,2.8987,3.4779,-1.5,61913.16,65042.09,5.014,7,none
2026-08-06 00:31:15,2026-08-06 00:30:00,64666.0,64664.0,62856.0,2.8796,2.8764,3.4779,-1.5,61913.16,65042.09,5.017,7,none
2026-08-06 00:36:10,2026-08-06 00:35:00,64681.0,64662.0,62856.0,2.9035,2.8732,3.4779,-1.5,61913.16,65042.09,5.021,7,none
2026-08-06 00:41:08,2026-08-06 00:40:00,64661.0,64660.0,62856.0,2.8716,2.8701,3.4779,-1.5,61913.16,65042.09,5.024,7,none
2026-08-06 00:46:03,2026-08-06 00:44:00,64621.0,64620.0,62856.0,2.808,2.8064,3.4779,-1.5,61913.16,65042.09,5.028,7,none
2026-08-06 00:51:09,2026-08-06 00:50:00,64602.0,64601.0,62856.0,2.7778,2.7762,3.4779,-1.5,61913.16,65042.09,5.031,7,none
2026-08-06 00:56:10,2026-08-06 00:55:00,64661.0,64653.0,62856.0,2.8716,2.8589,3.4779,-1.5,61913.16,65042.09,5.035,7,none
2026-08-06 01:01:33,2026-08-06 01:00:00,64610.0,64600.0,62856.0,2.7905,2.7746,3.4779,-1.5,61913.16,65042.09,5.038,7,none
2026-08-06 01:06:14,2026-08-06 01:05:00,64603.0,64603.0,62856.0,2.7794,2.7794,3.4779,-1.5,61913.16,65042.09,5.042,7,none
2026-08-06 01:11:16,2026-08-06 01:10:00,64597.0,64596.0,62856.0,2.7698,2.7682,3.4779,-1.5,61913.16,65042.09,5.045,7,none
2026-08-06 01:16:14,2026-08-06 01:15:00,64554.0,64553.0,62856.0,2.7014,2.6998,3.4779,-1.5,61913.16,65042.09,5.049,7,none
2026-08-06 01:21:15,2026-08-06 01:20:00,64548.0,64548.0,62856.0,2.6919,2.6919,3.4779,-1.5,61913.16,65042.09,5.052,7,none
2026-08-06 01:26:10,2026-08-06 01:25:00,64521.0,64521.0,62856.0,2.6489,2.6489,3.4779,-1.5,61913.16,65042.09,5.056,7,none
2026-08-06 01:31:21,2026-08-06 01:30:00,64485.0,64480.0,62856.0,2.5916,2.5837,3.4779,-1.5,61913.16,65042.09,5.059,7,none
2026-08-06 01:36:11,2026-08-06 01:35:00,64538.0,64524.0,62856.0,2.676,2.6537,3.4779,-1.5,61913.16,65042.09,5.062,7,none
2026-08-06 01:41:17,2026-08-06 01:40:00,64541.0,64541.0,62856.0,2.6807,2.6807,3.4779,-1.5,61913.16,65042.09,5.066,7,none
2026-08-06 01:46:09,2026-08-06 01:45:00,64562.0,64539.0,62856.0,2.7141,2.6775,3.4779,-1.5,61913.16,65042.09,5.069,7,none
2026-08-06 01:51:19,2026-08-06 01:50:00,64616.0,64616.0,62856.0,2.8001,2.8001,3.4779,-1.5,61913.16,65042.09,5.073,7,none
2026-08-06 01:56:19,2026-08-06 01:55:00,64595.0,64595.0,62856.0,2.7666,2.7666,3.4779,-1.5,61913.16,65042.09,5.076,7,none
2026-08-06 02:01:24,2026-08-06 02:00:00,64550.0,64546.0,62856.0,2.695,2.6887,3.4779,-1.5,61913.16,65042.09,5.08,7,none
2026-08-06 02:06:08,2026-08-06 02:05:00,64530.0,64530.0,62856.0,2.6632,2.6632,3.4779,-1.5,61913.16,65042.09,5.083,7,none
2026-08-06 02:11:16,2026-08-06 02:10:00,64600.0,64549.0,62856.0,2.7746,2.6935,3.4779,-1.5,61913.16,65042.09,5.087,7,none
2026-08-06 02:16:24,2026-08-06 02:15:00,64540.0,64518.0,62856.0,2.6791,2.6441,3.4779,-1.5,61913.16,65042.09,5.09,7,none
2026-08-06 02:21:14,2026-08-06 02:20:00,64428.0,64425.0,62856.0,2.501,2.4962,3.4779,-1.5,61913.16,65042.09,5.094,7,none
2026-08-06 02:26:15,2026-08-06 02:25:00,64521.0,64520.0,62856.0,2.6489,2.6473,3.4779,-1.5,61913.16,65042.09,5.097,7,none
2026-08-06 02:31:22,2026-08-06 02:30:00,64483.0,64479.0,62856.0,2.5885,2.5821,3.4779,-1.5,61913.16,65042.09,5.101,7,none
2026-08-06 02:36:08,2026-08-06 02:35:00,64500.0,64499.0,62856.0,2.6155,2.6139,3.4779,-1.5,61913.16,65042.09,5.104,7,none
2026-08-06 02:41:19,2026-08-06 02:40:00,64515.0,64507.0,62856.0,2.6394,2.6266,3.4779,-1.5,61913.16,65042.09,5.108,7,none
2026-08-06 02:46:16,2026-08-06 02:45:00,64564.0,64551.0,62856.0,2.7173,2.6966,3.4779,-1.5,61913.16,65042.09,5.111,7,none
2026-08-06 02:51:13,2026-08-06 02:50:00,64552.0,64551.0,62856.0,2.6982,2.6966,3.4779,-1.5,61913.16,65042.09,5.115,7,none
2026-08-06 02:56:12,2026-08-06 02:55:00,64530.0,64528.0,62856.0,2.6632,2.66,3.4779,-1.5,61913.16,65042.09,5.118,7,none
2026-08-06 03:01:23,2026-08-06 03:00:00,64542.0,64541.0,62856.0,2.6823,2.6807,3.4779,-1.5,61913.16,65042.09,5.122,7,none
2026-08-06 03:06:03,2026-08-06 03:05:00,64541.0,64528.0,62856.0,2.6807,2.66,3.4779,-1.5,61913.16,65042.09,5.125,7,none
2026-08-06 03:11:14,2026-08-06 03:10:00,64552.0,64542.0,62856.0,2.6982,2.6823,3.4779,-1.5,61913.16,65042.09,5.129,7,none
2026-08-06 03:16:07,2026-08-06 03:15:00,64542.0,64542.0,62856.0,2.6823,2.6823,3.4779,-1.5,61913.16,65042.09,5.132,7,none
2026-08-06 03:21:13,2026-08-06 03:20:00,64512.0,64511.0,62856.0,2.6346,2.633,3.4779,-1.5,61913.16,65042.09,5.135,7,none
2026-08-06 03:26:13,2026-08-06 03:25:00,64480.0,64480.0,62856.0,2.5837,2.5837,3.4779,-1.5,61913.16,65042.09,5.139,7,none
2026-08-06 03:31:17,2026-08-06 03:30:00,64553.0,64514.0,62856.0,2.6998,2.6378,3.4779,-1.5,61913.16,65042.09,5.142,7,none
2026-08-06 03:36:12,2026-08-06 03:35:00,64513.0,64513.0,62856.0,2.6362,2.6362,3.4779,-1.5,61913.16,65042.09,5.146,7,none
2026-08-06 03:41:13,2026-08-06 03:40:00,64502.0,64502.0,62856.0,2.6187,2.6187,3.4779,-1.5,61913.16,65042.09,5.149,7,none
2026-08-06 03:46:09,2026-08-06 03:45:00,64466.0,64465.0,62856.0,2.5614,2.5598,3.4779,-1.5,61913.16,65042.09,5.153,7,none
2026-08-06 03:51:14,2026-08-06 03:50:00,64500.0,64499.0,62856.0,2.6155,2.6139,3.4779,-1.5,61913.16,65042.09,5.156,7,none
2026-08-06 03:56:05,2026-08-06 03:55:00,64487.0,64472.0,62856.0,2.5948,2.571,3.4779,-1.5,61913.16,65042.09,5.16,7,none
2026-08-06 04:01:28,2026-08-06 04:00:00,64485.0,64473.0,62856.0,2.5916,2.5725,3.4779,-1.5,61913.16,65042.09,5.163,7,none
2026-08-06 04:06:17,2026-08-06 04:05:00,64506.0,64475.0,62856.0,2.625,2.5757,3.4779,-1.5,61913.16,65042.09,5.167,7,none
2026-08-06 04:11:08,2026-08-06 04:10:00,64529.0,64528.0,62856.0,2.6616,2.66,3.4779,-1.5,61913.16,65042.09,5.17,7,none
2026-08-06 04:16:06,2026-08-06 04:15:00,64562.0,64559.0,62856.0,2.7141,2.7094,3.4779,-1.5,61913.16,65042.09,5.174,7,none
2026-08-06 04:21:08,2026-08-06 04:20:00,64619.0,64608.0,62856.0,2.8048,2.7873,3.4779,-1.5,61913.16,65042.09,5.177,7,none
2026-08-06 04:26:11,2026-08-06 04:25:00,64671.0,64647.0,62856.0,2.8876,2.8494,3.4779,-1.5,61913.16,65042.09,5.181,7,none
2026-08-06 04:31:21,2026-08-06 04:30:00,64691.0,64671.0,62856.0,2.9194,2.8876,3.4779,-1.5,61913.16,65042.09,5.184,7,none
2026-08-06 04:36:10,2026-08-06 04:35:00,64680.0,64668.0,62856.0,2.9019,2.8828,3.4779,-1.5,61913.16,65042.09,5.187,7,none
2026-08-06 04:41:13,2026-08-06 04:40:00,64653.0,64642.0,62856.0,2.8589,2.8414,3.4779,-1.5,61913.16,65042.09,5.191,7,none
2026-08-06 04:46:10,2026-08-06 04:45:00,64606.0,64606.0,62856.0,2.7841,2.7841,3.4779,-1.5,61913.16,65042.09,5.194,7,none
2026-08-06 04:51:11,2026-08-06 04:50:00,64627.0,64623.0,62856.0,2.8176,2.8112,3.4779,-1.5,61913.16,65042.09,5.198,7,none
2026-08-06 04:56:16,2026-08-06 04:55:00,64673.0,64671.0,62856.0,2.8907,2.8876,3.4779,-1.5,61913.16,65042.09,5.201,7,none
2026-08-06 05:01:22,2026-08-06 05:00:00,64705.0,64701.0,62856.0,2.9416,2.9353,3.4779,-1.5,61913.16,65042.09,5.205,7,none
2026-08-06 05:06:04,2026-08-06 05:05:00,64859.0,64750.0,62856.0,3.1866,3.0132,3.4779,-1.5,61913.16,65042.09,5.208,7,none
2026-08-06 05:11:10,2026-08-06 05:10:00,64898.0,64887.0,62856.0,3.2487,3.2312,3.4779,-1.5,61913.16,65042.09,5.212,7,none
2026-08-06 05:16:22,2026-08-06 05:15:00,64883.0,64881.0,62856.0,3.2248,3.2216,3.4779,-1.5,61913.16,65042.09,5.215,7,none
2026-08-06 05:21:21,2026-08-06 05:20:00,64893.0,64884.0,62856.0,3.2407,3.2264,3.4779,-1.5,61913.16,65042.09,5.219,7,none
2026-08-06 05:26:11,2026-08-06 05:25:00,64923.0,64922.0,62856.0,3.2885,3.2869,3.4779,-1.5,61913.16,65042.09,5.222,7,none
2026-08-06 05:31:24,2026-08-06 05:30:00,64869.0,64845.0,62856.0,3.2026,3.1644,3.4779,-1.5,61913.16,65042.09,5.226,7,none
2026-08-06 05:36:14,2026-08-06 05:35:00,64868.0,64854.0,62856.0,3.201,3.1787,3.4779,-1.5,61913.16,65042.09,5.229,7,none
2026-08-06 05:41:13,2026-08-06 05:40:00,64839.0,64831.0,62856.0,3.1548,3.1421,3.4779,-1.5,61913.16,65042.09,5.233,7,none
2026-08-06 05:46:09,2026-08-06 05:45:00,64873.0,64870.0,62856.0,3.2089,3.2041,3.4779,-1.5,61913.16,65042.09,5.236,7,none
2026-08-06 05:51:08,2026-08-06 05:50:00,64832.0,64831.0,62856.0,3.1437,3.1421,3.4779,-1.5,61913.16,65042.09,5.24,7,none
2026-08-06 05:56:07,2026-08-06 05:55:00,64829.0,64829.0,62856.0,3.1389,3.1389,3.4779,-1.5,61913.16,65042.09,5.243,7,none
2026-08-06 06:01:26,2026-08-06 06:00:00,64836.0,64836.0,62856.0,3.1501,3.1501,3.4779,-1.5,61913.16,65042.09,5.247,7,none
2026-08-06 06:06:06,2026-08-06 06:05:00,64851.0,64847.0,62856.0,3.1739,3.1676,3.4779,-1.5,61913.16,65042.09,5.25,7,none
2026-08-06 06:11:25,2026-08-06 06:10:00,64795.0,64791.0,62856.0,3.0848,3.0785,3.4779,-1.5,61913.16,65042.09,5.254,7,none
2026-08-06 06:16:21,2026-08-06 06:15:00,64746.0,64746.0,62856.0,3.0069,3.0069,3.4779,-1.5,61913.16,65042.09,5.257,7,none
2026-08-06 06:21:11,2026-08-06 06:20:00,64729.0,64720.0,62856.0,2.9798,2.9655,3.4779,-1.5,61913.16,65042.09,5.26,7,none
2026-08-06 06:26:04,2026-08-06 06:25:00,64784.0,64783.0,62856.0,3.0673,3.0657,3.4779,-1.5,61913.16,65042.09,5.264,7,none
2026-08-06 06:31:24,2026-08-06 06:30:00,64787.0,64787.0,62856.0,3.0721,3.0721,3.4779,-1.5,61913.16,65042.09,5.268,7,none
2026-08-06 06:36:17,2026-08-06 06:35:00,64829.0,64819.0,62856.0,3.1389,3.123,3.4779,-1.5,61913.16,65042.09,5.271,7,none
2026-08-06 06:41:30,2026-08-06 06:40:00,64795.0,64794.0,62856.0,3.0848,3.0832,3.4779,-1.5,61913.16,65042.09,5.275,7,none
2026-08-06 06:46:15,2026-08-06 06:45:00,64812.0,64811.0,62856.0,3.1119,3.1103,3.4779,-1.5,61913.16,65042.09,5.278,7,none
2026-08-06 06:51:15,2026-08-06 06:50:00,64810.0,64807.0,62856.0,3.1087,3.1039,3.4779,-1.5,61913.16,65042.09,5.281,7,none
2026-08-06 06:56:09,2026-08-06 06:55:00,64820.0,64816.0,62856.0,3.1246,3.1182,3.4779,-1.5,61913.16,65042.09,5.285,7,none
2026-08-06 07:01:27,2026-08-06 07:00:00,64809.0,64808.0,62856.0,3.1071,3.1055,3.4779,-1.5,61913.16,65042.09,5.288,7,none
2026-08-06 07:06:22,2026-08-06 07:05:00,64819.0,64800.0,62856.0,3.123,3.0928,3.4779,-1.5,61913.16,65042.09,5.292,7,none
2026-08-06 07:11:17,2026-08-06 07:10:00,64822.0,64814.0,62856.0,3.1278,3.1151,3.4779,-1.5,61913.16,65042.09,5.295,7,none
2026-08-06 07:16:15,2026-08-06 07:15:00,64893.0,64882.0,62856.0,3.2407,3.2232,3.4779,-1.5,61913.16,65042.09,5.299,7,none
2026-08-06 07:21:18,2026-08-06 07:20:00,64898.0,64881.0,62856.0,3.2487,3.2216,3.4779,-1.5,61913.16,65042.09,5.302,7,none
2026-08-06 07:26:05,2026-08-06 07:25:00,64903.0,64902.0,62856.0,3.2567,3.2551,3.4779,-1.5,61913.16,65042.09,5.305,7,none
2026-08-06 07:31:20,2026-08-06 07:30:00,64868.0,64867.0,62856.0,3.201,3.1994,3.4779,-1.5,61913.16,65042.09,5.309,7,none
2026-08-06 07:36:14,2026-08-06 07:35:00,64861.0,64855.0,62856.0,3.1898,3.1803,3.4779,-1.5,61913.16,65042.09,5.313,7,none
2026-08-06 07:41:10,2026-08-06 07:40:00,64833.0,64832.0,62856.0,3.1453,3.1437,3.4779,-1.5,61913.16,65042.09,5.316,7,none
2026-08-06 07:46:13,2026-08-06 07:45:00,64779.0,64775.0,62856.0,3.0594,3.053,3.4779,-1.5,61913.16,65042.09,5.319,7,none
2026-08-06 07:51:07,2026-08-06 07:50:00,64799.0,64799.0,62856.0,3.0912,3.0912,3.4779,-1.5,61913.16,65042.09,5.323,7,none
2026-08-06 07:56:08,2026-08-06 07:55:00,64800.0,64775.0,62856.0,3.0928,3.053,3.4779,-1.5,61913.16,65042.09,5.326,7,none
2026-08-06 08:01:30,2026-08-06 08:00:00,64799.0,64783.0,62856.0,3.0912,3.0657,3.4779,-1.5,61913.16,65042.09,5.33,7,none
2026-08-06 08:06:10,2026-08-06 08:05:00,64795.0,64794.0,62856.0,3.0848,3.0832,3.4779,-1.5,61913.16,65042.09,5.333,7,none
2026-08-06 08:11:14,2026-08-06 08:10:00,64759.0,64759.0,62856.0,3.0276,3.0276,3.4779,-1.5,61913.16,65042.09,5.337,7,none
2026-08-06 08:16:18,2026-08-06 08:15:00,64714.0,64713.0,62856.0,2.956,2.9544,3.4779,-1.5,61913.16,65042.09,5.34,7,none
2026-08-06 08:21:08,2026-08-06 08:20:00,64774.0,64754.0,62856.0,3.0514,3.0196,3.4779,-1.5,61913.16,65042.09,5.344,7,none
2026-08-06 08:26:16,2026-08-06 08:25:00,64802.0,64794.0,62856.0,3.096,3.0832,3.4779,-1.5,61913.16,65042.09,5.347,7,none
2026-08-06 08:31:25,2026-08-06 08:30:00,64890.0,64863.0,62856.0,3.236,3.193,3.4779,-1.5,61913.16,65042.09,5.351,7,none
2026-08-06 08:36:05,2026-08-06 08:35:00,64844.0,64844.0,62856.0,3.1628,3.1628,3.4779,-1.5,61913.16,65042.09,5.354,7,none
2026-08-06 08:41:12,2026-08-06 08:40:00,64849.0,64838.0,62856.0,3.1707,3.1532,3.4779,-1.5,61913.16,65042.09,5.358,7,none
2026-08-06 08:46:15,2026-08-06 08:45:00,64848.0,64848.0,62856.0,3.1691,3.1691,3.4779,-1.5,61913.16,65042.09,5.361,7,none
2026-08-06 08:51:14,2026-08-06 08:50:00,64883.0,64872.0,62856.0,3.2248,3.2073,3.4779,-1.5,61913.16,65042.09,5.365,7,none
2026-08-06 08:56:11,2026-08-06 08:55:00,64919.0,64918.0,62856.0,3.2821,3.2805,3.4779,-1.5,61913.16,65042.09,5.368,7,none
2026-08-06 09:01:26,2026-08-06 09:00:00,64889.0,64889.0,62856.0,3.2344,3.2344,3.4779,-1.5,61913.16,65042.09,5.372,7,none
2026-08-06 09:06:06,2026-08-06 09:05:00,64831.0,64831.0,62856.0,3.1421,3.1421,3.4779,-1.5,61913.16,65042.09,5.375,7,none
2026-08-06 09:11:26,2026-08-06 09:10:00,64781.0,64777.0,62856.0,3.0626,3.0562,3.4779,-1.5,61913.16,65042.09,5.379,7,none
2026-08-06 09:16:12,2026-08-06 09:15:00,64757.0,64739.0,62856.0,3.0244,2.9957,3.4779,-1.5,61913.16,65042.09,5.382,7,none
2026-08-06 09:21:27,2026-08-06 09:20:00,64782.0,64782.0,62856.0,3.0641,3.0641,3.4779,-1.5,61913.16,65042.09,5.386,7,none
2026-08-06 09:26:17,2026-08-06 09:25:00,64764.0,64763.0,62856.0,3.0355,3.0339,3.4779,-1.5,61913.16,65042.09,5.389,7,none
2026-08-06 09:31:21,2026-08-06 09:30:00,64659.0,64659.0,62856.0,2.8685,2.8685,3.4779,-1.5,61913.16,65042.09,5.392,7,none
2026-08-06 09:36:12,2026-08-06 09:35:00,64668.0,64662.0,62856.0,2.8828,2.8732,3.4779,-1.5,61913.16,65042.09,5.396,7,none
2026-08-06 09:41:24,2026-08-06 09:40:00,64654.0,64654.0,62856.0,2.8605,2.8605,3.4779,-1.5,61913.16,65042.09,5.399,7,none
2026-08-06 09:46:26,2026-08-06 09:45:00,64616.0,64602.0,62856.0,2.8001,2.7778,3.4779,-1.5,61913.16,65042.09,5.403,7,none
2026-08-06 09:51:08,2026-08-06 09:50:00,64653.0,64650.0,62856.0,2.8589,2.8541,3.4779,-1.5,61913.16,65042.09,5.406,7,none
2026-08-06 09:56:05,2026-08-06 09:55:00,64656.0,64648.0,62856.0,2.8637,2.851,3.4779,-1.5,61913.16,65042.09,5.41,7,none
2026-08-06 10:01:20,2026-08-06 10:00:00,64617.0,64616.0,62856.0,2.8016,2.8001,3.4779,-1.5,61913.16,65042.09,5.413,7,none
2026-08-06 10:06:17,2026-08-06 10:05:00,64607.0,64594.0,62856.0,2.7857,2.7651,3.4779,-1.5,61913.16,65042.09,5.417,7,none
2026-08-06 10:11:19,2026-08-06 10:10:00,64571.0,64563.0,62856.0,2.7285,2.7157,3.4779,-1.5,61913.16,65042.09,5.42,7,none
2026-08-06 10:14:07,2026-08-06 10:13:00,64568.0,64563.0,62856.0,2.7237,2.7157,3.4779,-1.5,61913.16,65042.09,5.422,7,none
2026-08-06 10:16:12,2026-08-06 10:15:00,64555.0,64555.0,62856.0,2.703,2.703,3.4779,-1.5,61913.16,65042.09,5.424,7,none
2026-08-06 10:21:15,2026-08-06 10:20:00,64652.0,64629.0,62856.0,2.8573,2.8207,3.4779,-1.5,61913.16,65042.09,5.427,7,none
2026-08-06 10:26:12,2026-08-06 10:25:00,64640.0,64640.0,62856.0,2.8382,2.8382,3.4779,-1.5,61913.16,65042.09,5.431,7,none
2026-08-06 10:31:19,2026-08-06 10:30:00,64636.0,64636.0,62856.0,2.8319,2.8319,3.4779,-1.5,61913.16,65042.09,5.434,7,none
2026-08-06 10:36:06,2026-08-06 10:35:00,64622.0,64622.0,62856.0,2.8096,2.8096,3.4779,-1.5,61913.16,65042.09,5.437,7,none
2026-08-06 10:41:10,2026-08-06 10:40:00,64616.0,64616.0,62856.0,2.8001,2.8001,3.4779,-1.5,61913.16,65042.09,5.441,7,none
2026-08-06 10:46:06,2026-08-06 10:45:00,64585.0,64584.0,62856.0,2.7507,2.7491,3.4779,-1.5,61913.16,65042.09,5.444,7,none
2026-08-06 10:51:13,2026-08-06 10:50:00,64609.0,64608.0,62856.0,2.7889,2.7873,3.4779,-1.5,61913.16,65042.09,5.448,7,none
2026-08-06 10:56:11,2026-08-06 10:55:00,64577.0,64577.0,62856.0,2.738,2.738,3.4779,-1.5,61913.16,65042.09,5.451,7,none
2026-08-06 11:01:31,2026-08-06 11:00:00,64570.0,64569.0,62856.0,2.7269,2.7253,3.4779,-1.5,61913.16,65042.09,5.455,7,none
2026-08-06 11:06:11,2026-08-06 11:05:00,64491.0,64469.0,62856.0,2.6012,2.5662,3.4779,-1.5,61913.16,65042.09,5.458,7,none
2026-08-06 11:11:17,2026-08-06 11:10:00,64530.0,64511.0,62856.0,2.6632,2.633,3.4779,-1.5,61913.16,65042.09,5.462,7,none
2026-08-06 11:16:16,2026-08-06 11:15:00,64586.0,64535.0,62856.0,2.7523,2.6712,3.4779,-1.5,61913.16,65042.09,5.465,7,none
2026-08-06 11:21:18,2026-08-06 11:20:00,64590.0,64590.0,62856.0,2.7587,2.7587,3.4779,-1.5,61913.16,65042.09,5.469,7,none
2026-08-06 11:26:23,2026-08-06 11:25:00,64563.0,64563.0,62856.0,2.7157,2.7157,3.4779,-1.5,61913.16,65042.09,5.472,7,none
2026-08-06 11:31:23,2026-08-06 11:30:00,64552.0,64552.0,62856.0,2.6982,2.6982,3.4779,-1.5,61913.16,65042.09,5.476,7,none
2026-08-06 11:36:10,2026-08-06 11:35:00,64612.0,64612.0,62856.0,2.7937,2.7937,3.4779,-1.5,61913.16,65042.09,5.479,7,none
2026-08-06 11:41:15,2026-08-06 11:40:00,64625.0,64621.0,62856.0,2.8144,2.808,3.4779,-1.5,61913.16,65042.09,5.483,7,none
2026-08-06 11:46:20,2026-08-06 11:45:00,64624.0,64624.0,62856.0,2.8128,2.8128,3.4779,-1.5,61913.16,65042.09,5.486,7,none
2026-08-06 11:51:20,2026-08-06 11:50:00,64591.0,64590.0,62856.0,2.7603,2.7587,3.4779,-1.5,61913.16,65042.09,5.49,7,none
2026-08-06 11:56:10,2026-08-06 11:55:00,64571.0,64570.0,62856.0,2.7285,2.7269,3.4779,-1.5,61913.16,65042.09,5.493,7,none
2026-08-06 12:01:24,2026-08-06 12:00:00,64581.0,64580.0,62856.0,2.7444,2.7428,3.4779,-1.5,61913.16,65042.09,5.497,7,none
2026-08-06 12:06:05,2026-08-06 12:05:00,64485.0,64485.0,62856.0,2.5916,2.5916,3.4779,-1.5,61913.16,65042.09,5.5,7,none
2026-08-06 12:11:20,2026-08-06 12:10:00,64452.0,64444.0,62856.0,2.5391,2.5264,3.4779,-1.5,61913.16,65042.09,5.504,7,none
2026-08-06 12:16:20,2026-08-06 12:15:00,64464.0,64455.0,62856.0,2.5582,2.5439,3.4779,-1.5,61913.16,65042.09,5.507,7,none
2026-08-06 12:21:15,2026-08-06 12:20:00,64487.0,64441.0,62856.0,2.5948,2.5216,3.4779,-1.5,61913.16,65042.09,5.51,7,none
2026-08-06 12:26:16,2026-08-06 12:25:00,64516.0,64515.0,62856.0,2.641,2.6394,3.4779,-1.5,61913.16,65042.09,5.514,7,none
2026-08-06 12:31:18,2026-08-06 12:30:00,64521.0,64478.0,62856.0,2.6489,2.5805,3.4779,-1.5,61913.16,65042.09,5.517,7,none
2026-08-06 12:36:18,2026-08-06 12:35:00,64510.0,64482.0,62856.0,2.6314,2.5869,3.4779,-1.5,61913.16,65042.09,5.521,7,none
2026-08-06 12:41:17,2026-08-06 12:40:00,64527.0,64526.0,62856.0,2.6585,2.6569,3.4779,-1.5,61913.16,65042.09,5.524,7,none
2026-08-06 12:46:12,2026-08-06 12:45:00,64496.0,64495.0,62856.0,2.6091,2.6075,3.4779,-1.5,61913.16,65042.09,5.528,7,none
2026-08-06 12:51:16,2026-08-06 12:50:00,64466.0,64465.0,62856.0,2.5614,2.5598,3.4779,-1.5,61913.16,65042.09,5.531,7,none
2026-08-06 12:56:07,2026-08-06 12:55:00,64420.0,64419.0,62856.0,2.4882,2.4866,3.4779,-1.5,61913.16,65042.09,5.535,7,none
2026-08-06 13:01:26,2026-08-06 13:00:00,64390.0,64364.0,62856.0,2.4405,2.3991,3.4779,-1.5,61913.16,65042.09,5.538,7,none
2026-08-06 13:06:06,2026-08-06 13:05:00,64303.0,64300.0,62856.0,2.3021,2.2973,3.4779,-1.5,61913.16,65042.09,5.542,7,none
2026-08-06 13:11:19,2026-08-06 13:10:00,64184.0,64183.0,62856.0,2.1128,2.1112,3.4779,-1.5,61913.16,65042.09,5.545,7,none
2026-08-06 13:16:16,2026-08-06 13:15:00,64222.0,64214.0,62856.0,2.1732,2.1605,3.4779,-1.5,61913.16,65042.09,5.549,7,none
2026-08-06 13:21:17,2026-08-06 13:20:00,64252.0,64231.0,62856.0,2.2209,2.1875,3.4779,-1.5,61913.16,65042.09,5.552,7,none
2026-08-06 13:26:08,2026-08-06 13:25:00,64194.0,64161.0,62856.0,2.1287,2.0762,3.4779,-1.5,61913.16,65042.09,5.556,7,none
2026-08-06 13:31:16,2026-08-06 13:30:00,64158.0,64158.0,62856.0,2.0714,2.0714,3.4779,-1.5,61913.16,65042.09,5.559,7,none
2026-08-06 13:36:05,2026-08-06 13:35:00,64209.0,64197.0,62856.0,2.1525,2.1334,3.4779,-1.5,61913.16,65042.09,5.562,7,none
2026-08-06 13:41:20,2026-08-06 13:40:00,64330.0,64299.0,62856.0,2.345,2.2957,3.4779,-1.5,61913.16,65042.09,5.566,7,none
2026-08-06 13:46:12,2026-08-06 13:45:00,64387.0,64379.0,62856.0,2.4357,2.423,3.4779,-1.5,61913.16,65042.09,5.569,7,none
2026-08-06 13:51:17,2026-08-06 13:50:00,64404.0,64403.0,62856.0,2.4628,2.4612,3.4779,-1.5,61913.16,65042.09,5.573,7,none
2026-08-06 13:56:10,2026-08-06 13:55:00,64431.0,64385.0,62856.0,2.5057,2.4325,3.4779,-1.5,61913.16,65042.09,5.576,7,none
2026-08-06 14:01:27,2026-08-06 14:00:00,64365.0,64357.0,62856.0,2.4007,2.388,3.4779,-1.5,61913.16,65042.09,5.58,7,none
2026-08-06 14:06:10,2026-08-06 14:05:00,64434.0,64429.0,62856.0,2.5105,2.5025,3.4779,-1.5,61913.16,65042.09,5.583,7,none
2026-08-06 14:11:25,2026-08-06 14:10:00,64485.0,64439.0,62856.0,2.5916,2.5185,3.4779,-1.5,61913.16,65042.09,5.587,7,none
2026-08-06 14:16:18,2026-08-06 14:15:00,64436.0,64407.0,62856.0,2.5137,2.4675,3.4779,-1.5,61913.16,65042.09,5.59,7,none
2026-08-06 14:21:13,2026-08-06 14:20:00,64418.0,64389.0,62856.0,2.485,2.4389,3.4779,-1.5,61913.16,65042.09,5.594,7,none
2026-08-06 14:26:04,2026-08-06 14:25:00,64484.0,64440.0,62856.0,2.59,2.52,3.4779,-1.5,61913.16,65042.09,5.597,7,none
2026-08-06 14:31:18,2026-08-06 14:30:00,64384.0,64361.0,62856.0,2.431,2.3944,3.4779,-1.5,61913.16,65042.09,5.601,7,none
2026-08-06 14:36:17,2026-08-06 14:35:00,64560.0,64531.0,62856.0,2.711,2.6648,3.4779,-1.5,61913.16,65042.09,5.604,7,none
2026-08-06 14:41:18,2026-08-06 14:40:00,64543.0,64532.0,62856.0,2.6839,2.6664,3.4779,-1.5,61913.16,65042.09,5.608,7,none
2026-08-06 14:46:16,2026-08-06 14:45:00,64751.0,64751.0,62856.0,3.0148,3.0148,3.4779,-1.5,61913.16,65042.09,5.611,7,none
2026-08-06 14:51:22,2026-08-06 14:50:00,64651.0,64650.0,62856.0,2.8557,2.8541,3.4779,-1.5,61913.16,65042.09,5.615,7,none
2026-08-06 14:56:06,2026-08-06 14:55:00,64687.0,64685.0,62856.0,2.913,2.9098,3.4779,-1.5,61913.16,65042.09,5.618,7,none
2026-08-06 15:01:30,2026-08-06 15:00:00,64777.0,64745.0,62856.0,3.0562,3.0053,3.4779,-1.5,61913.16,65042.09,5.622,7,none
2026-08-06 15:06:21,2026-08-06 15:05:00,64759.0,64735.0,62856.0,3.0276,2.9894,3.4779,-1.5,61913.16,65042.09,5.625,7,none
2026-08-06 15:11:38,2026-08-06 15:10:00,64920.0,64891.0,62856.0,3.2837,3.2376,3.4779,-1.5,61913.16,65042.09,5.629,7,none
2026-08-06 15:21:19,2026-08-06 15:20:00,64726.0,64688.0,62856.0,2.9751,2.9146,3.4779,-1.5,61913.16,65042.09,5.636,7,none
2026-08-06 15:26:15,2026-08-06 15:25:00,64747.0,64737.0,62856.0,3.0085,2.9926,3.4779,-1.5,61913.16,65042.09,5.639,7,none
2026-08-06 23:04:01,2026-08-06 23:03:00,64319.0,64319.0,62856.0,2.3275,2.3275,3.4779,-1.5,61913.16,65042.09,5.957,7,none
2026-08-06 23:06:05,2026-08-06 23:05:00,64322.0,64322.0,62856.0,2.3323,2.3323,3.4779,-1.5,61913.16,65042.09,5.958,7,none
2026-08-06 23:11:13,2026-08-06 23:10:00,64329.0,64328.0,62856.0,2.3435,2.3419,3.4779,-1.5,61913.16,65042.09,5.962,7,none
2026-08-06 23:16:10,2026-08-06 23:15:00,64305.0,64305.0,62856.0,2.3053,2.3053,3.4779,-1.5,61913.16,65042.09,5.965,7,none
2026-08-06 23:21:27,2026-08-06 23:20:00,64256.0,64247.0,62856.0,2.2273,2.213,3.4779,-1.5,61913.16,65042.09,5.969,7,none
2026-08-06 23:26:05,2026-08-06 23:25:00,64239.0,64238.0,62856.0,2.2003,2.1987,3.4779,-1.5,61913.16,65042.09,5.972,7,none
2026-08-06 23:31:22,2026-08-06 23:30:00,64221.0,64207.0,62856.0,2.1716,2.1494,3.4779,-1.5,61913.16,65042.09,5.976,7,none
2026-08-06 23:36:08,2026-08-06 23:35:00,64216.0,64209.0,62856.0,2.1637,2.1525,3.4779,-1.5,61913.16,65042.09,5.979,7,none
2026-08-06 23:41:19,2026-08-06 23:40:00,64200.0,64200.0,62856.0,2.1382,2.1382,3.4779,-1.5,61913.16,65042.09,5.983,7,none
2026-08-06 23:46:12,2026-08-06 23:45:00,64186.0,64186.0,62856.0,2.1159,2.1159,3.4779,-1.5,61913.16,65042.09,5.986,7,none
2026-08-06 23:51:12,2026-08-06 23:50:00,64218.0,64197.0,62856.0,2.1669,2.1334,3.4779,-1.5,61913.16,65042.09,5.99,7,none
2026-08-06 23:56:11,2026-08-06 23:55:00,64296.0,64277.0,62856.0,2.291,2.2607,3.4779,-1.5,61913.16,65042.09,5.993,7,none
2026-08-07 00:01:33,2026-08-07 00:00:00,64293.0,64282.0,62856.0,2.2862,2.2687,3.4779,-1.5,61913.16,65042.09,5.997,7,none
2026-08-07 00:06:26,2026-08-07 00:05:00,64366.0,64329.0,62856.0,2.4023,2.3435,3.4779,-1.5,61913.16,65042.09,6.0,7,none
2026-08-07 00:11:34,2026-08-07 00:10:00,64344.0,64344.0,62856.0,2.3673,2.3673,3.4779,-1.5,61913.16,65042.09,6.004,7,none
2026-08-07 00:16:14,2026-08-07 00:15:00,64208.0,64208.0,62856.0,2.1509,2.1509,3.4779,-1.5,61913.16,65042.09,6.007,7,none
2026-08-07 00:21:15,2026-08-07 00:20:00,64206.0,64206.0,62856.0,2.1478,2.1478,3.4779,-1.5,61913.16,65042.09,6.01,7,none
2026-08-07 00:26:08,2026-08-07 00:25:00,64266.0,64232.0,62856.0,2.2432,2.1891,3.4779,-1.5,61913.16,65042.09,6.014,7,none
2026-08-07 00:31:19,2026-08-07 00:30:00,64209.0,64209.0,62856.0,2.1525,2.1525,3.4779,-1.5,61913.16,65042.09,6.017,7,none
2026-08-07 00:36:01,2026-08-07 00:35:00,64307.0,64305.0,62856.0,2.3085,2.3053,3.4779,-1.5,61913.16,65042.09,6.021,7,none
2026-08-07 00:41:16,2026-08-07 00:40:00,64233.0,64233.0,62856.0,2.1907,2.1907,3.4779,-1.5,61913.16,65042.09,6.024,7,none
2026-08-07 00:46:11,2026-08-07 00:45:00,64303.0,64289.0,62856.0,2.3021,2.2798,3.4779,-1.5,61913.16,65042.09,6.028,7,none
2026-08-07 00:51:18,2026-08-07 00:50:00,64252.0,64232.0,62856.0,2.2209,2.1891,3.4779,-1.5,61913.16,65042.09,6.031,7,none
2026-08-07 00:56:02,2026-08-07 00:55:00,64236.0,64236.0,62856.0,2.1955,2.1955,3.4779,-1.5,61913.16,65042.09,6.035,7,none
2026-08-07 01:01:37,2026-08-07 01:00:00,64362.0,64289.0,62856.0,2.396,2.2798,3.4779,-1.5,61913.16,65042.09,6.038,7,none
2026-08-07 01:06:20,2026-08-07 01:05:00,64377.0,64363.0,62856.0,2.4198,2.3975,3.4779,-1.5,61913.16,65042.09,6.042,7,none
2026-08-07 01:11:13,2026-08-07 01:10:00,64324.0,64323.0,62856.0,2.3355,2.3339,3.4779,-1.5,61913.16,65042.09,6.045,7,none
2026-08-07 01:16:15,2026-08-07 01:15:00,64310.0,64309.0,62856.0,2.3132,2.3116,3.4779,-1.5,61913.16,65042.09,6.049,7,none
2026-08-07 01:21:15,2026-08-07 01:20:00,64295.0,64295.0,62856.0,2.2894,2.2894,3.4779,-1.5,61913.16,65042.09,6.052,7,none
2026-08-07 01:26:10,2026-08-07 01:25:00,64317.0,64307.0,62856.0,2.3244,2.3085,3.4779,-1.5,61913.16,65042.09,6.056,7,none
2026-08-07 01:31:14,2026-08-07 01:30:00,64400.0,64394.0,62856.0,2.4564,2.4469,3.4779,-1.5,61913.16,65042.09,6.059,7,none
2026-08-07 01:36:07,2026-08-07 01:35:00,64396.0,64393.0,62856.0,2.45,2.4453,3.4779,-1.5,61913.16,65042.09,6.062,7,none
2026-08-07 01:41:08,2026-08-07 01:40:00,64293.0,64267.0,62856.0,2.2862,2.2448,3.4779,-1.5,61913.16,65042.09,6.066,7,none
2026-08-07 01:46:10,2026-08-07 01:45:00,64394.0,64348.0,62856.0,2.4469,2.3737,3.4779,-1.5,61913.16,65042.09,6.069,7,none
2026-08-07 01:51:20,2026-08-07 01:50:00,64385.0,64384.0,62856.0,2.4325,2.431,3.4779,-1.5,61913.16,65042.09,6.073,7,none
2026-08-07 01:53:27,2026-08-07 01:52:00,64373.0,64372.0,62856.0,2.4135,2.4119,3.4779,-1.5,61913.16,65042.09,6.074,7,none
2026-08-07 01:56:14,2026-08-07 01:55:00,64383.0,64383.0,62856.0,2.4294,2.4294,3.4779,-1.5,61913.16,65042.09,6.076,7,none
2026-08-07 02:01:23,2026-08-07 02:00:00,64381.0,64381.0,62856.0,2.4262,2.4262,3.4779,-1.5,61913.16,65042.09,6.08,7,none
2026-08-07 02:06:24,2026-08-07 02:05:00,64363.0,64361.0,62856.0,2.3975,2.3944,3.4779,-1.5,61913.16,65042.09,6.083,7,none
2026-08-07 02:11:14,2026-08-07 02:10:00,64288.0,64281.0,62856.0,2.2782,2.2671,3.4779,-1.5,61913.16,65042.09,6.087,7,none
2026-08-07 02:16:16,2026-08-07 02:15:00,64475.0,64365.0,62856.0,2.5757,2.4007,3.4779,-1.5,61913.16,65042.09,6.09,7,none
2026-08-07 02:21:18,2026-08-07 02:20:00,64394.0,64393.0,62856.0,2.4469,2.4453,3.4779,-1.5,61913.16,65042.09,6.094,7,none
2026-08-07 02:26:11,2026-08-07 02:25:00,64301.0,64299.0,62856.0,2.2989,2.2957,3.4779,-1.5,61913.16,65042.09,6.097,7,none
2026-08-07 02:31:19,2026-08-07 02:30:00,64293.0,64290.0,62856.0,2.2862,2.2814,3.4779,-1.5,61913.16,65042.09,6.101,7,none
2026-08-07 02:36:06,2026-08-07 02:35:00,64321.0,64287.0,62856.0,2.3307,2.2766,3.4779,-1.5,61913.16,65042.09,6.104,7,none
2026-08-07 02:41:20,2026-08-07 02:40:00,64271.0,64252.0,62856.0,2.2512,2.2209,3.4779,-1.5,61913.16,65042.09,6.108,7,none
2026-08-07 02:46:14,2026-08-07 02:45:00,64391.0,64380.0,62856.0,2.4421,2.4246,3.4779,-1.5,61913.16,65042.09,6.111,7,none
2026-08-07 02:51:14,2026-08-07 02:50:00,64439.0,64394.0,62856.0,2.5185,2.4469,3.4779,-1.5,61913.16,65042.09,6.115,7,none
2026-08-07 02:56:10,2026-08-07 02:55:00,64395.0,64395.0,62856.0,2.4485,2.4485,3.4779,-1.5,61913.16,65042.09,6.118,7,none
2026-08-07 03:01:20,2026-08-07 03:00:00,64289.0,64288.0,62856.0,2.2798,2.2782,3.4779,-1.5,61913.16,65042.09,6.122,7,none
2026-08-07 03:06:14,2026-08-07 03:05:00,64325.0,64322.0,62856.0,2.3371,2.3323,3.4779,-1.5,61913.16,65042.09,6.125,7,none
2026-08-07 03:11:13,2026-08-07 03:10:00,64350.0,64343.0,62856.0,2.3769,2.3657,3.4779,-1.5,61913.16,65042.09,6.128,7,none
2026-08-07 03:16:14,2026-08-07 03:15:00,64300.0,64300.0,62856.0,2.2973,2.2973,3.4779,-1.5,61913.16,65042.09,6.132,7,none
2026-08-07 03:21:10,2026-08-07 03:20:00,64269.0,64269.0,62856.0,2.248,2.248,3.4779,-1.5,61913.16,65042.09,6.135,7,none
2026-08-07 03:26:15,2026-08-07 03:25:00,64279.0,64271.0,62856.0,2.2639,2.2512,3.4779,-1.5,61913.16,65042.09,6.139,7,none
2026-08-07 03:31:16,2026-08-07 03:30:00,64315.0,64290.0,62856.0,2.3212,2.2814,3.4779,-1.5,61913.16,65042.09,6.142,7,none
2026-08-07 03:36:08,2026-08-07 03:35:00,64308.0,64297.0,62856.0,2.31,2.2925,3.4779,-1.5,61913.16,65042.09,6.146,7,none
2026-08-07 03:41:14,2026-08-07 03:40:00,64318.0,64294.0,62856.0,2.326,2.2878,3.4779,-1.5,61913.16,65042.09,6.149,7,none
2026-08-07 03:46:13,2026-08-07 03:45:00,64312.0,64312.0,62856.0,2.3164,2.3164,3.4779,-1.5,61913.16,65042.09,6.153,7,none
2026-08-07 03:51:12,2026-08-07 03:50:00,64329.0,64312.0,62856.0,2.3435,2.3164,3.4779,-1.5,61913.16,65042.09,6.156,7,none
2026-08-07 03:56:15,2026-08-07 03:55:00,64267.0,64267.0,62856.0,2.2448,2.2448,3.4779,-1.5,61913.16,65042.09,6.16,7,none
2026-08-07 04:01:19,2026-08-07 04:00:00,64246.0,64246.0,62856.0,2.2114,2.2114,3.4779,-1.5,61913.16,65042.09,6.163,7,none
2026-08-07 04:06:08,2026-08-07 04:05:00,64250.0,64240.0,62856.0,2.2178,2.2019,3.4779,-1.5,61913.16,65042.09,6.167,7,none
2026-08-07 04:11:12,2026-08-07 04:10:00,64298.0,64286.0,62856.0,2.2941,2.275,3.4779,-1.5,61913.16,65042.09,6.17,7,none
2026-08-07 04:16:26,2026-08-07 04:15:00,64297.0,64286.0,62856.0,2.2925,2.275,3.4779,-1.5,61913.16,65042.09,6.174,7,none
2026-08-07 04:21:11,2026-08-07 04:20:00,64325.0,64313.0,62856.0,2.3371,2.318,3.4779,-1.5,61913.16,65042.09,6.177,7,none
2026-08-07 04:26:05,2026-08-07 04:25:00,64289.0,64289.0,62856.0,2.2798,2.2798,3.4779,-1.5,61913.16,65042.09,6.18,7,none
2026-08-07 04:31:24,2026-08-07 04:30:00,64274.0,64266.0,62856.0,2.256,2.2432,3.4779,-1.5,61913.16,65042.09,6.184,7,none
2026-08-07 04:36:04,2026-08-07 04:34:00,64297.0,64290.0,62856.0,2.2925,2.2814,3.4779,-1.5,61913.16,65042.09,6.187,7,none
2026-08-07 04:41:11,2026-08-07 04:40:00,64249.0,64249.0,62856.0,2.2162,2.2162,3.4779,-1.5,61913.16,65042.09,6.191,7,none
2026-08-07 04:46:12,2026-08-07 04:45:00,64207.0,64200.0,62856.0,2.1494,2.1382,3.4779,-1.5,61913.16,65042.09,6.194,7,none
2026-08-07 04:51:13,2026-08-07 04:50:00,64189.0,64187.0,62856.0,2.1207,2.1175,3.4779,-1.5,61913.16,65042.09,6.198,7,none
2026-08-07 04:56:18,2026-08-07 04:55:00,64197.0,64176.0,62856.0,2.1334,2.1,3.4779,-1.5,61913.16,65042.09,6.201,7,none
2026-08-07 05:01:25,2026-08-07 05:00:00,64227.0,64212.0,62856.0,2.1812,2.1573,3.4779,-1.5,61913.16,65042.09,6.205,7,none
2026-08-07 05:06:11,2026-08-07 05:05:00,64194.0,64194.0,62856.0,2.1287,2.1287,3.4779,-1.5,61913.16,65042.09,6.208,7,none
2026-08-07 05:11:12,2026-08-07 05:10:00,64220.0,64207.0,62856.0,2.17,2.1494,3.4779,-1.5,61913.16,65042.09,6.212,7,none
2026-08-07 05:16:10,2026-08-07 05:15:00,64227.0,64214.0,62856.0,2.1812,2.1605,3.4779,-1.5,61913.16,65042.09,6.215,7,none
2026-08-07 05:21:22,2026-08-07 05:20:00,64192.0,64182.0,62856.0,2.1255,2.1096,3.4779,-1.5,61913.16,65042.09,6.219,7,none
2026-08-07 05:26:07,2026-08-07 05:25:00,64153.0,64143.0,62856.0,2.0634,2.0475,3.4779,-1.5,61913.16,65042.09,6.222,7,none
2026-08-07 05:31:16,2026-08-07 05:30:00,64153.0,64148.0,62856.0,2.0634,2.0555,3.4779,-1.5,61913.16,65042.09,6.226,7,none
2026-08-07 05:36:09,2026-08-07 05:35:00,64175.0,64156.0,62856.0,2.0984,2.0682,3.4779,-1.5,61913.16,65042.09,6.229,7,none
2026-08-07 05:41:10,2026-08-07 05:40:00,64204.0,64193.0,62856.0,2.1446,2.1271,3.4779,-1.5,61913.16,65042.09,6.233,7,none
2026-08-07 05:46:07,2026-08-07 05:45:00,64232.0,64232.0,62856.0,2.1891,2.1891,3.4779,-1.5,61913.16,65042.09,6.236,7,none
2026-08-07 05:51:05,2026-08-07 05:50:00,64338.0,64285.0,62856.0,2.3578,2.2735,3.4779,-1.5,61913.16,65042.09,6.24,7,none
2026-08-07 05:56:05,2026-08-07 05:55:00,64339.0,64339.0,62856.0,2.3594,2.3594,3.4779,-1.5,61913.16,65042.09,6.243,7,none
2026-08-07 06:01:19,2026-08-07 06:00:00,64304.0,64297.0,62856.0,2.3037,2.2925,3.4779,-1.5,61913.16,65042.09,6.247,7,none
2026-08-07 06:06:27,2026-08-07 06:05:00,64326.0,64289.0,62856.0,2.3387,2.2798,3.4779,-1.5,61913.16,65042.09,6.25,7,none
2026-08-07 06:11:14,2026-08-07 06:10:00,64335.0,64318.0,62856.0,2.353,2.326,3.4779,-1.5,61913.16,65042.09,6.254,7,none
2026-08-07 06:13:02,2026-08-07 06:12:00,64350.0,64345.0,62856.0,2.3769,2.3689,3.4779,-1.5,61913.16,65042.09,6.255,7,none
2026-08-07 06:16:09,2026-08-07 06:15:00,64385.0,64371.0,62856.0,2.4325,2.4103,3.4779,-1.5,61913.16,65042.09,6.257,7,none
2026-08-07 06:21:14,2026-08-07 06:20:00,64383.0,64383.0,62856.0,2.4294,2.4294,3.4779,-1.5,61913.16,65042.09,6.26,7,none
2026-08-07 06:26:13,2026-08-07 06:25:00,64414.0,64407.0,62856.0,2.4787,2.4675,3.4779,-1.5,61913.16,65042.09,6.264,7,none
2026-08-07 06:31:26,2026-08-07 06:30:00,64359.0,64359.0,62856.0,2.3912,2.3912,3.4779,-1.5,61913.16,65042.09,6.268,7,none
2026-08-07 06:36:16,2026-08-07 06:35:00,64320.0,64310.0,62856.0,2.3291,2.3132,3.4779,-1.5,61913.16,65042.09,6.271,7,none
2026-08-07 06:41:14,2026-08-07 06:40:00,64334.0,64334.0,62856.0,2.3514,2.3514,3.4779,-1.5,61913.16,65042.09,6.274,7,none
2026-08-07 06:46:11,2026-08-07 06:45:00,64331.0,64327.0,62856.0,2.3466,2.3403,3.4779,-1.5,61913.16,65042.09,6.278,7,none
2026-08-07 06:51:20,2026-08-07 06:50:00,64286.0,64285.0,62856.0,2.275,2.2735,3.4779,-1.5,61913.16,65042.09,6.281,7,none
2026-08-07 06:56:05,2026-08-07 06:55:00,64280.0,64278.0,62856.0,2.2655,2.2623,3.4779,-1.5,61913.16,65042.09,6.285,7,none
2026-08-07 07:01:24,2026-08-07 07:00:00,64245.0,64243.0,62856.0,2.2098,2.2066,3.4779,-1.5,61913.16,65042.09,6.288,7,none
2026-08-07 07:06:10,2026-08-07 07:05:00,64281.0,64272.0,62856.0,2.2671,2.2528,3.4779,-1.5,61913.16,65042.09,6.292,7,none
2026-08-07 07:11:15,2026-08-07 07:10:00,64340.0,64328.0,62856.0,2.361,2.3419,3.4779,-1.5,61913.16,65042.09,6.295,7,none
2026-08-07 07:16:08,2026-08-07 07:15:00,64311.0,64310.0,62856.0,2.3148,2.3132,3.4779,-1.5,61913.16,65042.09,6.299,7,none
2026-08-07 07:21:16,2026-08-07 07:20:00,64317.0,64317.0,62856.0,2.3244,2.3244,3.4779,-1.5,61913.16,65042.09,6.302,7,none
2026-08-07 07:26:11,2026-08-07 07:25:00,64389.0,64377.0,62856.0,2.4389,2.4198,3.4779,-1.5,61913.16,65042.09,6.306,7,none
2026-08-07 07:31:15,2026-08-07 07:30:00,64375.0,64375.0,62856.0,2.4166,2.4166,3.4779,-1.5,61913.16,65042.09,6.309,7,none
2026-08-07 07:36:08,2026-08-07 07:35:00,64388.0,64366.0,62856.0,2.4373,2.4023,3.4779,-1.5,61913.16,65042.09,6.312,7,none
2026-08-07 07:41:11,2026-08-07 07:40:00,64347.0,64347.0,62856.0,2.3721,2.3721,3.4779,-1.5,61913.16,65042.09,6.316,7,none
2026-08-07 07:46:11,2026-08-07 07:45:00,64342.0,64342.0,62856.0,2.3641,2.3641,3.4779,-1.5,61913.16,65042.09,6.319,7,none
2026-08-07 07:51:24,2026-08-07 07:50:00,64342.0,64340.0,62856.0,2.3641,2.361,3.4779,-1.5,61913.16,65042.09,6.323,7,none
2026-08-07 07:56:12,2026-08-07 07:55:00,64328.0,64327.0,62856.0,2.3419,2.3403,3.4779,-1.5,61913.16,65042.09,6.326,7,none
2026-08-07 08:01:21,2026-08-07 08:00:00,64270.0,64270.0,62856.0,2.2496,2.2496,3.4779,-1.5,61913.16,65042.09,6.33,7,none
2026-08-07 08:06:15,2026-08-07 08:05:00,64309.0,64293.0,62856.0,2.3116,2.2862,3.4779,-1.5,61913.16,65042.09,6.333,7,none
2026-08-07 08:11:10,2026-08-07 08:10:00,64315.0,64286.0,62856.0,2.3212,2.275,3.4779,-1.5,61913.16,65042.09,6.337,7,none
2026-08-07 08:16:12,2026-08-07 08:15:00,64347.0,64341.0,62856.0,2.3721,2.3625,3.4779,-1.5,61913.16,65042.09,6.34,7,none
2026-08-07 08:21:19,2026-08-07 08:20:00,64390.0,64389.0,62856.0,2.4405,2.4389,3.4779,-1.5,61913.16,65042.09,6.344,7,none
2026-08-07 08:26:19,2026-08-07 08:25:00,64387.0,64387.0,62856.0,2.4357,2.4357,3.4779,-1.5,61913.16,65042.09,6.347,7,none
2026-08-07 08:31:20,2026-08-07 08:30:00,64430.0,64419.0,62856.0,2.5041,2.4866,3.4779,-1.5,61913.16,65042.09,6.351,7,none
2026-08-07 08:36:09,2026-08-07 08:35:00,64467.0,64467.0,62856.0,2.563,2.563,3.4779,-1.5,61913.16,65042.09,6.354,7,none
2026-08-07 08:41:13,2026-08-07 08:40:00,64459.0,64456.0,62856.0,2.5503,2.5455,3.4779,-1.5,61913.16,65042.09,6.358,7,none
2026-08-07 08:46:09,2026-08-07 08:45:00,64571.0,64568.0,62856.0,2.7285,2.7237,3.4779,-1.5,61913.16,65042.09,6.361,7,none
2026-08-07 08:51:10,2026-08-07 08:50:00,64575.0,64575.0,62856.0,2.7348,2.7348,3.4779,-1.5,61913.16,65042.09,6.365,7,none
2026-08-07 08:56:04,2026-08-07 08:55:00,64564.0,64564.0,62856.0,2.7173,2.7173,3.4779,-1.5,61913.16,65042.09,6.368,7,none
2026-08-07 09:01:23,2026-08-07 09:00:00,64602.0,64570.0,62856.0,2.7778,2.7269,3.4779,-1.5,61913.16,65042.09,6.372,7,none
2026-08-07 09:06:12,2026-08-07 09:05:00,64652.0,64652.0,62856.0,2.8573,2.8573,3.4779,-1.5,61913.16,65042.09,6.375,7,none
2026-08-07 09:12:45,2026-08-07 09:11:00,64720.0,64667.0,62856.0,2.9655,2.8812,3.4779,-1.5,61913.16,65042.09,6.38,7,none
2026-08-07 09:16:11,2026-08-07 09:15:00,64707.0,64697.0,62856.0,2.9448,2.9289,3.4779,-1.5,61913.16,65042.09,6.382,7,none
2026-08-07 09:21:35,2026-08-07 09:20:00,64704.0,64704.0,62856.0,2.9401,2.9401,3.4779,-1.5,61913.16,65042.09,6.386,7,none
2026-08-07 09:26:06,2026-08-07 09:25:00,64833.0,64778.0,62856.0,3.1453,3.0578,3.4779,-1.5,61913.16,65042.09,6.389,7,none
2026-08-07 09:31:29,2026-08-07 09:30:00,64789.0,64769.0,62856.0,3.0753,3.0435,3.4779,-1.5,61913.16,65042.09,6.393,7,none
2026-08-07 09:36:20,2026-08-07 09:35:00,64880.0,64876.0,62856.0,3.2201,3.2137,3.4779,-1.5,61913.16,65042.09,6.396,7,none
2026-08-07 09:41:17,2026-08-07 09:40:00,64866.0,64865.0,62856.0,3.1978,3.1962,3.4779,-1.5,61913.16,65042.09,6.399,7,none
2026-08-07 09:46:09,2026-08-07 09:45:00,64860.0,64858.0,62856.0,3.1882,3.1851,3.4779,-1.5,61913.16,65042.09,6.403,7,none
2026-08-07 09:51:24,2026-08-07 09:50:00,64849.0,64849.0,62856.0,3.1707,3.1707,3.4779,-1.5,61913.16,65042.09,6.406,7,none
2026-08-07 09:56:04,2026-08-07 09:55:00,64797.0,64797.0,62856.0,3.088,3.088,3.4779,-1.5,61913.16,65042.09,6.41,7,none
2026-08-07 10:01:35,2026-08-07 10:00:00,64797.0,64794.0,62856.0,3.088,3.0832,3.4779,-1.5,61913.16,65042.09,6.413,7,none
2026-08-07 10:06:19,2026-08-07 10:05:00,64797.0,64797.0,62856.0,3.088,3.088,3.4779,-1.5,61913.16,65042.09,6.417,7,none
2026-08-07 10:11:18,2026-08-07 10:10:00,64798.0,64798.0,62856.0,3.0896,3.0896,3.4779,-1.5,61913.16,65042.09,6.42,7,none
2026-08-07 10:15:07,2026-08-07 10:14:00,64800.0,64799.0,62856.0,3.0928,3.0912,3.4779,-1.5,61913.16,65042.09,6.423,7,none
2026-08-07 10:16:09,2026-08-07 10:15:00,64800.0,64799.0,62856.0,3.0928,3.0912,3.4779,-1.5,61913.16,65042.09,6.424,7,none
2026-08-07 10:21:10,2026-08-07 10:20:00,64816.0,64812.0,62856.0,3.1182,3.1119,3.4779,-1.5,61913.16,65042.09,6.427,7,none
2026-08-07 10:26:13,2026-08-07 10:25:00,64775.0,64768.0,62856.0,3.053,3.0419,3.4779,-1.5,61913.16,65042.09,6.431,7,none
2026-08-07 10:31:26,2026-08-07 10:30:00,64851.0,64850.0,62856.0,3.1739,3.1723,3.4779,-1.5,61913.16,65042.09,6.434,7,none
2026-08-07 10:36:05,2026-08-07 10:35:00,64844.0,64843.0,62856.0,3.1628,3.1612,3.4779,-1.5,61913.16,65042.09,6.437,7,none
2026-08-07 10:41:29,2026-08-07 10:40:00,64828.0,64818.0,62856.0,3.1373,3.1214,3.4779,-1.5,61913.16,65042.09,6.441,7,none
2026-08-07 10:46:19,2026-08-07 10:45:00,64845.0,64820.0,62856.0,3.1644,3.1246,3.4779,-1.5,61913.16,65042.09,6.445,7,none
2026-08-07 10:51:19,2026-08-07 10:50:00,64870.0,64860.0,62856.0,3.2041,3.1882,3.4779,-1.5,61913.16,65042.09,6.448,7,none
2026-08-07 10:56:22,2026-08-07 10:55:00,64858.0,64858.0,62856.0,3.1851,3.1851,3.4779,-1.5,61913.16,65042.09,6.452,7,none
2026-08-07 11:01:32,2026-08-07 11:00:00,64890.0,64858.0,62856.0,3.236,3.1851,3.4779,-1.5,61913.16,65042.09,6.455,7,none
2026-08-07 11:06:14,2026-08-07 11:05:00,64929.0,64929.0,62856.0,3.298,3.298,3.4779,-1.5,61913.16,65042.09,6.458,7,none
2026-08-07 11:11:21,2026-08-07 11:10:00,64944.0,64944.0,62856.0,3.3219,3.3219,3.4779,-1.5,61913.16,65042.09,6.462,7,none
2026-08-07 11:16:10,2026-08-07 11:15:00,64929.0,64928.0,62856.0,3.298,3.2964,3.4779,-1.5,61913.16,65042.09,6.465,7,none
2026-08-07 11:21:14,2026-08-07 11:20:00,64949.0,64898.0,62856.0,3.3298,3.2487,3.4779,-1.5,61913.16,65042.09,6.469,7,none
2026-08-07 11:26:09,2026-08-07 11:25:00,65096.0,65088.0,62856.0,3.5637,3.551,3.4779,-1.5,61913.16,65042.09,6.472,7,target_reached
2026-08-08 00:06:26,2026-08-08 00:05:00,64897.0,64884.0,64885.0,0.0185,-0.0015,2.5082,-1.2541,64071.28,66512.44,0.0,7,none
2026-08-08 00:11:07,2026-08-08 00:10:00,64867.0,64866.0,64885.0,-0.0277,-0.0293,2.5082,-1.2541,64071.28,66512.44,0.003,7,none
2026-08-08 00:16:09,2026-08-08 00:15:00,64854.0,64854.0,64885.0,-0.0478,-0.0478,2.5082,-1.2541,64071.28,66512.44,0.007,7,none
2026-08-08 00:21:09,2026-08-08 00:20:00,64795.0,64795.0,64885.0,-0.1387,-0.1387,2.5082,-1.2541,64071.28,66512.44,0.01,7,none
2026-08-08 00:26:12,2026-08-08 00:25:00,64826.0,64824.0,64885.0,-0.0909,-0.094,2.5082,-1.2541,64071.28,66512.44,0.014,7,none
2026-08-08 00:31:24,2026-08-08 00:30:00,64844.0,64844.0,64885.0,-0.0632,-0.0632,2.5082,-1.2541,64071.28,66512.44,0.017,7,none
2026-08-08 00:36:04,2026-08-08 00:35:00,64841.0,64841.0,64885.0,-0.0678,-0.0678,2.5082,-1.2541,64071.28,66512.44,0.021,7,none
2026-08-08 00:41:17,2026-08-08 00:40:00,64859.0,64858.0,64885.0,-0.0401,-0.0416,2.5082,-1.2541,64071.28,66512.44,0.024,7,none
2026-08-08 00:45:58,2026-08-08 00:44:00,64869.0,64840.0,64885.0,-0.0247,-0.0694,2.5082,-1.2541,64071.28,66512.44,0.028,7,none
2026-08-08 00:51:13,2026-08-08 00:50:00,64869.0,64869.0,64885.0,-0.0247,-0.0247,2.5082,-1.2541,64071.28,66512.44,0.031,7,none
2026-08-08 00:56:16,2026-08-08 00:55:00,64877.0,64870.0,64885.0,-0.0123,-0.0231,2.5082,-1.2541,64071.28,66512.44,0.035,7,none
2026-08-08 01:01:21,2026-08-08 01:00:00,64887.0,64887.0,64885.0,0.0031,0.0031,2.5082,-1.2541,64071.28,66512.44,0.038,7,none
2026-08-08 01:06:03,2026-08-08 01:05:00,64878.0,64878.0,64885.0,-0.0108,-0.0108,2.5082,-1.2541,64071.28,66512.44,0.042,7,none
2026-08-08 01:11:19,2026-08-08 01:10:00,64874.0,64874.0,64885.0,-0.017,-0.017,2.5082,-1.2541,64071.28,66512.44,0.045,7,none
2026-08-08 01:16:13,2026-08-08 01:15:00,64900.0,64899.0,64885.0,0.0231,0.0216,2.5082,-1.2541,64071.28,66512.44,0.049,7,none
2026-08-08 01:21:12,2026-08-08 01:20:00,64900.0,64900.0,64885.0,0.0231,0.0231,2.5082,-1.2541,64071.28,66512.44,0.052,7,none
2026-08-08 01:26:11,2026-08-08 01:25:00,64886.0,64885.0,64885.0,0.0015,0.0,2.5082,-1.2541,64071.28,66512.44,0.056,7,none
2026-08-08 01:31:21,2026-08-08 01:30:00,64877.0,64877.0,64885.0,-0.0123,-0.0123,2.5082,-1.2541,64071.28,66512.44,0.059,7,none
2026-08-08 01:36:08,2026-08-08 01:35:00,64891.0,64885.0,64885.0,0.0092,0.0,2.5082,-1.2541,64071.28,66512.44,0.062,7,none
2026-08-08 01:41:14,2026-08-08 01:40:00,64899.0,64898.0,64885.0,0.0216,0.02,2.5082,-1.2541,64071.28,66512.44,0.066,7,none
2026-08-08 01:46:07,2026-08-08 01:45:00,64894.0,64894.0,64885.0,0.0139,0.0139,2.5082,-1.2541,64071.28,66512.44,0.069,7,none
2026-08-08 01:51:14,2026-08-08 01:50:00,64884.0,64884.0,64885.0,-0.0015,-0.0015,2.5082,-1.2541,64071.28,66512.44,0.073,7,none
2026-08-08 01:56:11,2026-08-08 01:55:00,64880.0,64880.0,64885.0,-0.0077,-0.0077,2.5082,-1.2541,64071.28,66512.44,0.076,7,none
2026-08-08 02:01:29,2026-08-08 02:00:00,64873.0,64867.0,64885.0,-0.0185,-0.0277,2.5082,-1.2541,64071.28,66512.44,0.08,7,none
2026-08-08 02:06:07,2026-08-08 02:05:00,64872.0,64871.0,64885.0,-0.02,-0.0216,2.5082,-1.2541,64071.28,66512.44,0.083,7,none
2026-08-08 02:11:22,2026-08-08 02:10:00,64868.0,64866.0,64885.0,-0.0262,-0.0293,2.5082,-1.2541,64071.28,66512.44,0.087,7,none
2026-08-08 02:16:18,2026-08-08 02:15:00,64861.0,64861.0,64885.0,-0.037,-0.037,2.5082,-1.2541,64071.28,66512.44,0.09,7,none
2026-08-08 02:21:09,2026-08-08 02:20:00,64867.0,64866.0,64885.0,-0.0277,-0.0293,2.5082,-1.2541,64071.28,66512.44,0.094,7,none
2026-08-08 02:26:12,2026-08-08 02:25:00,64878.0,64877.0,64885.0,-0.0108,-0.0123,2.5082,-1.2541,64071.28,66512.44,0.097,7,none
2026-08-08 02:31:26,2026-08-08 02:30:00,64916.0,64897.0,64885.0,0.0478,0.0185,2.5082,-1.2541,64071.28,66512.44,0.101,7,none
2026-08-08 02:36:05,2026-08-08 02:35:00,64890.0,64882.0,64885.0,0.0077,-0.0046,2.5082,-1.2541,64071.28,66512.44,0.104,7,none
2026-08-08 02:41:14,2026-08-08 02:40:00,64891.0,64891.0,64885.0,0.0092,0.0092,2.5082,-1.2541,64071.28,66512.44,0.108,7,none
2026-08-08 02:46:10,2026-08-08 02:45:00,64888.0,64888.0,64885.0,0.0046,0.0046,2.5082,-1.2541,64071.28,66512.44,0.111,7,none
2026-08-08 02:49:20,2026-08-08 02:48:00,64888.0,64888.0,64885.0,0.0046,0.0046,2.5082,-1.2541,64071.28,66512.44,0.113,7,none
2026-08-08 02:51:27,2026-08-08 02:50:00,64888.0,64888.0,64885.0,0.0046,0.0046,2.5082,-1.2541,64071.28,66512.44,0.115,7,none
2026-08-08 02:56:04,2026-08-08 02:55:00,64883.0,64883.0,64885.0,-0.0031,-0.0031,2.5082,-1.2541,64071.28,66512.44,0.118,7,none
2026-08-08 03:01:31,2026-08-08 03:00:00,64886.0,64886.0,64885.0,0.0015,0.0015,2.5082,-1.2541,64071.28,66512.44,0.122,7,none
2026-08-08 03:06:12,2026-08-08 03:05:00,64899.0,64899.0,64885.0,0.0216,0.0216,2.5082,-1.2541,64071.28,66512.44,0.125,7,none
2026-08-08 03:11:18,2026-08-08 03:10:00,64904.0,64899.0,64885.0,0.0293,0.0216,2.5082,-1.2541,64071.28,66512.44,0.129,7,none
2026-08-08 03:16:17,2026-08-08 03:15:00,64901.0,64900.0,64885.0,0.0247,0.0231,2.5082,-1.2541,64071.28,66512.44,0.132,7,none
2026-08-08 03:21:16,2026-08-08 03:20:00,64965.0,64958.0,64885.0,0.1233,0.1125,2.5082,-1.2541,64071.28,66512.44,0.135,7,none
2026-08-08 03:26:08,2026-08-08 03:25:00,64969.0,64968.0,64885.0,0.1295,0.1279,2.5082,-1.2541,64071.28,66512.44,0.139,7,none
2026-08-08 03:31:20,2026-08-08 03:30:00,64998.0,64990.0,64885.0,0.1742,0.1618,2.5082,-1.2541,64071.28,66512.44,0.142,7,none
2026-08-08 03:36:06,2026-08-08 03:35:00,65038.0,65031.0,64885.0,0.2358,0.225,2.5082,-1.2541,64071.28,66512.44,0.146,7,none
2026-08-08 03:41:13,2026-08-08 03:40:00,64970.0,64970.0,64885.0,0.131,0.131,2.5082,-1.2541,64071.28,66512.44,0.149,7,none
2026-08-08 03:46:06,2026-08-08 03:45:00,64983.0,64981.0,64885.0,0.151,0.148,2.5082,-1.2541,64071.28,66512.44,0.153,7,none
2026-08-08 03:51:11,2026-08-08 03:50:00,65001.0,65001.0,64885.0,0.1788,0.1788,2.5082,-1.2541,64071.28,66512.44,0.156,7,none
2026-08-08 03:56:10,2026-08-08 03:55:00,64989.0,64976.0,64885.0,0.1603,0.1402,2.5082,-1.2541,64071.28,66512.44,0.16,7,none
2026-08-08 04:01:17,2026-08-08 04:00:00,64983.0,64983.0,64885.0,0.151,0.151,2.5082,-1.2541,64071.28,66512.44,0.163,7,none
2026-08-08 04:03:21,2026-08-08 04:02:00,65020.0,65006.0,64885.0,0.2081,0.1865,2.5082,-1.2541,64071.28,66512.44,0.165,7,none
2026-08-08 04:06:09,2026-08-08 04:05:00,64974.0,64973.0,64885.0,0.1372,0.1356,2.5082,-1.2541,64071.28,66512.44,0.167,7,none
2026-08-08 04:11:13,2026-08-08 04:10:00,64944.0,64939.0,64885.0,0.0909,0.0832,2.5082,-1.2541,64071.28,66512.44,0.17,7,none
2026-08-08 04:16:11,2026-08-08 04:15:00,64953.0,64952.0,64885.0,0.1048,0.1033,2.5082,-1.2541,64071.28,66512.44,0.174,7,none
2026-08-08 04:21:16,2026-08-08 04:20:00,64963.0,64963.0,64885.0,0.1202,0.1202,2.5082,-1.2541,64071.28,66512.44,0.177,7,none
2026-08-08 04:26:12,2026-08-08 04:25:00,64963.0,64951.0,64885.0,0.1202,0.1017,2.5082,-1.2541,64071.28,66512.44,0.181,7,none
2026-08-08 04:31:18,2026-08-08 04:30:00,64970.0,64970.0,64885.0,0.131,0.131,2.5082,-1.2541,64071.28,66512.44,0.184,7,none
2026-08-08 04:36:13,2026-08-08 04:35:00,64987.0,64987.0,64885.0,0.1572,0.1572,2.5082,-1.2541,64071.28,66512.44,0.188,7,none
2026-08-08 04:41:13,2026-08-08 04:40:00,65031.0,65010.0,64885.0,0.225,0.1926,2.5082,-1.2541,64071.28,66512.44,0.191,7,none
2026-08-08 04:46:21,2026-08-08 04:45:00,65009.0,65007.0,64885.0,0.1911,0.188,2.5082,-1.2541,64071.28,66512.44,0.195,7,none
2026-08-08 04:51:17,2026-08-08 04:50:00,65000.0,65000.0,64885.0,0.1772,0.1772,2.5082,-1.2541,64071.28,66512.44,0.198,7,none
2026-08-08 04:56:07,2026-08-08 04:55:00,64983.0,64983.0,64885.0,0.151,0.151,2.5082,-1.2541,64071.28,66512.44,0.201,7,none
2026-08-08 05:01:18,2026-08-08 05:00:00,64973.0,64973.0,64885.0,0.1356,0.1356,2.5082,-1.2541,64071.28,66512.44,0.205,7,none
2026-08-08 05:06:07,2026-08-08 05:05:00,64977.0,64977.0,64885.0,0.1418,0.1418,2.5082,-1.2541,64071.28,66512.44,0.208,7,none
2026-08-08 05:11:12,2026-08-08 05:10:00,64971.0,64971.0,64885.0,0.1325,0.1325,2.5082,-1.2541,64071.28,66512.44,0.212,7,none
2026-08-08 05:16:14,2026-08-08 05:15:00,64970.0,64961.0,64885.0,0.131,0.1171,2.5082,-1.2541,64071.28,66512.44,0.215,7,none
2026-08-08 05:21:19,2026-08-08 05:20:00,64974.0,64973.0,64885.0,0.1372,0.1356,2.5082,-1.2541,64071.28,66512.44,0.219,7,none
2026-08-08 05:26:06,2026-08-08 05:25:00,64987.0,64984.0,64885.0,0.1572,0.1526,2.5082,-1.2541,64071.28,66512.44,0.222,7,none
2026-08-08 05:31:24,2026-08-08 05:30:00,64986.0,64986.0,64885.0,0.1557,0.1557,2.5082,-1.2541,64071.28,66512.44,0.226,7,none
2026-08-08 05:34:35,2026-08-08 05:33:00,64986.0,64976.0,64885.0,0.1557,0.1402,2.5082,-1.2541,64071.28,66512.44,0.228,7,none
2026-08-08 05:36:05,2026-08-08 05:35:00,64987.0,64986.0,64885.0,0.1572,0.1557,2.5082,-1.2541,64071.28,66512.44,0.229,7,none
2026-08-08 05:41:07,2026-08-08 05:40:00,64987.0,64986.0,64885.0,0.1572,0.1557,2.5082,-1.2541,64071.28,66512.44,0.233,7,none
2026-08-08 05:46:14,2026-08-08 05:45:00,64980.0,64980.0,64885.0,0.1464,0.1464,2.5082,-1.2541,64071.28,66512.44,0.236,7,none
2026-08-08 05:51:16,2026-08-08 05:50:00,64961.0,64960.0,64885.0,0.1171,0.1156,2.5082,-1.2541,64071.28,66512.44,0.24,7,none
2026-08-08 05:56:01,2026-08-08 05:55:00,64959.0,64946.0,64885.0,0.114,0.094,2.5082,-1.2541,64071.28,66512.44,0.243,7,none
2026-08-08 06:01:22,2026-08-08 06:00:00,64971.0,64967.0,64885.0,0.1325,0.1264,2.5082,-1.2541,64071.28,66512.44,0.247,7,none
2026-08-08 06:06:13,2026-08-08 06:05:00,64962.0,64962.0,64885.0,0.1187,0.1187,2.5082,-1.2541,64071.28,66512.44,0.25,7,none
2026-08-08 06:11:15,2026-08-08 06:10:00,64955.0,64954.0,64885.0,0.1079,0.1063,2.5082,-1.2541,64071.28,66512.44,0.253,7,none
2026-08-08 06:16:09,2026-08-08 06:15:00,64950.0,64950.0,64885.0,0.1002,0.1002,2.5082,-1.2541,64071.28,66512.44,0.257,7,none
2026-08-08 06:21:13,2026-08-08 06:20:00,64948.0,64948.0,64885.0,0.0971,0.0971,2.5082,-1.2541,64071.28,66512.44,0.26,7,none
2026-08-08 06:26:02,2026-08-08 06:25:00,64951.0,64950.0,64885.0,0.1017,0.1002,2.5082,-1.2541,64071.28,66512.44,0.264,7,none
2026-08-08 06:31:19,2026-08-08 06:30:00,64951.0,64951.0,64885.0,0.1017,0.1017,2.5082,-1.2541,64071.28,66512.44,0.267,7,none
2026-08-08 06:36:05,2026-08-08 06:35:00,64937.0,64935.0,64885.0,0.0801,0.0771,2.5082,-1.2541,64071.28,66512.44,0.271,7,none
2026-08-08 06:41:21,2026-08-08 06:40:00,64939.0,64939.0,64885.0,0.0832,0.0832,2.5082,-1.2541,64071.28,66512.44,0.274,7,none
2026-08-08 06:46:06,2026-08-08 06:45:00,64965.0,64952.0,64885.0,0.1233,0.1033,2.5082,-1.2541,64071.28,66512.44,0.278,7,none
2026-08-08 06:51:16,2026-08-08 06:50:00,64988.0,64974.0,64885.0,0.1587,0.1372,2.5082,-1.2541,64071.28,66512.44,0.281,7,none
2026-08-08 06:56:06,2026-08-08 06:55:00,64975.0,64970.0,64885.0,0.1387,0.131,2.5082,-1.2541,64071.28,66512.44,0.285,7,none
2026-08-08 07:01:20,2026-08-08 07:00:00,64969.0,64968.0,64885.0,0.1295,0.1279,2.5082,-1.2541,64071.28,66512.44,0.288,7,none
2026-08-08 07:06:06,2026-08-08 07:05:00,64975.0,64975.0,64885.0,0.1387,0.1387,2.5082,-1.2541,64071.28,66512.44,0.292,7,none
2026-08-08 07:11:19,2026-08-08 07:10:00,64974.0,64974.0,64885.0,0.1372,0.1372,2.5082,-1.2541,64071.28,66512.44,0.295,7,none
2026-08-08 07:16:13,2026-08-08 07:15:00,64965.0,64965.0,64885.0,0.1233,0.1233,2.5082,-1.2541,64071.28,66512.44,0.299,7,none
2026-08-08 07:21:14,2026-08-08 07:20:00,64962.0,64962.0,64885.0,0.1187,0.1187,2.5082,-1.2541,64071.28,66512.44,0.302,7,none
2026-08-08 07:26:10,2026-08-08 07:25:00,64969.0,64969.0,64885.0,0.1295,0.1295,2.5082,-1.2541,64071.28,66512.44,0.306,7,none
2026-08-08 07:31:21,2026-08-08 07:30:00,64971.0,64970.0,64885.0,0.1325,0.131,2.5082,-1.2541,64071.28,66512.44,0.309,7,none
2026-08-08 07:36:06,2026-08-08 07:35:00,64961.0,64960.0,64885.0,0.1171,0.1156,2.5082,-1.2541,64071.28,66512.44,0.312,7,none
2026-08-08 07:40:21,2026-08-08 07:39:00,64919.0,64918.0,64885.0,0.0524,0.0509,2.5082,-1.2541,64071.28,66512.44,0.315,7,none
2026-08-08 07:45:59,2026-08-08 07:44:00,64915.0,64914.0,64885.0,0.0462,0.0447,2.5082,-1.2541,64071.28,66512.44,0.319,7,none
2026-08-08 07:51:11,2026-08-08 07:50:00,64914.0,64914.0,64885.0,0.0447,0.0447,2.5082,-1.2541,64071.28,66512.44,0.323,7,none
2026-08-08 07:56:10,2026-08-08 07:55:00,64925.0,64922.0,64885.0,0.0616,0.057,2.5082,-1.2541,64071.28,66512.44,0.326,7,none
2026-08-08 08:01:20,2026-08-08 08:00:00,64920.0,64919.0,64885.0,0.0539,0.0524,2.5082,-1.2541,64071.28,66512.44,0.33,7,none
2026-08-08 08:06:12,2026-08-08 08:05:00,64927.0,64927.0,64885.0,0.0647,0.0647,2.5082,-1.2541,64071.28,66512.44,0.333,7,none
2026-08-08 08:11:15,2026-08-08 08:10:00,64928.0,64927.0,64885.0,0.0663,0.0647,2.5082,-1.2541,64071.28,66512.44,0.337,7,none
2026-08-08 08:16:09,2026-08-08 08:15:00,64934.0,64934.0,64885.0,0.0755,0.0755,2.5082,-1.2541,64071.28,66512.44,0.34,7,none
2026-08-08 08:21:10,2026-08-08 08:20:00,64934.0,64934.0,64885.0,0.0755,0.0755,2.5082,-1.2541,64071.28,66512.44,0.344,7,none
2026-08-08 08:26:19,2026-08-08 08:25:00,64935.0,64934.0,64885.0,0.0771,0.0755,2.5082,-1.2541,64071.28,66512.44,0.347,7,none
2026-08-08 08:31:15,2026-08-08 08:30:00,64951.0,64950.0,64885.0,0.1017,0.1002,2.5082,-1.2541,64071.28,66512.44,0.351,7,none
2026-08-08 08:41:05,2026-08-08 08:40:00,64973.0,64973.0,64885.0,0.1356,0.1356,2.5082,-1.2541,64071.28,66512.44,0.358,7,none
2026-08-08 08:46:16,2026-08-08 08:45:00,64982.0,64981.0,64885.0,0.1495,0.148,2.5082,-1.2541,64071.28,66512.44,0.361,7,none
2026-08-08 08:51:15,2026-08-08 08:50:00,64963.0,64963.0,64885.0,0.1202,0.1202,2.5082,-1.2541,64071.28,66512.44,0.365,7,none
2026-08-08 08:56:11,2026-08-08 08:55:00,64960.0,64960.0,64885.0,0.1156,0.1156,2.5082,-1.2541,64071.28,66512.44,0.368,7,none
2026-08-08 09:01:25,2026-08-08 09:00:00,64961.0,64960.0,64885.0,0.1171,0.1156,2.5082,-1.2541,64071.28,66512.44,0.372,7,none
2026-08-08 09:06:06,2026-08-08 09:05:00,64965.0,64965.0,64885.0,0.1233,0.1233,2.5082,-1.2541,64071.28,66512.44,0.375,7,none
2026-08-08 09:11:12,2026-08-08 09:10:00,64966.0,64965.0,64885.0,0.1248,0.1233,2.5082,-1.2541,64071.28,66512.44,0.378,7,none
2026-08-08 09:16:14,2026-08-08 09:15:00,64977.0,64971.0,64885.0,0.1418,0.1325,2.5082,-1.2541,64071.28,66512.44,0.382,7,none
2026-08-08 09:21:18,2026-08-08 09:20:00,64989.0,64989.0,64885.0,0.1603,0.1603,2.5082,-1.2541,64071.28,66512.44,0.385,7,none
2026-08-08 09:26:12,2026-08-08 09:25:00,64990.0,64988.0,64885.0,0.1618,0.1587,2.5082,-1.2541,64071.28,66512.44,0.389,7,none
2026-08-08 09:31:24,2026-08-08 09:30:00,65007.0,64988.0,64885.0,0.188,0.1587,2.5082,-1.2541,64071.28,66512.44,0.392,7,none
2026-08-08 09:36:05,2026-08-08 09:35:00,64977.0,64977.0,64885.0,0.1418,0.1418,2.5082,-1.2541,64071.28,66512.44,0.396,7,none
2026-08-08 09:41:13,2026-08-08 09:40:00,64977.0,64977.0,64885.0,0.1418,0.1418,2.5082,-1.2541,64071.28,66512.44,0.399,7,none
2026-08-08 09:46:11,2026-08-08 09:45:00,64978.0,64977.0,64885.0,0.1433,0.1418,2.5082,-1.2541,64071.28,66512.44,0.403,7,none
2026-08-08 09:51:15,2026-08-08 09:50:00,64962.0,64962.0,64885.0,0.1187,0.1187,2.5082,-1.2541,64071.28,66512.44,0.406,7,none
2026-08-08 09:56:02,2026-08-08 09:55:00,64958.0,64958.0,64885.0,0.1125,0.1125,2.5082,-1.2541,64071.28,66512.44,0.41,7,none
2026-08-08 10:01:24,2026-08-08 10:00:00,64959.0,64959.0,64885.0,0.114,0.114,2.5082,-1.2541,64071.28,66512.44,0.413,7,none
2026-08-08 10:06:01,2026-08-08 10:05:00,64960.0,64960.0,64885.0,0.1156,0.1156,2.5082,-1.2541,64071.28,66512.44,0.417,7,none
2026-08-08 10:11:13,2026-08-08 10:10:00,64973.0,64971.0,64885.0,0.1356,0.1325,2.5082,-1.2541,64071.28,66512.44,0.42,7,none
2026-08-08 10:16:15,2026-08-08 10:15:00,64973.0,64966.0,64885.0,0.1356,0.1248,2.5082,-1.2541,64071.28,66512.44,0.424,7,none
2026-08-08 10:20:17,2026-08-08 10:19:00,64975.0,64974.0,64885.0,0.1387,0.1372,2.5082,-1.2541,64071.28,66512.44,0.426,7,none
2026-08-08 10:25:59,2026-08-08 10:24:00,64972.0,64971.0,64885.0,0.1341,0.1325,2.5082,-1.2541,64071.28,66512.44,0.43,7,none
2026-08-08 10:31:16,2026-08-08 10:30:00,64991.0,64986.0,64885.0,0.1634,0.1557,2.5082,-1.2541,64071.28,66512.44,0.434,7,none
2026-08-08 10:36:10,2026-08-08 10:35:00,64990.0,64990.0,64885.0,0.1618,0.1618,2.5082,-1.2541,64071.28,66512.44,0.437,7,none
2026-08-08 10:41:12,2026-08-08 10:40:00,64983.0,64983.0,64885.0,0.151,0.151,2.5082,-1.2541,64071.28,66512.44,0.441,7,none
2026-08-08 10:46:16,2026-08-08 10:45:00,64975.0,64973.0,64885.0,0.1387,0.1356,2.5082,-1.2541,64071.28,66512.44,0.444,7,none
2026-08-08 10:51:16,2026-08-08 10:50:00,64977.0,64977.0,64885.0,0.1418,0.1418,2.5082,-1.2541,64071.28,66512.44,0.448,7,none
2026-08-08 10:56:10,2026-08-08 10:55:00,64984.0,64984.0,64885.0,0.1526,0.1526,2.5082,-1.2541,64071.28,66512.44,0.451,7,none
2026-08-08 11:01:19,2026-08-08 11:00:00,64980.0,64980.0,64885.0,0.1464,0.1464,2.5082,-1.2541,64071.28,66512.44,0.455,7,none
2026-08-08 11:06:11,2026-08-08 11:05:00,64974.0,64974.0,64885.0,0.1372,0.1372,2.5082,-1.2541,64071.28,66512.44,0.458,7,none
2026-08-08 11:11:12,2026-08-08 11:10:00,64973.0,64973.0,64885.0,0.1356,0.1356,2.5082,-1.2541,64071.28,66512.44,0.462,7,none
2026-08-08 11:16:09,2026-08-08 11:15:00,64981.0,64981.0,64885.0,0.148,0.148,2.5082,-1.2541,64071.28,66512.44,0.465,7,none
2026-08-08 11:19:35,2026-08-08 11:18:00,64962.0,64961.0,64885.0,0.1187,0.1171,2.5082,-1.2541,64071.28,66512.44,0.468,7,none
2026-08-08 11:21:18,2026-08-08 11:20:00,64950.0,64949.0,64885.0,0.1002,0.0986,2.5082,-1.2541,64071.28,66512.44,0.469,7,none
2026-08-08 11:26:12,2026-08-08 11:25:00,64944.0,64944.0,64885.0,0.0909,0.0909,2.5082,-1.2541,64071.28,66512.44,0.472,7,none
2026-08-08 11:31:16,2026-08-08 11:30:00,64941.0,64941.0,64885.0,0.0863,0.0863,2.5082,-1.2541,64071.28,66512.44,0.476,7,none
2026-08-08 11:36:07,2026-08-08 11:35:00,64939.0,64938.0,64885.0,0.0832,0.0817,2.5082,-1.2541,64071.28,66512.44,0.479,7,none
2026-08-08 11:41:10,2026-08-08 11:40:00,64931.0,64931.0,64885.0,0.0709,0.0709,2.5082,-1.2541,64071.28,66512.44,0.483,7,none
2026-08-08 11:46:11,2026-08-08 11:45:00,64927.0,64927.0,64885.0,0.0647,0.0647,2.5082,-1.2541,64071.28,66512.44,0.486,7,none
2026-08-08 11:51:14,2026-08-08 11:50:00,64928.0,64927.0,64885.0,0.0663,0.0647,2.5082,-1.2541,64071.28,66512.44,0.49,7,none
2026-08-08 11:56:11,2026-08-08 11:55:00,64935.0,64934.0,64885.0,0.0771,0.0755,2.5082,-1.2541,64071.28,66512.44,0.493,7,none
2026-08-08 12:01:28,2026-08-08 12:00:00,64933.0,64932.0,64885.0,0.074,0.0724,2.5082,-1.2541,64071.28,66512.44,0.497,7,none
2026-08-08 12:06:06,2026-08-08 12:05:00,64919.0,64919.0,64885.0,0.0524,0.0524,2.5082,-1.2541,64071.28,66512.44,0.5,7,none
2026-08-08 12:11:08,2026-08-08 12:10:00,64900.0,64891.0,64885.0,0.0231,0.0092,2.5082,-1.2541,64071.28,66512.44,0.503,7,none
2026-08-08 12:16:07,2026-08-08 12:15:00,64999.0,64974.0,64885.0,0.1757,0.1372,2.5082,-1.2541,64071.28,66512.44,0.507,7,none
2026-08-08 12:21:14,2026-08-08 12:20:00,64970.0,64970.0,64885.0,0.131,0.131,2.5082,-1.2541,64071.28,66512.44,0.51,7,none
2026-08-08 12:23:02,2026-08-08 12:22:00,64948.0,64944.0,64885.0,0.0971,0.0909,2.5082,-1.2541,64071.28,66512.44,0.512,7,none
2026-08-08 12:26:12,2026-08-08 12:25:00,64948.0,64948.0,64885.0,0.0971,0.0971,2.5082,-1.2541,64071.28,66512.44,0.514,7,none
2026-08-08 12:31:22,2026-08-08 12:30:00,64952.0,64940.0,64885.0,0.1033,0.0848,2.5082,-1.2541,64071.28,66512.44,0.517,7,none
2026-08-08 12:36:02,2026-08-08 12:35:00,64961.0,64958.0,64885.0,0.1171,0.1125,2.5082,-1.2541,64071.28,66512.44,0.521,7,none
2026-08-08 12:41:18,2026-08-08 12:40:00,64986.0,64984.0,64885.0,0.1557,0.1526,2.5082,-1.2541,64071.28,66512.44,0.524,7,none
2026-08-08 12:46:07,2026-08-08 12:45:00,64974.0,64974.0,64885.0,0.1372,0.1372,2.5082,-1.2541,64071.28,66512.44,0.528,7,none
2026-08-08 12:51:12,2026-08-08 12:50:00,64980.0,64974.0,64885.0,0.1464,0.1372,2.5082,-1.2541,64071.28,66512.44,0.531,7,none
2026-08-08 12:56:10,2026-08-08 12:55:00,64985.0,64984.0,64885.0,0.1541,0.1526,2.5082,-1.2541,64071.28,66512.44,0.535,7,none
2026-08-08 13:01:25,2026-08-08 13:00:00,64971.0,64970.0,64885.0,0.1325,0.131,2.5082,-1.2541,64071.28,66512.44,0.538,7,none
2026-08-08 13:06:15,2026-08-08 13:05:00,64973.0,64970.0,64885.0,0.1356,0.131,2.5082,-1.2541,64071.28,66512.44,0.542,7,none
2026-08-08 13:11:13,2026-08-08 13:10:00,64972.0,64972.0,64885.0,0.1341,0.1341,2.5082,-1.2541,64071.28,66512.44,0.545,7,none
2026-08-08 13:16:15,2026-08-08 13:15:00,64973.0,64973.0,64885.0,0.1356,0.1356,2.5082,-1.2541,64071.28,66512.44,0.549,7,none
2026-08-08 13:21:13,2026-08-08 13:20:00,64981.0,64981.0,64885.0,0.148,0.148,2.5082,-1.2541,64071.28,66512.44,0.552,7,none
2026-08-08 13:26:11,2026-08-08 13:25:00,64980.0,64980.0,64885.0,0.1464,0.1464,2.5082,-1.2541,64071.28,66512.44,0.556,7,none
2026-08-08 13:31:19,2026-08-08 13:30:00,64980.0,64980.0,64885.0,0.1464,0.1464,2.5082,-1.2541,64071.28,66512.44,0.559,7,none
2026-08-08 13:36:08,2026-08-08 13:35:00,64981.0,64980.0,64885.0,0.148,0.1464,2.5082,-1.2541,64071.28,66512.44,0.562,7,none
2026-08-08 13:37:17,2026-08-08 13:36:00,64980.0,64980.0,64885.0,0.1464,0.1464,2.5082,-1.2541,64071.28,66512.44,0.563,7,none
2026-08-08 13:41:08,2026-08-08 13:40:00,64980.0,64980.0,64885.0,0.1464,0.1464,2.5082,-1.2541,64071.28,66512.44,0.566,7,none
2026-08-08 13:46:13,2026-08-08 13:45:00,64980.0,64979.0,64885.0,0.1464,0.1449,2.5082,-1.2541,64071.28,66512.44,0.569,7,none
2026-08-08 13:51:12,2026-08-08 13:50:00,64976.0,64975.0,64885.0,0.1402,0.1387,2.5082,-1.2541,64071.28,66512.44,0.573,7,none
2026-08-08 13:56:05,2026-08-08 13:55:00,64982.0,64976.0,64885.0,0.1495,0.1402,2.5082,-1.2541,64071.28,66512.44,0.576,7,none
2026-08-08 14:01:28,2026-08-08 14:00:00,64988.0,64987.0,64885.0,0.1587,0.1572,2.5082,-1.2541,64071.28,66512.44,0.58,7,none
2026-08-08 14:06:11,2026-08-08 14:05:00,65002.0,64987.0,64885.0,0.1803,0.1572,2.5082,-1.2541,64071.28,66512.44,0.583,7,none
2026-08-08 14:11:06,2026-08-08 14:10:00,65011.0,65007.0,64885.0,0.1942,0.188,2.5082,-1.2541,64071.28,66512.44,0.587,7,none
2026-08-08 14:16:15,2026-08-08 14:15:00,65023.0,65019.0,64885.0,0.2127,0.2065,2.5082,-1.2541,64071.28,66512.44,0.59,7,none
2026-08-08 14:21:06,2026-08-08 14:20:00,65027.0,65026.0,64885.0,0.2188,0.2173,2.5082,-1.2541,64071.28,66512.44,0.594,7,none
2026-08-08 14:22:29,2026-08-08 14:21:00,65027.0,65026.0,64885.0,0.2188,0.2173,2.5082,-1.2541,64071.28,66512.44,0.595,7,none
2026-08-08 14:26:08,2026-08-08 14:25:00,65079.0,65078.0,64885.0,0.299,0.2974,2.5082,-1.2541,64071.28,66512.44,0.597,7,none
2026-08-08 14:31:24,2026-08-08 14:30:00,65110.0,65100.0,64885.0,0.3468,0.3314,2.5082,-1.2541,64071.28,66512.44,0.601,7,none
2026-08-08 14:36:07,2026-08-08 14:35:00,65144.0,65132.0,64885.0,0.3992,0.3807,2.5082,-1.2541,64071.28,66512.44,0.604,7,none
2026-08-08 14:41:10,2026-08-08 14:40:00,65097.0,65097.0,64885.0,0.3267,0.3267,2.5082,-1.2541,64071.28,66512.44,0.608,7,none
2026-08-08 14:46:12,2026-08-08 14:45:00,65088.0,65077.0,64885.0,0.3129,0.2959,2.5082,-1.2541,64071.28,66512.44,0.611,7,none
2026-08-08 14:51:04,2026-08-08 14:50:00,65130.0,65129.0,64885.0,0.3776,0.376,2.5082,-1.2541,64071.28,66512.44,0.614,7,none
2026-08-08 14:56:08,2026-08-08 14:55:00,65130.0,65130.0,64885.0,0.3776,0.3776,2.5082,-1.2541,64071.28,66512.44,0.618,7,none
2026-08-08 15:01:27,2026-08-08 15:00:00,65129.0,65103.0,64885.0,0.376,0.336,2.5082,-1.2541,64071.28,66512.44,0.622,7,none
2026-08-08 15:06:05,2026-08-08 15:05:00,65086.0,65086.0,64885.0,0.3098,0.3098,2.5082,-1.2541,64071.28,66512.44,0.625,7,none
2026-08-08 15:11:16,2026-08-08 15:10:00,65072.0,65072.0,64885.0,0.2882,0.2882,2.5082,-1.2541,64071.28,66512.44,0.629,7,none
2026-08-08 15:16:09,2026-08-08 15:15:00,65078.0,65077.0,64885.0,0.2974,0.2959,2.5082,-1.2541,64071.28,66512.44,0.632,7,none
2026-08-08 15:18:42,2026-08-08 15:17:00,65072.0,65061.0,64885.0,0.2882,0.2712,2.5082,-1.2541,64071.28,66512.44,0.634,7,none
2026-08-08 15:21:17,2026-08-08 15:20:00,65051.0,65051.0,64885.0,0.2558,0.2558,2.5082,-1.2541,64071.28,66512.44,0.635,7,none
2026-08-08 15:26:11,2026-08-08 15:25:00,65066.0,65066.0,64885.0,0.279,0.279,2.5082,-1.2541,64071.28,66512.44,0.639,7,none
2026-08-08 15:31:31,2026-08-08 15:30:00,65060.0,65060.0,64885.0,0.2697,0.2697,2.5082,-1.2541,64071.28,66512.44,0.643,7,none
2026-08-08 15:36:05,2026-08-08 15:35:00,65051.0,65050.0,64885.0,0.2558,0.2543,2.5082,-1.2541,64071.28,66512.44,0.646,7,none
2026-08-08 15:41:06,2026-08-08 15:40:00,65045.0,65045.0,64885.0,0.2466,0.2466,2.5082,-1.2541,64071.28,66512.44,0.649,7,none
2026-08-08 15:46:11,2026-08-08 15:45:00,65029.0,65028.0,64885.0,0.2219,0.2204,2.5082,-1.2541,64071.28,66512.44,0.653,7,none
2026-08-08 15:51:07,2026-08-08 15:50:00,65048.0,65041.0,64885.0,0.2512,0.2404,2.5082,-1.2541,64071.28,66512.44,0.656,7,none
2026-08-08 15:56:04,2026-08-08 15:55:00,65066.0,65063.0,64885.0,0.279,0.2743,2.5082,-1.2541,64071.28,66512.44,0.66,7,none
2026-08-08 16:01:25,2026-08-08 16:00:00,65061.0,65051.0,64885.0,0.2712,0.2558,2.5082,-1.2541,64071.28,66512.44,0.663,7,none
2026-08-08 16:06:14,2026-08-08 16:05:00,65067.0,65066.0,64885.0,0.2805,0.279,2.5082,-1.2541,64071.28,66512.44,0.667,7,none
2026-08-08 16:11:14,2026-08-08 16:10:00,65063.0,65063.0,64885.0,0.2743,0.2743,2.5082,-1.2541,64071.28,66512.44,0.67,7,none
2026-08-08 16:16:11,2026-08-08 16:15:00,65055.0,65055.0,64885.0,0.262,0.262,2.5082,-1.2541,64071.28,66512.44,0.674,7,none
2026-08-08 16:19:17,2026-08-08 16:18:00,65055.0,65055.0,64885.0,0.262,0.262,2.5082,-1.2541,64071.28,66512.44,0.676,7,none
2026-08-08 16:21:14,2026-08-08 16:20:00,65057.0,65055.0,64885.0,0.2651,0.262,2.5082,-1.2541,64071.28,66512.44,0.677,7,none
2026-08-08 16:26:10,2026-08-08 16:25:00,65050.0,65049.0,64885.0,0.2543,0.2528,2.5082,-1.2541,64071.28,66512.44,0.681,7,none
2026-08-08 16:31:17,2026-08-08 16:30:00,65031.0,65030.0,64885.0,0.225,0.2235,2.5082,-1.2541,64071.28,66512.44,0.684,7,none
2026-08-08 16:36:15,2026-08-08 16:35:00,65013.0,65013.0,64885.0,0.1973,0.1973,2.5082,-1.2541,64071.28,66512.44,0.688,7,none
2026-08-08 16:41:12,2026-08-08 16:40:00,65044.0,65027.0,64885.0,0.245,0.2188,2.5082,-1.2541,64071.28,66512.44,0.691,7,none
2026-08-08 16:46:11,2026-08-08 16:45:00,65040.0,65040.0,64885.0,0.2389,0.2389,2.5082,-1.2541,64071.28,66512.44,0.694,7,none
2026-08-08 16:51:13,2026-08-08 16:50:00,65039.0,65039.0,64885.0,0.2373,0.2373,2.5082,-1.2541,64071.28,66512.44,0.698,7,none
2026-08-08 16:56:06,2026-08-08 16:55:00,65056.0,65055.0,64885.0,0.2635,0.262,2.5082,-1.2541,64071.28,66512.44,0.701,7,none
2026-08-08 17:01:25,2026-08-08 17:00:00,65061.0,65061.0,64885.0,0.2712,0.2712,2.5082,-1.2541,64071.28,66512.44,0.705,7,none
2026-08-08 17:06:05,2026-08-08 17:05:00,65060.0,65060.0,64885.0,0.2697,0.2697,2.5082,-1.2541,64071.28,66512.44,0.708,7,none
2026-08-08 17:11:13,2026-08-08 17:10:00,65077.0,65076.0,64885.0,0.2959,0.2944,2.5082,-1.2541,64071.28,66512.44,0.712,7,none
2026-08-08 17:16:13,2026-08-08 17:15:00,65097.0,65093.0,64885.0,0.3267,0.3206,2.5082,-1.2541,64071.28,66512.44,0.715,7,none
2026-08-08 17:20:05,2026-08-08 17:19:00,65084.0,65082.0,64885.0,0.3067,0.3036,2.5082,-1.2541,64071.28,66512.44,0.718,7,none
2026-08-08 17:21:13,2026-08-08 17:20:00,65084.0,65083.0,64885.0,0.3067,0.3052,2.5082,-1.2541,64071.28,66512.44,0.719,7,none
2026-08-08 17:26:03,2026-08-08 17:25:00,65086.0,65085.0,64885.0,0.3098,0.3082,2.5082,-1.2541,64071.28,66512.44,0.722,7,none
2026-08-08 17:31:11,2026-08-08 17:30:00,65086.0,65085.0,64885.0,0.3098,0.3082,2.5082,-1.2541,64071.28,66512.44,0.726,7,none
2026-08-08 17:35:59,2026-08-08 17:34:00,65111.0,65102.0,64885.0,0.3483,0.3344,2.5082,-1.2541,64071.28,66512.44,0.729,7,none
2026-08-08 17:41:12,2026-08-08 17:40:00,65098.0,65097.0,64885.0,0.3283,0.3267,2.5082,-1.2541,64071.28,66512.44,0.733,7,none
2026-08-08 17:46:12,2026-08-08 17:45:00,65101.0,65100.0,64885.0,0.3329,0.3314,2.5082,-1.2541,64071.28,66512.44,0.736,7,none
2026-08-08 17:51:08,2026-08-08 17:50:00,65097.0,65096.0,64885.0,0.3267,0.3252,2.5082,-1.2541,64071.28,66512.44,0.74,7,none
2026-08-08 17:56:15,2026-08-08 17:55:00,65088.0,65087.0,64885.0,0.3129,0.3113,2.5082,-1.2541,64071.28,66512.44,0.743,7,none
2026-08-08 18:01:24,2026-08-08 18:00:00,65087.0,65087.0,64885.0,0.3113,0.3113,2.5082,-1.2541,64071.28,66512.44,0.747,7,none
2026-08-08 18:06:12,2026-08-08 18:05:00,65092.0,65092.0,64885.0,0.319,0.319,2.5082,-1.2541,64071.28,66512.44,0.75,7,none
2026-08-08 18:11:11,2026-08-08 18:10:00,65083.0,65082.0,64885.0,0.3052,0.3036,2.5082,-1.2541,64071.28,66512.44,0.753,7,none
2026-08-08 18:16:11,2026-08-08 18:15:00,65061.0,65061.0,64885.0,0.2712,0.2712,2.5082,-1.2541,64071.28,66512.44,0.757,7,none
2026-08-08 18:21:09,2026-08-08 18:20:00,65039.0,65039.0,64885.0,0.2373,0.2373,2.5082,-1.2541,64071.28,66512.44,0.76,7,none
2026-08-08 18:26:11,2026-08-08 18:25:00,65000.0,65000.0,64885.0,0.1772,0.1772,2.5082,-1.2541,64071.28,66512.44,0.764,7,none
2026-08-08 18:31:22,2026-08-08 18:30:00,65009.0,65008.0,64885.0,0.1911,0.1896,2.5082,-1.2541,64071.28,66512.44,0.767,7,none
2026-08-08 18:36:11,2026-08-08 18:35:00,65019.0,65019.0,64885.0,0.2065,0.2065,2.5082,-1.2541,64071.28,66512.44,0.771,7,none
2026-08-08 18:41:15,2026-08-08 18:40:00,65023.0,65017.0,64885.0,0.2127,0.2034,2.5082,-1.2541,64071.28,66512.44,0.774,7,none
2026-08-08 18:46:11,2026-08-08 18:45:00,65026.0,65026.0,64885.0,0.2173,0.2173,2.5082,-1.2541,64071.28,66512.44,0.778,7,none
2026-08-08 18:51:19,2026-08-08 18:50:00,65024.0,65024.0,64885.0,0.2142,0.2142,2.5082,-1.2541,64071.28,66512.44,0.781,7,none
2026-08-08 18:56:07,2026-08-08 18:55:00,65014.0,65013.0,64885.0,0.1988,0.1973,2.5082,-1.2541,64071.28,66512.44,0.785,7,none
2026-08-08 19:01:25,2026-08-08 19:00:00,65012.0,65012.0,64885.0,0.1957,0.1957,2.5082,-1.2541,64071.28,66512.44,0.788,7,none
2026-08-08 19:06:08,2026-08-08 19:05:00,65012.0,65012.0,64885.0,0.1957,0.1957,2.5082,-1.2541,64071.28,66512.44,0.792,7,none
2026-08-08 19:11:14,2026-08-08 19:10:00,65001.0,65001.0,64885.0,0.1788,0.1788,2.5082,-1.2541,64071.28,66512.44,0.795,7,none
2026-08-08 19:16:11,2026-08-08 19:15:00,64983.0,64983.0,64885.0,0.151,0.151,2.5082,-1.2541,64071.28,66512.44,0.799,7,none
2026-08-08 19:20:53,2026-08-08 19:19:00,64988.0,64988.0,64885.0,0.1587,0.1587,2.5082,-1.2541,64071.28,66512.44,0.802,7,none
2026-08-08 19:26:09,2026-08-08 19:25:00,64985.0,64984.0,64885.0,0.1541,0.1526,2.5082,-1.2541,64071.28,66512.44,0.806,7,none
2026-08-08 19:31:18,2026-08-08 19:30:00,64986.0,64985.0,64885.0,0.1557,0.1541,2.5082,-1.2541,64071.28,66512.44,0.809,7,none
2026-08-08 19:36:01,2026-08-08 19:35:00,64993.0,64992.0,64885.0,0.1664,0.1649,2.5082,-1.2541,64071.28,66512.44,0.812,7,none
2026-08-08 19:41:11,2026-08-08 19:40:00,65000.0,65000.0,64885.0,0.1772,0.1772,2.5082,-1.2541,64071.28,66512.44,0.816,7,none
2026-08-08 19:46:15,2026-08-08 19:45:00,65004.0,65004.0,64885.0,0.1834,0.1834,2.5082,-1.2541,64071.28,66512.44,0.819,7,none
2026-08-08 19:51:14,2026-08-08 19:50:00,65024.0,65016.0,64885.0,0.2142,0.2019,2.5082,-1.2541,64071.28,66512.44,0.823,7,none
2026-08-08 19:56:07,2026-08-08 19:55:00,65047.0,65043.0,64885.0,0.2497,0.2435,2.5082,-1.2541,64071.28,66512.44,0.826,7,none
2026-08-08 20:01:21,2026-08-08 20:00:00,65034.0,65033.0,64885.0,0.2296,0.2281,2.5082,-1.2541,64071.28,66512.44,0.83,7,none
2026-08-08 20:06:07,2026-08-08 20:05:00,65041.0,65041.0,64885.0,0.2404,0.2404,2.5082,-1.2541,64071.28,66512.44,0.833,7,none
2026-08-08 20:11:11,2026-08-08 20:10:00,65042.0,65041.0,64885.0,0.242,0.2404,2.5082,-1.2541,64071.28,66512.44,0.837,7,none
2026-08-08 20:16:08,2026-08-08 20:15:00,65056.0,65044.0,64885.0,0.2635,0.245,2.5082,-1.2541,64071.28,66512.44,0.84,7,none
2026-08-08 20:21:18,2026-08-08 20:20:00,65043.0,65042.0,64885.0,0.2435,0.242,2.5082,-1.2541,64071.28,66512.44,0.844,7,none
2026-08-08 20:26:05,2026-08-08 20:25:00,65023.0,65021.0,64885.0,0.2127,0.2096,2.5082,-1.2541,64071.28,66512.44,0.847,7,none
2026-08-08 20:31:26,2026-08-08 20:30:00,65030.0,65030.0,64885.0,0.2235,0.2235,2.5082,-1.2541,64071.28,66512.44,0.851,7,none
2026-08-08 20:36:12,2026-08-08 20:35:00,65046.0,65045.0,64885.0,0.2481,0.2466,2.5082,-1.2541,64071.28,66512.44,0.854,7,none
2026-08-08 20:41:14,2026-08-08 20:40:00,65030.0,65029.0,64885.0,0.2235,0.2219,2.5082,-1.2541,64071.28,66512.44,0.858,7,none
2026-08-08 20:46:14,2026-08-08 20:45:00,65036.0,65035.0,64885.0,0.2327,0.2312,2.5082,-1.2541,64071.28,66512.44,0.861,7,none
2026-08-08 20:51:10,2026-08-08 20:50:00,65050.0,65049.0,64885.0,0.2543,0.2528,2.5082,-1.2541,64071.28,66512.44,0.865,7,none
2026-08-08 20:56:05,2026-08-08 20:55:00,65047.0,65047.0,64885.0,0.2497,0.2497,2.5082,-1.2541,64071.28,66512.44,0.868,7,none
2026-08-08 21:01:27,2026-08-08 21:00:00,65046.0,65045.0,64885.0,0.2481,0.2466,2.5082,-1.2541,64071.28,66512.44,0.872,7,none
2026-08-08 21:06:06,2026-08-08 21:05:00,65044.0,65043.0,64885.0,0.245,0.2435,2.5082,-1.2541,64071.28,66512.44,0.875,7,none
2026-08-08 21:11:13,2026-08-08 21:10:00,65038.0,65037.0,64885.0,0.2358,0.2343,2.5082,-1.2541,64071.28,66512.44,0.878,7,none
2026-08-08 21:16:14,2026-08-08 21:15:00,65014.0,65013.0,64885.0,0.1988,0.1973,2.5082,-1.2541,64071.28,66512.44,0.882,7,none
2026-08-08 21:19:10,2026-08-08 21:18:00,65009.0,64999.0,64885.0,0.1911,0.1757,2.5082,-1.2541,64071.28,66512.44,0.884,7,none
2026-08-08 21:21:08,2026-08-08 21:20:00,65008.0,65008.0,64885.0,0.1896,0.1896,2.5082,-1.2541,64071.28,66512.44,0.885,7,none
2026-08-08 21:26:12,2026-08-08 21:25:00,65012.0,65008.0,64885.0,0.1957,0.1896,2.5082,-1.2541,64071.28,66512.44,0.889,7,none
2026-08-08 21:31:15,2026-08-08 21:30:00,65001.0,65000.0,64885.0,0.1788,0.1772,2.5082,-1.2541,64071.28,66512.44,0.892,7,none
2026-08-08 21:36:06,2026-08-08 21:35:00,65016.0,65016.0,64885.0,0.2019,0.2019,2.5082,-1.2541,64071.28,66512.44,0.896,7,none
2026-08-08 21:41:16,2026-08-08 21:40:00,65009.0,65008.0,64885.0,0.1911,0.1896,2.5082,-1.2541,64071.28,66512.44,0.899,7,none
2026-08-08 21:46:05,2026-08-08 21:45:00,65007.0,65007.0,64885.0,0.188,0.188,2.5082,-1.2541,64071.28,66512.44,0.903,7,none
2026-08-08 21:51:04,2026-08-08 21:50:00,65010.0,65006.0,64885.0,0.1926,0.1865,2.5082,-1.2541,64071.28,66512.44,0.906,7,none
2026-08-08 21:56:09,2026-08-08 21:55:00,65001.0,65000.0,64885.0,0.1788,0.1772,2.5082,-1.2541,64071.28,66512.44,0.91,7,none
2026-08-08 22:01:18,2026-08-08 22:00:00,64984.0,64984.0,64885.0,0.1526,0.1526,2.5082,-1.2541,64071.28,66512.44,0.913,7,none
2026-08-08 22:06:06,2026-08-08 22:05:00,64970.0,64969.0,64885.0,0.131,0.1295,2.5082,-1.2541,64071.28,66512.44,0.917,7,none
2026-08-08 22:11:13,2026-08-08 22:10:00,64977.0,64976.0,64885.0,0.1418,0.1402,2.5082,-1.2541,64071.28,66512.44,0.92,7,none
2026-08-08 22:16:06,2026-08-08 22:15:00,64960.0,64960.0,64885.0,0.1156,0.1156,2.5082,-1.2541,64071.28,66512.44,0.924,7,none
2026-08-08 22:21:14,2026-08-08 22:20:00,64957.0,64956.0,64885.0,0.111,0.1094,2.5082,-1.2541,64071.28,66512.44,0.927,7,none
2026-08-08 22:26:07,2026-08-08 22:25:00,64968.0,64968.0,64885.0,0.1279,0.1279,2.5082,-1.2541,64071.28,66512.44,0.93,7,none
2026-08-08 22:31:15,2026-08-08 22:30:00,64964.0,64964.0,64885.0,0.1218,0.1218,2.5082,-1.2541,64071.28,66512.44,0.934,7,none
2026-08-08 22:36:05,2026-08-08 22:35:00,64947.0,64946.0,64885.0,0.0956,0.094,2.5082,-1.2541,64071.28,66512.44,0.937,7,none
2026-08-08 22:41:07,2026-08-08 22:40:00,64946.0,64945.0,64885.0,0.094,0.0925,2.5082,-1.2541,64071.28,66512.44,0.941,7,none
2026-08-08 22:46:11,2026-08-08 22:45:00,64943.0,64943.0,64885.0,0.0894,0.0894,2.5082,-1.2541,64071.28,66512.44,0.944,7,none
2026-08-08 22:51:18,2026-08-08 22:50:00,64942.0,64941.0,64885.0,0.0878,0.0863,2.5082,-1.2541,64071.28,66512.44,0.948,7,none
2026-08-08 22:56:06,2026-08-08 22:55:00,64923.0,64923.0,64885.0,0.0586,0.0586,2.5082,-1.2541,64071.28,66512.44,0.951,7,none
2026-08-08 23:01:23,2026-08-08 23:00:00,64912.0,64911.0,64885.0,0.0416,0.0401,2.5082,-1.2541,64071.28,66512.44,0.955,7,none
2026-08-08 23:06:04,2026-08-08 23:05:00,64911.0,64911.0,64885.0,0.0401,0.0401,2.5082,-1.2541,64071.28,66512.44,0.958,7,none
2026-08-08 23:11:09,2026-08-08 23:10:00,64911.0,64911.0,64885.0,0.0401,0.0401,2.5082,-1.2541,64071.28,66512.44,0.962,7,none
2026-08-08 23:16:08,2026-08-08 23:15:00,64917.0,64911.0,64885.0,0.0493,0.0401,2.5082,-1.2541,64071.28,66512.44,0.965,7,none
2026-08-08 23:17:12,2026-08-08 23:16:00,64930.0,64917.0,64885.0,0.0694,0.0493,2.5082,-1.2541,64071.28,66512.44,0.966,7,none
2026-08-08 23:21:12,2026-08-08 23:20:00,64933.0,64931.0,64885.0,0.074,0.0709,2.5082,-1.2541,64071.28,66512.44,0.969,7,none
2026-08-08 23:26:10,2026-08-08 23:25:00,64945.0,64944.0,64885.0,0.0925,0.0909,2.5082,-1.2541,64071.28,66512.44,0.972,7,none
2026-08-08 23:31:18,2026-08-08 23:30:00,64915.0,64914.0,64885.0,0.0462,0.0447,2.5082,-1.2541,64071.28,66512.44,0.976,7,none
2026-08-08 23:36:07,2026-08-08 23:35:00,64926.0,64913.0,64885.0,0.0632,0.0432,2.5082,-1.2541,64071.28,66512.44,0.979,7,none
2026-08-08 23:41:11,2026-08-08 23:40:00,64942.0,64942.0,64885.0,0.0878,0.0878,2.5082,-1.2541,64071.28,66512.44,0.983,7,none
2026-08-08 23:46:12,2026-08-08 23:45:00,64940.0,64940.0,64885.0,0.0848,0.0848,2.5082,-1.2541,64071.28,66512.44,0.986,7,none
2026-08-08 23:51:15,2026-08-08 23:50:00,64946.0,64942.0,64885.0,0.094,0.0878,2.5082,-1.2541,64071.28,66512.44,0.99,7,none
2026-08-08 23:56:06,2026-08-08 23:55:00,64931.0,64928.0,64885.0,0.0709,0.0663,2.5082,-1.2541,64071.28,66512.44,0.993,7,none
2026-08-09 00:01:24,2026-08-09 00:00:00,64933.0,64932.0,64885.0,0.074,0.0724,2.5082,-1.2541,64071.28,66512.44,0.997,7,none
2026-08-09 00:06:22,2026-08-09 00:05:00,64930.0,64930.0,64885.0,0.0694,0.0694,2.5082,-1.2541,64071.28,66512.44,1.0,7,none
2026-08-09 00:11:11,2026-08-09 00:10:00,64933.0,64928.0,64885.0,0.074,0.0663,2.5082,-1.2541,64071.28,66512.44,1.003,7,none
2026-08-09 00:16:10,2026-08-09 00:15:00,64934.0,64934.0,64885.0,0.0755,0.0755,2.5082,-1.2541,64071.28,66512.44,1.007,7,none
2026-08-09 00:21:12,2026-08-09 00:20:00,64938.0,64937.0,64885.0,0.0817,0.0801,2.5082,-1.2541,64071.28,66512.44,1.01,7,none
2026-08-09 00:26:06,2026-08-09 00:25:00,64935.0,64935.0,64885.0,0.0771,0.0771,2.5082,-1.2541,64071.28,66512.44,1.014,7,none
2026-08-09 00:31:17,2026-08-09 00:30:00,64936.0,64935.0,64885.0,0.0786,0.0771,2.5082,-1.2541,64071.28,66512.44,1.017,7,none
2026-08-09 00:36:08,2026-08-09 00:35:00,64936.0,64935.0,64885.0,0.0786,0.0771,2.5082,-1.2541,64071.28,66512.44,1.021,7,none
2026-08-09 00:41:09,2026-08-09 00:40:00,64959.0,64958.0,64885.0,0.114,0.1125,2.5082,-1.2541,64071.28,66512.44,1.024,7,none
2026-08-09 00:46:18,2026-08-09 00:45:00,64949.0,64948.0,64885.0,0.0986,0.0971,2.5082,-1.2541,64071.28,66512.44,1.028,7,none
2026-08-09 00:48:22,2026-08-09 00:47:00,64948.0,64948.0,64885.0,0.0971,0.0971,2.5082,-1.2541,64071.28,66512.44,1.029,7,none
2026-08-09 00:51:11,2026-08-09 00:50:00,64932.0,64931.0,64885.0,0.0724,0.0709,2.5082,-1.2541,64071.28,66512.44,1.031,7,none
2026-08-09 00:56:07,2026-08-09 00:55:00,64935.0,64934.0,64885.0,0.0771,0.0755,2.5082,-1.2541,64071.28,66512.44,1.035,7,none
2026-08-09 01:01:23,2026-08-09 01:00:00,64945.0,64945.0,64885.0,0.0925,0.0925,2.5082,-1.2541,64071.28,66512.44,1.038,7,none
2026-08-09 01:05:58,2026-08-09 01:04:00,64965.0,64964.0,64885.0,0.1233,0.1218,2.5082,-1.2541,64071.28,66512.44,1.041,7,none
2026-08-09 01:11:22,2026-08-09 01:10:00,64955.0,64954.0,64885.0,0.1079,0.1063,2.5082,-1.2541,64071.28,66512.44,1.045,7,none
2026-08-09 01:16:06,2026-08-09 01:15:00,64956.0,64955.0,64885.0,0.1094,0.1079,2.5082,-1.2541,64071.28,66512.44,1.049,7,none
2026-08-09 01:21:10,2026-08-09 01:20:00,64945.0,64945.0,64885.0,0.0925,0.0925,2.5082,-1.2541,64071.28,66512.44,1.052,7,none
2026-08-09 01:26:08,2026-08-09 01:25:00,64855.0,64844.0,64885.0,-0.0462,-0.0632,2.5082,-1.2541,64071.28,66512.44,1.055,7,none
2026-08-09 01:31:11,2026-08-09 01:30:00,64849.0,64829.0,64885.0,-0.0555,-0.0863,2.5082,-1.2541,64071.28,66512.44,1.059,7,none
2026-08-09 01:36:06,2026-08-09 01:35:00,64856.0,64856.0,64885.0,-0.0447,-0.0447,2.5082,-1.2541,64071.28,66512.44,1.062,7,none
2026-08-09 01:41:11,2026-08-09 01:40:00,64852.0,64852.0,64885.0,-0.0509,-0.0509,2.5082,-1.2541,64071.28,66512.44,1.066,7,none
2026-08-09 01:46:07,2026-08-09 01:45:00,64860.0,64855.0,64885.0,-0.0385,-0.0462,2.5082,-1.2541,64071.28,66512.44,1.069,7,none
2026-08-09 01:51:14,2026-08-09 01:50:00,64835.0,64834.0,64885.0,-0.0771,-0.0786,2.5082,-1.2541,64071.28,66512.44,1.073,7,none
2026-08-09 01:56:02,2026-08-09 01:55:00,64839.0,64839.0,64885.0,-0.0709,-0.0709,2.5082,-1.2541,64071.28,66512.44,1.076,7,none
2026-08-09 02:01:23,2026-08-09 02:00:00,64830.0,64830.0,64885.0,-0.0848,-0.0848,2.5082,-1.2541,64071.28,66512.44,1.08,7,none
2026-08-09 02:06:07,2026-08-09 02:05:00,64825.0,64825.0,64885.0,-0.0925,-0.0925,2.5082,-1.2541,64071.28,66512.44,1.083,7,none
2026-08-09 02:11:10,2026-08-09 02:10:00,64824.0,64812.0,64885.0,-0.094,-0.1125,2.5082,-1.2541,64071.28,66512.44,1.087,7,none
2026-08-09 02:16:10,2026-08-09 02:15:00,64816.0,64815.0,64885.0,-0.1063,-0.1079,2.5082,-1.2541,64071.28,66512.44,1.09,7,none
2026-08-09 02:21:14,2026-08-09 02:20:00,64811.0,64811.0,64885.0,-0.114,-0.114,2.5082,-1.2541,64071.28,66512.44,1.094,7,none
2026-08-09 02:26:06,2026-08-09 02:25:00,64810.0,64810.0,64885.0,-0.1156,-0.1156,2.5082,-1.2541,64071.28,66512.44,1.097,7,none
2026-08-09 02:31:15,2026-08-09 02:30:00,64811.0,64810.0,64885.0,-0.114,-0.1156,2.5082,-1.2541,64071.28,66512.44,1.101,7,none
2026-08-09 02:36:04,2026-08-09 02:35:00,64804.0,64803.0,64885.0,-0.1248,-0.1264,2.5082,-1.2541,64071.28,66512.44,1.104,7,none
2026-08-09 02:41:09,2026-08-09 02:40:00,64803.0,64803.0,64885.0,-0.1264,-0.1264,2.5082,-1.2541,64071.28,66512.44,1.108,7,none
2026-08-09 02:46:14,2026-08-09 02:45:00,64769.0,64754.0,64885.0,-0.1788,-0.2019,2.5082,-1.2541,64071.28,66512.44,1.111,7,none
2026-08-09 02:51:09,2026-08-09 02:50:00,64753.0,64753.0,64885.0,-0.2034,-0.2034,2.5082,-1.2541,64071.28,66512.44,1.115,7,none
2026-08-09 02:56:03,2026-08-09 02:55:00,64788.0,64777.0,64885.0,-0.1495,-0.1664,2.5082,-1.2541,64071.28,66512.44,1.118,7,none
2026-08-09 03:01:20,2026-08-09 03:00:00,64791.0,64790.0,64885.0,-0.1449,-0.1464,2.5082,-1.2541,64071.28,66512.44,1.122,7,none
2026-08-09 03:06:09,2026-08-09 03:05:00,64786.0,64785.0,64885.0,-0.1526,-0.1541,2.5082,-1.2541,64071.28,66512.44,1.125,7,none
2026-08-09 03:11:10,2026-08-09 03:10:00,64770.0,64769.0,64885.0,-0.1772,-0.1788,2.5082,-1.2541,64071.28,66512.44,1.128,7,none
2026-08-09 03:16:12,2026-08-09 03:15:00,64701.0,64700.0,64885.0,-0.2836,-0.2851,2.5082,-1.2541,64071.28,66512.44,1.132,7,none
2026-08-09 03:21:19,2026-08-09 03:20:00,64745.0,64725.0,64885.0,-0.2158,-0.2466,2.5082,-1.2541,64071.28,66512.44,1.135,7,none
2026-08-09 03:26:09,2026-08-09 03:25:00,64750.0,64750.0,64885.0,-0.2081,-0.2081,2.5082,-1.2541,64071.28,66512.44,1.139,7,none
2026-08-09 03:31:18,2026-08-09 03:30:00,64750.0,64749.0,64885.0,-0.2081,-0.2096,2.5082,-1.2541,64071.28,66512.44,1.142,7,none
2026-08-09 03:36:03,2026-08-09 03:35:00,64746.0,64746.0,64885.0,-0.2142,-0.2142,2.5082,-1.2541,64071.28,66512.44,1.146,7,none
2026-08-09 03:41:45,2026-08-09 03:40:00,64762.0,64759.0,64885.0,-0.1896,-0.1942,2.5082,-1.2541,64071.28,66512.44,1.15,7,none
2026-08-09 03:46:09,2026-08-09 03:45:00,64770.0,64770.0,64885.0,-0.1772,-0.1772,2.5082,-1.2541,64071.28,66512.44,1.153,7,none
2026-08-09 03:51:12,2026-08-09 03:50:00,64766.0,64766.0,64885.0,-0.1834,-0.1834,2.5082,-1.2541,64071.28,66512.44,1.156,7,none
2026-08-09 03:56:06,2026-08-09 03:55:00,64760.0,64759.0,64885.0,-0.1926,-0.1942,2.5082,-1.2541,64071.28,66512.44,1.16,7,none
2026-08-09 04:01:18,2026-08-09 04:00:00,64759.0,64759.0,64885.0,-0.1942,-0.1942,2.5082,-1.2541,64071.28,66512.44,1.163,7,none
2026-08-09 04:06:10,2026-08-09 04:05:00,64759.0,64759.0,64885.0,-0.1942,-0.1942,2.5082,-1.2541,64071.28,66512.44,1.167,7,none
2026-08-09 04:10:19,2026-08-09 04:09:00,64771.0,64771.0,64885.0,-0.1757,-0.1757,2.5082,-1.2541,64071.28,66512.44,1.17,7,none
2026-08-09 04:16:08,2026-08-09 04:15:00,64796.0,64791.0,64885.0,-0.1372,-0.1449,2.5082,-1.2541,64071.28,66512.44,1.174,7,none
2026-08-09 04:21:05,2026-08-09 04:20:00,64783.0,64782.0,64885.0,-0.1572,-0.1587,2.5082,-1.2541,64071.28,66512.44,1.177,7,none
2026-08-09 04:26:10,2026-08-09 04:25:00,64782.0,64782.0,64885.0,-0.1587,-0.1587,2.5082,-1.2541,64071.28,66512.44,1.181,7,none
2026-08-09 04:31:20,2026-08-09 04:30:00,64799.0,64798.0,64885.0,-0.1325,-0.1341,2.5082,-1.2541,64071.28,66512.44,1.184,7,none
2026-08-09 04:36:08,2026-08-09 04:35:00,64781.0,64780.0,64885.0,-0.1603,-0.1618,2.5082,-1.2541,64071.28,66512.44,1.187,7,none
2026-08-09 04:41:19,2026-08-09 04:40:00,64783.0,64782.0,64885.0,-0.1572,-0.1587,2.5082,-1.2541,64071.28,66512.44,1.191,7,none
2026-08-09 04:46:11,2026-08-09 04:45:00,64780.0,64779.0,64885.0,-0.1618,-0.1634,2.5082,-1.2541,64071.28,66512.44,1.194,7,none
2026-08-09 04:51:16,2026-08-09 04:50:00,64759.0,64758.0,64885.0,-0.1942,-0.1957,2.5082,-1.2541,64071.28,66512.44,1.198,7,none
2026-08-09 04:56:03,2026-08-09 04:55:00,64756.0,64756.0,64885.0,-0.1988,-0.1988,2.5082,-1.2541,64071.28,66512.44,1.201,7,none
2026-08-09 05:01:28,2026-08-09 05:00:00,64757.0,64756.0,64885.0,-0.1973,-0.1988,2.5082,-1.2541,64071.28,66512.44,1.205,7,none
2026-08-09 05:06:09,2026-08-09 05:05:00,64757.0,64756.0,64885.0,-0.1973,-0.1988,2.5082,-1.2541,64071.28,66512.44,1.208,7,none
2026-08-09 05:11:20,2026-08-09 05:10:00,64760.0,64760.0,64885.0,-0.1926,-0.1926,2.5082,-1.2541,64071.28,66512.44,1.212,7,none
2026-08-09 05:16:12,2026-08-09 05:15:00,64757.0,64756.0,64885.0,-0.1973,-0.1988,2.5082,-1.2541,64071.28,66512.44,1.215,7,none
2026-08-09 05:21:08,2026-08-09 05:20:00,64760.0,64760.0,64885.0,-0.1926,-0.1926,2.5082,-1.2541,64071.28,66512.44,1.219,7,none
2026-08-09 05:26:05,2026-08-09 05:25:00,64759.0,64759.0,64885.0,-0.1942,-0.1942,2.5082,-1.2541,64071.28,66512.44,1.222,7,none
2026-08-09 05:31:15,2026-08-09 05:30:00,64757.0,64756.0,64885.0,-0.1973,-0.1988,2.5082,-1.2541,64071.28,66512.44,1.226,7,none
2026-08-09 05:36:07,2026-08-09 05:35:00,64756.0,64756.0,64885.0,-0.1988,-0.1988,2.5082,-1.2541,64071.28,66512.44,1.229,7,none
2026-08-09 05:40:17,2026-08-09 05:39:00,64757.0,64756.0,64885.0,-0.1973,-0.1988,2.5082,-1.2541,64071.28,66512.44,1.232,7,none
2026-08-09 05:46:03,2026-08-09 05:45:00,64756.0,64756.0,64885.0,-0.1988,-0.1988,2.5082,-1.2541,64071.28,66512.44,1.236,7,none
2026-08-09 05:51:05,2026-08-09 05:50:00,64752.0,64751.0,64885.0,-0.205,-0.2065,2.5082,-1.2541,64071.28,66512.44,1.239,7,none
2026-08-09 05:56:06,2026-08-09 05:55:00,64765.0,64764.0,64885.0,-0.1849,-0.1865,2.5082,-1.2541,64071.28,66512.44,1.243,7,none
2026-08-09 06:01:19,2026-08-09 06:00:00,64776.0,64775.0,64885.0,-0.168,-0.1695,2.5082,-1.2541,64071.28,66512.44,1.247,7,none
2026-08-09 06:06:08,2026-08-09 06:05:00,64781.0,64781.0,64885.0,-0.1603,-0.1603,2.5082,-1.2541,64071.28,66512.44,1.25,7,none
2026-08-09 06:11:09,2026-08-09 06:10:00,64778.0,64777.0,64885.0,-0.1649,-0.1664,2.5082,-1.2541,64071.28,66512.44,1.253,7,none
2026-08-09 06:16:07,2026-08-09 06:15:00,64781.0,64779.0,64885.0,-0.1603,-0.1634,2.5082,-1.2541,64071.28,66512.44,1.257,7,none
2026-08-09 06:21:16,2026-08-09 06:20:00,64811.0,64793.0,64885.0,-0.114,-0.1418,2.5082,-1.2541,64071.28,66512.44,1.26,7,none
2026-08-09 06:26:07,2026-08-09 06:25:00,64812.0,64811.0,64885.0,-0.1125,-0.114,2.5082,-1.2541,64071.28,66512.44,1.264,7,none
2026-08-09 06:31:17,2026-08-09 06:30:00,64813.0,64813.0,64885.0,-0.111,-0.111,2.5082,-1.2541,64071.28,66512.44,1.267,7,none
2026-08-09 06:36:06,2026-08-09 06:35:00,64823.0,64823.0,64885.0,-0.0956,-0.0956,2.5082,-1.2541,64071.28,66512.44,1.271,7,none
2026-08-09 06:41:19,2026-08-09 06:40:00,64832.0,64831.0,64885.0,-0.0817,-0.0832,2.5082,-1.2541,64071.28,66512.44,1.274,7,none
2026-08-09 06:46:07,2026-08-09 06:45:00,64832.0,64832.0,64885.0,-0.0817,-0.0817,2.5082,-1.2541,64071.28,66512.44,1.278,7,none
2026-08-09 06:51:06,2026-08-09 06:50:00,64825.0,64824.0,64885.0,-0.0925,-0.094,2.5082,-1.2541,64071.28,66512.44,1.281,7,none
2026-08-09 06:56:06,2026-08-09 06:55:00,64825.0,64825.0,64885.0,-0.0925,-0.0925,2.5082,-1.2541,64071.28,66512.44,1.285,7,none
2026-08-09 07:01:18,2026-08-09 07:00:00,64822.0,64821.0,64885.0,-0.0971,-0.0986,2.5082,-1.2541,64071.28,66512.44,1.288,7,none
2026-08-09 07:06:10,2026-08-09 07:05:00,64822.0,64821.0,64885.0,-0.0971,-0.0986,2.5082,-1.2541,64071.28,66512.44,1.292,7,none
2026-08-09 07:11:12,2026-08-09 07:10:00,64824.0,64823.0,64885.0,-0.094,-0.0956,2.5082,-1.2541,64071.28,66512.44,1.295,7,none
2026-08-09 07:16:07,2026-08-09 07:15:00,64824.0,64824.0,64885.0,-0.094,-0.094,2.5082,-1.2541,64071.28,66512.44,1.299,7,none
2026-08-09 07:21:12,2026-08-09 07:20:00,64820.0,64819.0,64885.0,-0.1002,-0.1017,2.5082,-1.2541,64071.28,66512.44,1.302,7,none
2026-08-09 07:26:10,2026-08-09 07:25:00,64810.0,64809.0,64885.0,-0.1156,-0.1171,2.5082,-1.2541,64071.28,66512.44,1.306,7,none
2026-08-09 07:31:22,2026-08-09 07:30:00,64810.0,64809.0,64885.0,-0.1156,-0.1171,2.5082,-1.2541,64071.28,66512.44,1.309,7,none
2026-08-09 07:36:02,2026-08-09 07:35:00,64808.0,64807.0,64885.0,-0.1187,-0.1202,2.5082,-1.2541,64071.28,66512.44,1.312,7,none
2026-08-09 07:41:09,2026-08-09 07:40:00,64811.0,64810.0,64885.0,-0.114,-0.1156,2.5082,-1.2541,64071.28,66512.44,1.316,7,none
2026-08-09 07:44:13,2026-08-09 07:43:00,64809.0,64808.0,64885.0,-0.1171,-0.1187,2.5082,-1.2541,64071.28,66512.44,1.318,7,none
2026-08-09 07:46:08,2026-08-09 07:45:00,64797.0,64797.0,64885.0,-0.1356,-0.1356,2.5082,-1.2541,64071.28,66512.44,1.319,7,none
2026-08-09 07:51:09,2026-08-09 07:50:00,64797.0,64797.0,64885.0,-0.1356,-0.1356,2.5082,-1.2541,64071.28,66512.44,1.323,7,none
2026-08-09 07:56:08,2026-08-09 07:55:00,64796.0,64796.0,64885.0,-0.1372,-0.1372,2.5082,-1.2541,64071.28,66512.44,1.326,7,none
2026-08-09 08:01:24,2026-08-09 08:00:00,64807.0,64794.0,64885.0,-0.1202,-0.1402,2.5082,-1.2541,64071.28,66512.44,1.33,7,none
2026-08-09 08:06:15,2026-08-09 08:05:00,64887.0,64887.0,64885.0,0.0031,0.0031,2.5082,-1.2541,64071.28,66512.44,1.333,7,none
2026-08-09 08:11:17,2026-08-09 08:10:00,64894.0,64888.0,64885.0,0.0139,0.0046,2.5082,-1.2541,64071.28,66512.44,1.337,7,none
2026-08-09 08:16:12,2026-08-09 08:15:00,64900.0,64893.0,64885.0,0.0231,0.0123,2.5082,-1.2541,64071.28,66512.44,1.34,7,none
2026-08-09 08:21:12,2026-08-09 08:20:00,64890.0,64890.0,64885.0,0.0077,0.0077,2.5082,-1.2541,64071.28,66512.44,1.344,7,none
2026-08-09 08:26:09,2026-08-09 08:25:00,64876.0,64875.0,64885.0,-0.0139,-0.0154,2.5082,-1.2541,64071.28,66512.44,1.347,7,none
2026-08-09 08:29:25,2026-08-09 08:28:00,64858.0,64858.0,64885.0,-0.0416,-0.0416,2.5082,-1.2541,64071.28,66512.44,1.349,7,none
2026-08-09 08:31:15,2026-08-09 08:30:00,64859.0,64858.0,64885.0,-0.0401,-0.0416,2.5082,-1.2541,64071.28,66512.44,1.351,7,none
2026-08-09 08:36:08,2026-08-09 08:35:00,64863.0,64862.0,64885.0,-0.0339,-0.0354,2.5082,-1.2541,64071.28,66512.44,1.354,7,none
2026-08-09 08:41:14,2026-08-09 08:40:00,64795.0,64794.0,64885.0,-0.1387,-0.1402,2.5082,-1.2541,64071.28,66512.44,1.358,7,none
2026-08-09 08:46:13,2026-08-09 08:45:00,64769.0,64758.0,64885.0,-0.1788,-0.1957,2.5082,-1.2541,64071.28,66512.44,1.361,7,none
2026-08-09 08:51:15,2026-08-09 08:50:00,64784.0,64783.0,64885.0,-0.1557,-0.1572,2.5082,-1.2541,64071.28,66512.44,1.365,7,none
2026-08-09 08:56:12,2026-08-09 08:55:00,64781.0,64777.0,64885.0,-0.1603,-0.1664,2.5082,-1.2541,64071.28,66512.44,1.368,7,none
2026-08-09 09:01:28,2026-08-09 09:00:00,64791.0,64789.0,64885.0,-0.1449,-0.148,2.5082,-1.2541,64071.28,66512.44,1.372,7,none
2026-08-09 09:06:05,2026-08-09 09:05:00,64801.0,64800.0,64885.0,-0.1295,-0.131,2.5082,-1.2541,64071.28,66512.44,1.375,7,none
2026-08-09 09:11:09,2026-08-09 09:10:00,64800.0,64800.0,64885.0,-0.131,-0.131,2.5082,-1.2541,64071.28,66512.44,1.378,7,none
2026-08-09 09:16:11,2026-08-09 09:15:00,64801.0,64800.0,64885.0,-0.1295,-0.131,2.5082,-1.2541,64071.28,66512.44,1.382,7,none
2026-08-09 09:21:09,2026-08-09 09:20:00,64803.0,64802.0,64885.0,-0.1264,-0.1279,2.5082,-1.2541,64071.28,66512.44,1.385,7,none
2026-08-09 09:28:28,2026-08-09 09:27:00,64783.0,64783.0,64885.0,-0.1572,-0.1572,2.5082,-1.2541,64071.28,66512.44,1.39,7,none
2026-08-09 09:31:19,2026-08-09 09:30:00,64781.0,64781.0,64885.0,-0.1603,-0.1603,2.5082,-1.2541,64071.28,66512.44,1.392,7,none
2026-08-09 09:36:03,2026-08-09 09:35:00,64785.0,64784.0,64885.0,-0.1541,-0.1557,2.5082,-1.2541,64071.28,66512.44,1.396,7,none
2026-08-09 09:41:15,2026-08-09 09:40:00,64793.0,64792.0,64885.0,-0.1418,-0.1433,2.5082,-1.2541,64071.28,66512.44,1.399,7,none
2026-08-09 09:46:13,2026-08-09 09:45:00,64793.0,64792.0,64885.0,-0.1418,-0.1433,2.5082,-1.2541,64071.28,66512.44,1.403,7,none
2026-08-09 09:51:23,2026-08-09 09:50:00,64793.0,64792.0,64885.0,-0.1418,-0.1433,2.5082,-1.2541,64071.28,66512.44,1.406,7,none
2026-08-09 09:56:08,2026-08-09 09:55:00,64839.0,64838.0,64885.0,-0.0709,-0.0724,2.5082,-1.2541,64071.28,66512.44,1.41,7,none
2026-08-09 10:01:16,2026-08-09 10:00:00,64856.0,64853.0,64885.0,-0.0447,-0.0493,2.5082,-1.2541,64071.28,66512.44,1.413,7,none
2026-08-09 10:06:12,2026-08-09 10:05:00,64875.0,64874.0,64885.0,-0.0154,-0.017,2.5082,-1.2541,64071.28,66512.44,1.417,7,none
2026-08-09 10:11:12,2026-08-09 10:10:00,64874.0,64874.0,64885.0,-0.017,-0.017,2.5082,-1.2541,64071.28,66512.44,1.42,7,none
2026-08-09 10:16:10,2026-08-09 10:15:00,64930.0,64929.0,64885.0,0.0694,0.0678,2.5082,-1.2541,64071.28,66512.44,1.424,7,none
2026-08-09 10:21:12,2026-08-09 10:20:00,64943.0,64924.0,64885.0,0.0894,0.0601,2.5082,-1.2541,64071.28,66512.44,1.427,7,none
2026-08-09 10:26:04,2026-08-09 10:25:00,64926.0,64925.0,64885.0,0.0632,0.0616,2.5082,-1.2541,64071.28,66512.44,1.43,7,none
2026-08-09 10:31:12,2026-08-09 10:30:00,64940.0,64936.0,64885.0,0.0848,0.0786,2.5082,-1.2541,64071.28,66512.44,1.434,7,none
2026-08-09 10:36:11,2026-08-09 10:35:00,64910.0,64909.0,64885.0,0.0385,0.037,2.5082,-1.2541,64071.28,66512.44,1.437,7,none
2026-08-09 10:41:07,2026-08-09 10:40:00,64915.0,64915.0,64885.0,0.0462,0.0462,2.5082,-1.2541,64071.28,66512.44,1.441,7,none
2026-08-09 10:46:09,2026-08-09 10:45:00,64915.0,64915.0,64885.0,0.0462,0.0462,2.5082,-1.2541,64071.28,66512.44,1.444,7,none
2026-08-09 10:51:13,2026-08-09 10:50:00,64939.0,64938.0,64885.0,0.0832,0.0817,2.5082,-1.2541,64071.28,66512.44,1.448,7,none
2026-08-09 10:56:03,2026-08-09 10:55:00,64934.0,64933.0,64885.0,0.0755,0.074,2.5082,-1.2541,64071.28,66512.44,1.451,7,none
2026-08-09 11:01:21,2026-08-09 11:00:00,64937.0,64926.0,64885.0,0.0801,0.0632,2.5082,-1.2541,64071.28,66512.44,1.455,7,none
2026-08-09 11:06:04,2026-08-09 11:05:00,64944.0,64936.0,64885.0,0.0909,0.0786,2.5082,-1.2541,64071.28,66512.44,1.458,7,none
2026-08-09 11:11:23,2026-08-09 11:10:00,64953.0,64952.0,64885.0,0.1048,0.1033,2.5082,-1.2541,64071.28,66512.44,1.462,7,none
2026-08-09 11:16:15,2026-08-09 11:15:00,64954.0,64953.0,64885.0,0.1063,0.1048,2.5082,-1.2541,64071.28,66512.44,1.465,7,none
2026-08-09 11:20:07,2026-08-09 11:19:00,64954.0,64953.0,64885.0,0.1063,0.1048,2.5082,-1.2541,64071.28,66512.44,1.468,7,none
2026-08-09 11:21:12,2026-08-09 11:20:00,64953.0,64952.0,64885.0,0.1048,0.1033,2.5082,-1.2541,64071.28,66512.44,1.469,7,none
2026-08-09 11:26:11,2026-08-09 11:25:00,64952.0,64952.0,64885.0,0.1033,0.1033,2.5082,-1.2541,64071.28,66512.44,1.472,7,none
2026-08-09 11:31:16,2026-08-09 11:30:00,64952.0,64952.0,64885.0,0.1033,0.1033,2.5082,-1.2541,64071.28,66512.44,1.476,7,none
2026-08-09 11:36:03,2026-08-09 11:35:00,64956.0,64956.0,64885.0,0.1094,0.1094,2.5082,-1.2541,64071.28,66512.44,1.479,7,none
2026-08-09 11:41:14,2026-08-09 11:40:00,64961.0,64960.0,64885.0,0.1171,0.1156,2.5082,-1.2541,64071.28,66512.44,1.483,7,none
2026-08-09 11:46:10,2026-08-09 11:45:00,64961.0,64960.0,64885.0,0.1171,0.1156,2.5082,-1.2541,64071.28,66512.44,1.486,7,none
2026-08-09 11:51:11,2026-08-09 11:50:00,64953.0,64952.0,64885.0,0.1048,0.1033,2.5082,-1.2541,64071.28,66512.44,1.49,7,none
2026-08-09 11:56:03,2026-08-09 11:55:00,64935.0,64935.0,64885.0,0.0771,0.0771,2.5082,-1.2541,64071.28,66512.44,1.493,7,none
2026-08-09 12:01:21,2026-08-09 12:00:00,64916.0,64914.0,64885.0,0.0478,0.0447,2.5082,-1.2541,64071.28,66512.44,1.497,7,none
2026-08-09 12:06:07,2026-08-09 12:05:00,64890.0,64889.0,64885.0,0.0077,0.0062,2.5082,-1.2541,64071.28,66512.44,1.5,7,none
2026-08-09 12:11:13,2026-08-09 12:10:00,64902.0,64901.0,64885.0,0.0262,0.0247,2.5082,-1.2541,64071.28,66512.44,1.503,7,none
2026-08-09 12:16:08,2026-08-09 12:15:00,64909.0,64909.0,64885.0,0.037,0.037,2.5082,-1.2541,64071.28,66512.44,1.507,7,none
2026-08-09 12:21:12,2026-08-09 12:20:00,64914.0,64914.0,64885.0,0.0447,0.0447,2.5082,-1.2541,64071.28,66512.44,1.51,7,none
2026-08-09 12:25:21,2026-08-09 12:24:00,64911.0,64911.0,64885.0,0.0401,0.0401,2.5082,-1.2541,64071.28,66512.44,1.513,7,none
2026-08-09 12:31:16,2026-08-09 12:30:00,64911.0,64911.0,64885.0,0.0401,0.0401,2.5082,-1.2541,64071.28,66512.44,1.517,7,none
2026-08-09 12:36:12,2026-08-09 12:35:00,64911.0,64910.0,64885.0,0.0401,0.0385,2.5082,-1.2541,64071.28,66512.44,1.521,7,none
2026-08-09 12:41:13,2026-08-09 12:40:00,64911.0,64910.0,64885.0,0.0401,0.0385,2.5082,-1.2541,64071.28,66512.44,1.524,7,none
2026-08-09 12:46:09,2026-08-09 12:45:00,64909.0,64908.0,64885.0,0.037,0.0354,2.5082,-1.2541,64071.28,66512.44,1.528,7,none
2026-08-09 12:51:18,2026-08-09 12:50:00,64909.0,64908.0,64885.0,0.037,0.0354,2.5082,-1.2541,64071.28,66512.44,1.531,7,none
2026-08-09 12:56:14,2026-08-09 12:55:00,64909.0,64906.0,64885.0,0.037,0.0324,2.5082,-1.2541,64071.28,66512.44,1.535,7,none
2026-08-09 13:01:21,2026-08-09 13:00:00,64933.0,64920.0,64885.0,0.074,0.0539,2.5082,-1.2541,64071.28,66512.44,1.538,7,none
2026-08-09 13:06:04,2026-08-09 13:05:00,64990.0,64970.0,64885.0,0.1618,0.131,2.5082,-1.2541,64071.28,66512.44,1.542,7,none
2026-08-09 13:11:07,2026-08-09 13:10:00,64986.0,64986.0,64885.0,0.1557,0.1557,2.5082,-1.2541,64071.28,66512.44,1.545,7,none
2026-08-09 13:16:06,2026-08-09 13:15:00,65002.0,64993.0,64885.0,0.1803,0.1664,2.5082,-1.2541,64071.28,66512.44,1.549,7,none
2026-08-09 13:21:19,2026-08-09 13:20:00,65019.0,65019.0,64885.0,0.2065,0.2065,2.5082,-1.2541,64071.28,66512.44,1.552,7,none
2026-08-09 13:26:07,2026-08-09 13:25:00,65013.0,65006.0,64885.0,0.1973,0.1865,2.5082,-1.2541,64071.28,66512.44,1.555,7,none
2026-08-09 13:31:20,2026-08-09 13:30:00,65074.0,65059.0,64885.0,0.2913,0.2682,2.5082,-1.2541,64071.28,66512.44,1.559,7,none
2026-08-09 13:36:03,2026-08-09 13:35:00,65097.0,65097.0,64885.0,0.3267,0.3267,2.5082,-1.2541,64071.28,66512.44,1.562,7,none
2026-08-09 13:40:38,2026-08-09 13:39:00,65142.0,65091.0,64885.0,0.3961,0.3175,2.5082,-1.2541,64071.28,66512.44,1.566,7,none
2026-08-09 13:46:07,2026-08-09 13:45:00,65196.0,65193.0,64885.0,0.4793,0.4747,2.5082,-1.2541,64071.28,66512.44,1.569,7,none
2026-08-09 13:51:12,2026-08-09 13:50:00,65161.0,65161.0,64885.0,0.4254,0.4254,2.5082,-1.2541,64071.28,66512.44,1.573,7,none
2026-08-09 13:56:10,2026-08-09 13:55:00,65191.0,65185.0,64885.0,0.4716,0.4624,2.5082,-1.2541,64071.28,66512.44,1.576,7,none
2026-08-09 14:01:18,2026-08-09 14:00:00,65193.0,65191.0,64885.0,0.4747,0.4716,2.5082,-1.2541,64071.28,66512.44,1.58,7,none
2026-08-09 14:06:08,2026-08-09 14:05:00,65194.0,65175.0,64885.0,0.4762,0.4469,2.5082,-1.2541,64071.28,66512.44,1.583,7,none
2026-08-09 14:11:10,2026-08-09 14:10:00,65188.0,65187.0,64885.0,0.467,0.4654,2.5082,-1.2541,64071.28,66512.44,1.587,7,none
2026-08-09 14:16:14,2026-08-09 14:15:00,65184.0,65183.0,64885.0,0.4608,0.4593,2.5082,-1.2541,64071.28,66512.44,1.59,7,none
2026-08-09 14:21:10,2026-08-09 14:20:00,65174.0,65174.0,64885.0,0.4454,0.4454,2.5082,-1.2541,64071.28,66512.44,1.594,7,none
2026-08-09 14:23:48,2026-08-09 14:22:00,65170.0,65169.0,64885.0,0.4392,0.4377,2.5082,-1.2541,64071.28,66512.44,1.596,7,none
2026-08-09 14:26:03,2026-08-09 14:25:00,65139.0,65131.0,64885.0,0.3915,0.3791,2.5082,-1.2541,64071.28,66512.44,1.597,7,none
2026-08-09 14:31:14,2026-08-09 14:30:00,65174.0,65157.0,64885.0,0.4454,0.4192,2.5082,-1.2541,64071.28,66512.44,1.601,7,none
2026-08-09 14:36:05,2026-08-09 14:35:00,65164.0,65164.0,64885.0,0.43,0.43,2.5082,-1.2541,64071.28,66512.44,1.604,7,none
2026-08-09 14:41:16,2026-08-09 14:40:00,65125.0,65125.0,64885.0,0.3699,0.3699,2.5082,-1.2541,64071.28,66512.44,1.608,7,none
2026-08-09 14:46:15,2026-08-09 14:45:00,65148.0,65145.0,64885.0,0.4053,0.4007,2.5082,-1.2541,64071.28,66512.44,1.611,7,none
2026-08-09 14:51:05,2026-08-09 14:50:00,65155.0,65147.0,64885.0,0.4161,0.4038,2.5082,-1.2541,64071.28,66512.44,1.614,7,none
2026-08-09 14:56:13,2026-08-09 14:55:00,65173.0,65160.0,64885.0,0.4439,0.4238,2.5082,-1.2541,64071.28,66512.44,1.618,7,none
2026-08-09 15:01:23,2026-08-09 15:00:00,65223.0,65216.0,64885.0,0.5209,0.5101,2.5082,-1.2541,64071.28,66512.44,1.622,7,none
2026-08-09 15:06:07,2026-08-09 15:05:00,65226.0,65225.0,64885.0,0.5255,0.524,2.5082,-1.2541,64071.28,66512.44,1.625,7,none
2026-08-09 15:11:18,2026-08-09 15:10:00,65235.0,65219.0,64885.0,0.5394,0.5148,2.5082,-1.2541,64071.28,66512.44,1.629,7,none
2026-08-09 15:16:07,2026-08-09 15:15:00,65205.0,65205.0,64885.0,0.4932,0.4932,2.5082,-1.2541,64071.28,66512.44,1.632,7,none
2026-08-09 15:20:20,2026-08-09 15:19:00,65199.0,65199.0,64885.0,0.4839,0.4839,2.5082,-1.2541,64071.28,66512.44,1.635,7,none
2026-08-09 15:26:24,2026-08-09 15:25:00,65202.0,65199.0,64885.0,0.4886,0.4839,2.5082,-1.2541,64071.28,66512.44,1.639,7,none
2026-08-09 15:31:12,2026-08-09 15:30:00,65201.0,65201.0,64885.0,0.487,0.487,2.5082,-1.2541,64071.28,66512.44,1.642,7,none
2026-08-09 15:36:10,2026-08-09 15:35:00,65194.0,65193.0,64885.0,0.4762,0.4747,2.5082,-1.2541,64071.28,66512.44,1.646,7,none
2026-08-09 15:41:07,2026-08-09 15:40:00,65202.0,65202.0,64885.0,0.4886,0.4886,2.5082,-1.2541,64071.28,66512.44,1.649,7,none
2026-08-09 15:46:05,2026-08-09 15:45:00,65190.0,65189.0,64885.0,0.4701,0.4685,2.5082,-1.2541,64071.28,66512.44,1.653,7,none
2026-08-09 15:51:12,2026-08-09 15:50:00,65190.0,65189.0,64885.0,0.4701,0.4685,2.5082,-1.2541,64071.28,66512.44,1.656,7,none
2026-08-09 15:56:03,2026-08-09 15:55:00,65200.0,65196.0,64885.0,0.4855,0.4793,2.5082,-1.2541,64071.28,66512.44,1.66,7,none
2026-08-09 16:01:28,2026-08-09 16:00:00,65200.0,65199.0,64885.0,0.4855,0.4839,2.5082,-1.2541,64071.28,66512.44,1.663,7,none
2026-08-09 16:06:10,2026-08-09 16:05:00,65199.0,65199.0,64885.0,0.4839,0.4839,2.5082,-1.2541,64071.28,66512.44,1.667,7,none
2026-08-09 16:11:17,2026-08-09 16:10:00,65232.0,65232.0,64885.0,0.5348,0.5348,2.5082,-1.2541,64071.28,66512.44,1.67,7,none
2026-08-09 16:16:06,2026-08-09 16:15:00,65205.0,65203.0,64885.0,0.4932,0.4901,2.5082,-1.2541,64071.28,66512.44,1.674,7,none
2026-08-09 16:20:49,2026-08-09 16:19:00,65201.0,65200.0,64885.0,0.487,0.4855,2.5082,-1.2541,64071.28,66512.44,1.677,7,none
2026-08-09 16:26:09,2026-08-09 16:25:00,65159.0,65148.0,64885.0,0.4223,0.4053,2.5082,-1.2541,64071.28,66512.44,1.681,7,none
2026-08-09 16:31:26,2026-08-09 16:30:00,65200.0,65169.0,64885.0,0.4855,0.4377,2.5082,-1.2541,64071.28,66512.44,1.684,7,none
2026-08-09 16:36:03,2026-08-09 16:35:00,65189.0,65189.0,64885.0,0.4685,0.4685,2.5082,-1.2541,64071.28,66512.44,1.687,7,none
2026-08-09 16:41:13,2026-08-09 16:40:00,65208.0,65208.0,64885.0,0.4978,0.4978,2.5082,-1.2541,64071.28,66512.44,1.691,7,none
2026-08-09 16:46:07,2026-08-09 16:45:00,65228.0,65226.0,64885.0,0.5286,0.5255,2.5082,-1.2541,64071.28,66512.44,1.694,7,none
2026-08-09 16:51:15,2026-08-09 16:50:00,65212.0,65199.0,64885.0,0.504,0.4839,2.5082,-1.2541,64071.28,66512.44,1.698,7,none
2026-08-09 16:56:03,2026-08-09 16:55:00,65210.0,65210.0,64885.0,0.5009,0.5009,2.5082,-1.2541,64071.28,66512.44,1.701,7,none
2026-08-09 17:01:30,2026-08-09 17:00:00,65197.0,65196.0,64885.0,0.4809,0.4793,2.5082,-1.2541,64071.28,66512.44,1.705,7,none
2026-08-09 17:06:09,2026-08-09 17:05:00,65190.0,65190.0,64885.0,0.4701,0.4701,2.5082,-1.2541,64071.28,66512.44,1.708,7,none
2026-08-09 17:11:13,2026-08-09 17:10:00,65190.0,65190.0,64885.0,0.4701,0.4701,2.5082,-1.2541,64071.28,66512.44,1.712,7,none
2026-08-09 17:16:12,2026-08-09 17:15:00,65189.0,65189.0,64885.0,0.4685,0.4685,2.5082,-1.2541,64071.28,66512.44,1.715,7,none
2026-08-09 17:21:13,2026-08-09 17:20:00,65191.0,65190.0,64885.0,0.4716,0.4701,2.5082,-1.2541,64071.28,66512.44,1.719,7,none
2026-08-09 17:26:06,2026-08-09 17:25:00,65199.0,65199.0,64885.0,0.4839,0.4839,2.5082,-1.2541,64071.28,66512.44,1.722,7,none
2026-08-09 17:31:15,2026-08-09 17:30:00,65200.0,65199.0,64885.0,0.4855,0.4839,2.5082,-1.2541,64071.28,66512.44,1.726,7,none
2026-08-09 17:36:08,2026-08-09 17:35:00,65193.0,65192.0,64885.0,0.4747,0.4731,2.5082,-1.2541,64071.28,66512.44,1.729,7,none
2026-08-09 17:41:12,2026-08-09 17:40:00,65197.0,65197.0,64885.0,0.4809,0.4809,2.5082,-1.2541,64071.28,66512.44,1.733,7,none
2026-08-09 17:46:12,2026-08-09 17:45:00,65198.0,65197.0,64885.0,0.4824,0.4809,2.5082,-1.2541,64071.28,66512.44,1.736,7,none
2026-08-09 17:51:08,2026-08-09 17:50:00,65186.0,65186.0,64885.0,0.4639,0.4639,2.5082,-1.2541,64071.28,66512.44,1.74,7,none
2026-08-09 17:56:02,2026-08-09 17:55:00,65163.0,65162.0,64885.0,0.4285,0.4269,2.5082,-1.2541,64071.28,66512.44,1.743,7,none
2026-08-09 18:01:20,2026-08-09 18:00:00,65162.0,65161.0,64885.0,0.4269,0.4254,2.5082,-1.2541,64071.28,66512.44,1.747,7,none
2026-08-09 18:06:16,2026-08-09 18:05:00,65170.0,65170.0,64885.0,0.4392,0.4392,2.5082,-1.2541,64071.28,66512.44,1.75,7,none
2026-08-09 18:11:15,2026-08-09 18:10:00,65170.0,65170.0,64885.0,0.4392,0.4392,2.5082,-1.2541,64071.28,66512.44,1.754,7,none
2026-08-09 18:16:10,2026-08-09 18:15:00,65155.0,65154.0,64885.0,0.4161,0.4146,2.5082,-1.2541,64071.28,66512.44,1.757,7,none
2026-08-09 18:21:15,2026-08-09 18:20:00,65159.0,65159.0,64885.0,0.4223,0.4223,2.5082,-1.2541,64071.28,66512.44,1.76,7,none
2026-08-09 18:23:06,2026-08-09 18:22:00,65160.0,65159.0,64885.0,0.4238,0.4223,2.5082,-1.2541,64071.28,66512.44,1.762,7,none
2026-08-09 18:26:06,2026-08-09 18:25:00,65159.0,65159.0,64885.0,0.4223,0.4223,2.5082,-1.2541,64071.28,66512.44,1.764,7,none
2026-08-09 18:31:26,2026-08-09 18:30:00,65187.0,65184.0,64885.0,0.4654,0.4608,2.5082,-1.2541,64071.28,66512.44,1.768,7,none
2026-08-09 18:36:04,2026-08-09 18:35:00,65190.0,65190.0,64885.0,0.4701,0.4701,2.5082,-1.2541,64071.28,66512.44,1.771,7,none
2026-08-09 18:41:15,2026-08-09 18:40:00,65183.0,65183.0,64885.0,0.4593,0.4593,2.5082,-1.2541,64071.28,66512.44,1.774,7,none
2026-08-09 18:46:09,2026-08-09 18:45:00,65183.0,65183.0,64885.0,0.4593,0.4593,2.5082,-1.2541,64071.28,66512.44,1.778,7,none
2026-08-09 18:51:15,2026-08-09 18:50:00,65176.0,65176.0,64885.0,0.4485,0.4485,2.5082,-1.2541,64071.28,66512.44,1.781,7,none
2026-08-09 18:56:09,2026-08-09 18:55:00,65176.0,65176.0,64885.0,0.4485,0.4485,2.5082,-1.2541,64071.28,66512.44,1.785,7,none
2026-08-09 19:01:30,2026-08-09 19:00:00,65161.0,65161.0,64885.0,0.4254,0.4254,2.5082,-1.2541,64071.28,66512.44,1.788,7,none
2026-08-09 19:06:13,2026-08-09 19:05:00,65161.0,65161.0,64885.0,0.4254,0.4254,2.5082,-1.2541,64071.28,66512.44,1.792,7,none
2026-08-09 19:11:08,2026-08-09 19:10:00,65166.0,65166.0,64885.0,0.4331,0.4331,2.5082,-1.2541,64071.28,66512.44,1.795,7,none
2026-08-09 19:16:12,2026-08-09 19:15:00,65164.0,65163.0,64885.0,0.43,0.4285,2.5082,-1.2541,64071.28,66512.44,1.799,7,none
2026-08-09 19:21:12,2026-08-09 19:20:00,65183.0,65180.0,64885.0,0.4593,0.4547,2.5082,-1.2541,64071.28,66512.44,1.802,7,none
2026-08-09 19:24:28,2026-08-09 19:23:00,65182.0,65182.0,64885.0,0.4577,0.4577,2.5082,-1.2541,64071.28,66512.44,1.804,7,none
2026-08-09 19:26:08,2026-08-09 19:25:00,65186.0,65186.0,64885.0,0.4639,0.4639,2.5082,-1.2541,64071.28,66512.44,1.805,7,none
2026-08-09 19:31:18,2026-08-09 19:30:00,65187.0,65186.0,64885.0,0.4654,0.4639,2.5082,-1.2541,64071.28,66512.44,1.809,7,none
2026-08-09 19:36:11,2026-08-09 19:35:00,65173.0,65173.0,64885.0,0.4439,0.4439,2.5082,-1.2541,64071.28,66512.44,1.812,7,none
2026-08-09 19:41:10,2026-08-09 19:40:00,65173.0,65172.0,64885.0,0.4439,0.4423,2.5082,-1.2541,64071.28,66512.44,1.816,7,none
2026-08-09 19:46:08,2026-08-09 19:45:00,65166.0,65166.0,64885.0,0.4331,0.4331,2.5082,-1.2541,64071.28,66512.44,1.819,7,none
2026-08-09 19:51:15,2026-08-09 19:50:00,65164.0,65159.0,64885.0,0.43,0.4223,2.5082,-1.2541,64071.28,66512.44,1.823,7,none
2026-08-09 19:56:06,2026-08-09 19:55:00,65158.0,65158.0,64885.0,0.4207,0.4207,2.5082,-1.2541,64071.28,66512.44,1.826,7,none
2026-08-09 20:01:20,2026-08-09 20:00:00,65156.0,65149.0,64885.0,0.4177,0.4069,2.5082,-1.2541,64071.28,66512.44,1.83,7,none
2026-08-09 20:06:16,2026-08-09 20:05:00,65127.0,65126.0,64885.0,0.373,0.3714,2.5082,-1.2541,64071.28,66512.44,1.833,7,none
2026-08-09 20:11:16,2026-08-09 20:10:00,65065.0,65059.0,64885.0,0.2774,0.2682,2.5082,-1.2541,64071.28,66512.44,1.837,7,none
2026-08-09 20:16:12,2026-08-09 20:15:00,65064.0,65042.0,64885.0,0.2759,0.242,2.5082,-1.2541,64071.28,66512.44,1.84,7,none
2026-08-09 20:19:02,2026-08-09 20:18:00,65073.0,65070.0,64885.0,0.2897,0.2851,2.5082,-1.2541,64071.28,66512.44,1.842,7,none
2026-08-09 20:21:04,2026-08-09 20:20:00,65095.0,65087.0,64885.0,0.3236,0.3113,2.5082,-1.2541,64071.28,66512.44,1.844,7,none
2026-08-09 20:26:05,2026-08-09 20:25:00,65079.0,65074.0,64885.0,0.299,0.2913,2.5082,-1.2541,64071.28,66512.44,1.847,7,none
2026-08-09 20:31:14,2026-08-09 20:30:00,65116.0,65095.0,64885.0,0.356,0.3236,2.5082,-1.2541,64071.28,66512.44,1.851,7,none
2026-08-09 20:36:11,2026-08-09 20:35:00,65114.0,65114.0,64885.0,0.3529,0.3529,2.5082,-1.2541,64071.28,66512.44,1.854,7,none
2026-08-09 20:41:08,2026-08-09 20:40:00,65109.0,65109.0,64885.0,0.3452,0.3452,2.5082,-1.2541,64071.28,66512.44,1.858,7,none
2026-08-09 20:46:11,2026-08-09 20:45:00,65105.0,65104.0,64885.0,0.3391,0.3375,2.5082,-1.2541,64071.28,66512.44,1.861,7,none
2026-08-09 20:51:19,2026-08-09 20:50:00,65100.0,65100.0,64885.0,0.3314,0.3314,2.5082,-1.2541,64071.28,66512.44,1.865,7,none
2026-08-09 20:56:07,2026-08-09 20:55:00,65105.0,65104.0,64885.0,0.3391,0.3375,2.5082,-1.2541,64071.28,66512.44,1.868,7,none
2026-08-09 21:01:24,2026-08-09 21:00:00,65106.0,65105.0,64885.0,0.3406,0.3391,2.5082,-1.2541,64071.28,66512.44,1.872,7,none
2026-08-09 21:06:04,2026-08-09 21:05:00,65099.0,65099.0,64885.0,0.3298,0.3298,2.5082,-1.2541,64071.28,66512.44,1.875,7,none
2026-08-09 21:11:11,2026-08-09 21:10:00,65101.0,65099.0,64885.0,0.3329,0.3298,2.5082,-1.2541,64071.28,66512.44,1.878,7,none
2026-08-09 21:16:14,2026-08-09 21:15:00,65101.0,65100.0,64885.0,0.3329,0.3314,2.5082,-1.2541,64071.28,66512.44,1.882,7,none
2026-08-09 21:20:56,2026-08-09 21:19:00,65100.0,65100.0,64885.0,0.3314,0.3314,2.5082,-1.2541,64071.28,66512.44,1.885,7,none
2026-08-09 21:26:06,2026-08-09 21:25:00,65112.0,65102.0,64885.0,0.3498,0.3344,2.5082,-1.2541,64071.28,66512.44,1.889,7,none
2026-08-09 21:31:18,2026-08-09 21:30:00,65119.0,65116.0,64885.0,0.3606,0.356,2.5082,-1.2541,64071.28,66512.44,1.892,7,none
2026-08-09 21:36:05,2026-08-09 21:35:00,65127.0,65118.0,64885.0,0.373,0.3591,2.5082,-1.2541,64071.28,66512.44,1.896,7,none
2026-08-09 21:41:15,2026-08-09 21:40:00,65188.0,65188.0,64885.0,0.467,0.467,2.5082,-1.2541,64071.28,66512.44,1.899,7,none
2026-08-09 21:46:08,2026-08-09 21:45:00,65189.0,65188.0,64885.0,0.4685,0.467,2.5082,-1.2541,64071.28,66512.44,1.903,7,none
2026-08-09 21:51:06,2026-08-09 21:50:00,65175.0,65174.0,64885.0,0.4469,0.4454,2.5082,-1.2541,64071.28,66512.44,1.906,7,none
2026-08-09 21:56:02,2026-08-09 21:55:00,65173.0,65159.0,64885.0,0.4439,0.4223,2.5082,-1.2541,64071.28,66512.44,1.91,7,none
2026-08-09 22:01:30,2026-08-09 22:00:00,65195.0,65173.0,64885.0,0.4778,0.4439,2.5082,-1.2541,64071.28,66512.44,1.913,7,none
2026-08-09 22:06:03,2026-08-09 22:05:00,65219.0,65219.0,64885.0,0.5148,0.5148,2.5082,-1.2541,64071.28,66512.44,1.917,7,none
2026-08-09 22:11:17,2026-08-09 22:10:00,65247.0,65246.0,64885.0,0.5579,0.5564,2.5082,-1.2541,64071.28,66512.44,1.92,7,none
2026-08-09 22:16:13,2026-08-09 22:15:00,65318.0,65299.0,64885.0,0.6673,0.6381,2.5082,-1.2541,64071.28,66512.44,1.924,7,none
2026-08-09 22:18:26,2026-08-09 22:17:00,65310.0,65310.0,64885.0,0.655,0.655,2.5082,-1.2541,64071.28,66512.44,1.925,7,none
2026-08-09 22:21:12,2026-08-09 22:20:00,65296.0,65285.0,64885.0,0.6334,0.6165,2.5082,-1.2541,64071.28,66512.44,1.927,7,none
2026-08-09 22:26:11,2026-08-09 22:25:00,65211.0,65179.0,64885.0,0.5024,0.4531,2.5082,-1.2541,64071.28,66512.44,1.931,7,none
2026-08-09 22:31:12,2026-08-09 22:30:00,65208.0,65208.0,64885.0,0.4978,0.4978,2.5082,-1.2541,64071.28,66512.44,1.934,7,none
2026-08-09 22:36:07,2026-08-09 22:35:00,65039.0,65036.0,64885.0,0.2373,0.2327,2.5082,-1.2541,64071.28,66512.44,1.937,7,none
2026-08-09 22:41:30,2026-08-09 22:40:00,64975.0,64955.0,64885.0,0.1387,0.1079,2.5082,-1.2541,64071.28,66512.44,1.941,7,none
2026-08-09 22:46:12,2026-08-09 22:45:00,64974.0,64971.0,64885.0,0.1372,0.1325,2.5082,-1.2541,64071.28,66512.44,1.944,7,none
2026-08-09 22:51:10,2026-08-09 22:50:00,64981.0,64981.0,64885.0,0.148,0.148,2.5082,-1.2541,64071.28,66512.44,1.948,7,none
2026-08-09 22:56:10,2026-08-09 22:55:00,65074.0,65035.0,64885.0,0.2913,0.2312,2.5082,-1.2541,64071.28,66512.44,1.951,7,none
2026-08-09 23:01:28,2026-08-09 23:00:00,65015.0,65015.0,64885.0,0.2004,0.2004,2.5082,-1.2541,64071.28,66512.44,1.955,7,none
2026-08-09 23:06:04,2026-08-09 23:05:00,65073.0,65061.0,64885.0,0.2897,0.2712,2.5082,-1.2541,64071.28,66512.44,1.958,7,none
2026-08-09 23:11:11,2026-08-09 23:10:00,65004.0,64972.0,64885.0,0.1834,0.1341,2.5082,-1.2541,64071.28,66512.44,1.962,7,none
2026-08-09 23:16:08,2026-08-09 23:15:00,64992.0,64982.0,64885.0,0.1649,0.1495,2.5082,-1.2541,64071.28,66512.44,1.965,7,none
2026-08-09 23:19:37,2026-08-09 23:18:00,64962.0,64961.0,64885.0,0.1187,0.1171,2.5082,-1.2541,64071.28,66512.44,1.968,7,none
2026-08-09 23:21:13,2026-08-09 23:20:00,64954.0,64954.0,64885.0,0.1063,0.1063,2.5082,-1.2541,64071.28,66512.44,1.969,7,none
2026-08-09 23:26:16,2026-08-09 23:25:00,64917.0,64917.0,64885.0,0.0493,0.0493,2.5082,-1.2541,64071.28,66512.44,1.972,7,none
2026-08-09 23:31:23,2026-08-09 23:30:00,64845.0,64816.0,64885.0,-0.0616,-0.1063,2.5082,-1.2541,64071.28,66512.44,1.976,7,none
2026-08-09 23:36:07,2026-08-09 23:35:00,64861.0,64839.0,64885.0,-0.037,-0.0709,2.5082,-1.2541,64071.28,66512.44,1.979,7,none
2026-08-09 23:41:08,2026-08-09 23:40:00,64859.0,64830.0,64885.0,-0.0401,-0.0848,2.5082,-1.2541,64071.28,66512.44,1.983,7,none
2026-08-09 23:46:21,2026-08-09 23:45:00,64903.0,64871.0,64885.0,0.0277,-0.0216,2.5082,-1.2541,64071.28,66512.44,1.986,7,none
2026-08-09 23:51:18,2026-08-09 23:50:00,64868.0,64867.0,64885.0,-0.0262,-0.0277,2.5082,-1.2541,64071.28,66512.44,1.99,7,none
2026-08-09 23:56:04,2026-08-09 23:55:00,64818.0,64817.0,64885.0,-0.1033,-0.1048,2.5082,-1.2541,64071.28,66512.44,1.993,7,none
2026-08-10 00:01:29,2026-08-10 00:00:00,64833.0,64827.0,64885.0,-0.0801,-0.0894,2.5082,-1.2541,64071.28,66512.44,1.997,7,none
2026-08-10 00:06:19,2026-08-10 00:05:00,64924.0,64866.0,64885.0,0.0601,-0.0293,2.5082,-1.2541,64071.28,66512.44,2.0,7,none
2026-08-10 00:11:13,2026-08-10 00:10:00,65175.0,65012.0,64885.0,0.4469,0.1957,2.5082,-1.2541,64071.28,66512.44,2.003,7,none
2026-08-10 00:16:17,2026-08-10 00:15:00,65086.0,65077.0,64885.0,0.3098,0.2959,2.5082,-1.2541,64071.28,66512.44,2.007,7,none
2026-08-10 00:21:08,2026-08-10 00:20:00,65040.0,65040.0,64885.0,0.2389,0.2389,2.5082,-1.2541,64071.28,66512.44,2.01,7,none
2026-08-10 00:26:01,2026-08-10 00:25:00,64978.0,64950.0,64885.0,0.1433,0.1002,2.5082,-1.2541,64071.28,66512.44,2.014,7,none
2026-08-10 00:31:15,2026-08-10 00:30:00,64993.0,64964.0,64885.0,0.1664,0.1218,2.5082,-1.2541,64071.28,66512.44,2.017,7,none
2026-08-10 00:36:09,2026-08-10 00:35:00,64956.0,64956.0,64885.0,0.1094,0.1094,2.5082,-1.2541,64071.28,66512.44,2.021,7,none
2026-08-10 00:40:59,2026-08-10 00:39:00,64855.0,64854.0,64885.0,-0.0462,-0.0478,2.5082,-1.2541,64071.28,66512.44,2.024,7,none
2026-08-10 00:46:07,2026-08-10 00:45:00,64829.0,64811.0,64885.0,-0.0863,-0.114,2.5082,-1.2541,64071.28,66512.44,2.028,7,none
2026-08-10 00:51:08,2026-08-10 00:50:00,64941.0,64917.0,64885.0,0.0863,0.0493,2.5082,-1.2541,64071.28,66512.44,2.031,7,none
2026-08-10 00:56:06,2026-08-10 00:55:00,64991.0,64965.0,64885.0,0.1634,0.1233,2.5082,-1.2541,64071.28,66512.44,2.035,7,none
2026-08-10 01:01:23,2026-08-10 01:00:00,64956.0,64926.0,64885.0,0.1094,0.0632,2.5082,-1.2541,64071.28,66512.44,2.038,7,none
2026-08-10 01:06:08,2026-08-10 01:05:00,64939.0,64932.0,64885.0,0.0832,0.0724,2.5082,-1.2541,64071.28,66512.44,2.042,7,none
2026-08-10 01:11:12,2026-08-10 01:10:00,65000.0,64951.0,64885.0,0.1772,0.1017,2.5082,-1.2541,64071.28,66512.44,2.045,7,none
2026-08-10 01:16:08,2026-08-10 01:15:00,64992.0,64968.0,64885.0,0.1649,0.1279,2.5082,-1.2541,64071.28,66512.44,2.049,7,none
2026-08-10 01:21:12,2026-08-10 01:20:00,65003.0,65002.0,64885.0,0.1819,0.1803,2.5082,-1.2541,64071.28,66512.44,2.052,7,none
2026-08-10 01:26:03,2026-08-10 01:25:00,65013.0,65012.0,64885.0,0.1973,0.1957,2.5082,-1.2541,64071.28,66512.44,2.055,7,none
2026-08-10 01:31:13,2026-08-10 01:30:00,64974.0,64952.0,64885.0,0.1372,0.1033,2.5082,-1.2541,64071.28,66512.44,2.059,7,none
2026-08-10 01:36:16,2026-08-10 01:35:00,64933.0,64920.0,64885.0,0.074,0.0539,2.5082,-1.2541,64071.28,66512.44,2.063,7,none
2026-08-10 01:41:14,2026-08-10 01:40:00,64922.0,64922.0,64885.0,0.057,0.057,2.5082,-1.2541,64071.28,66512.44,2.066,7,none
2026-08-10 01:46:24,2026-08-10 01:45:00,64961.0,64941.0,64885.0,0.1171,0.0863,2.5082,-1.2541,64071.28,66512.44,2.07,7,none
2026-08-10 01:51:13,2026-08-10 01:50:00,65237.0,65217.0,64885.0,0.5425,0.5117,2.5082,-1.2541,64071.28,66512.44,2.073,7,none
2026-08-10 01:56:03,2026-08-10 01:54:00,65181.0,65172.0,64885.0,0.4562,0.4423,2.5082,-1.2541,64071.28,66512.44,2.076,7,none
2026-08-10 02:01:26,2026-08-10 02:00:00,65155.0,65130.0,64885.0,0.4161,0.3776,2.5082,-1.2541,64071.28,66512.44,2.08,7,none
2026-08-10 02:06:12,2026-08-10 02:05:00,65093.0,65093.0,64885.0,0.3206,0.3206,2.5082,-1.2541,64071.28,66512.44,2.083,7,none
2026-08-10 02:11:11,2026-08-10 02:10:00,65094.0,65066.0,64885.0,0.3221,0.279,2.5082,-1.2541,64071.28,66512.44,2.087,7,none
2026-08-10 02:16:06,2026-08-10 02:15:00,65042.0,65042.0,64885.0,0.242,0.242,2.5082,-1.2541,64071.28,66512.44,2.09,7,none
2026-08-10 02:21:22,2026-08-10 02:20:00,64920.0,64908.0,64885.0,0.0539,0.0354,2.5082,-1.2541,64071.28,66512.44,2.094,7,none
2026-08-10 02:26:13,2026-08-10 02:25:00,64890.0,64888.0,64885.0,0.0077,0.0046,2.5082,-1.2541,64071.28,66512.44,2.097,7,none
2026-08-10 02:31:25,2026-08-10 02:30:00,64957.0,64938.0,64885.0,0.111,0.0817,2.5082,-1.2541,64071.28,66512.44,2.101,7,none
2026-08-10 02:36:17,2026-08-10 02:35:00,64953.0,64951.0,64885.0,0.1048,0.1017,2.5082,-1.2541,64071.28,66512.44,2.104,7,none
2026-08-10 02:41:15,2026-08-10 02:40:00,65019.0,64995.0,64885.0,0.2065,0.1695,2.5082,-1.2541,64071.28,66512.44,2.108,7,none
2026-08-10 02:46:19,2026-08-10 02:45:00,65131.0,65131.0,64885.0,0.3791,0.3791,2.5082,-1.2541,64071.28,66512.44,2.111,7,none
2026-08-10 02:51:12,2026-08-10 02:50:00,65105.0,65081.0,64885.0,0.3391,0.3021,2.5082,-1.2541,64071.28,66512.44,2.115,7,none
2026-08-10 02:56:07,2026-08-10 02:55:00,65075.0,65074.0,64885.0,0.2928,0.2913,2.5082,-1.2541,64071.28,66512.44,2.118,7,none
2026-08-10 03:01:21,2026-08-10 03:00:00,65054.0,65053.0,64885.0,0.2605,0.2589,2.5082,-1.2541,64071.28,66512.44,2.122,7,none
2026-08-10 03:05:53,2026-08-10 03:04:00,65034.0,65020.0,64885.0,0.2296,0.2081,2.5082,-1.2541,64071.28,66512.44,2.125,7,none
2026-08-10 03:11:23,2026-08-10 03:10:00,65029.0,65029.0,64885.0,0.2219,0.2219,2.5082,-1.2541,64071.28,66512.44,2.129,7,none
2026-08-10 03:16:10,2026-08-10 03:15:00,64916.0,64916.0,64885.0,0.0478,0.0478,2.5082,-1.2541,64071.28,66512.44,2.132,7,none
2026-08-10 03:21:13,2026-08-10 03:20:00,65060.0,65012.0,64885.0,0.2697,0.1957,2.5082,-1.2541,64071.28,66512.44,2.135,7,none
2026-08-10 03:26:07,2026-08-10 03:25:00,65133.0,65101.0,64885.0,0.3822,0.3329,2.5082,-1.2541,64071.28,66512.44,2.139,7,none
2026-08-10 03:31:13,2026-08-10 03:30:00,64997.0,64994.0,64885.0,0.1726,0.168,2.5082,-1.2541,64071.28,66512.44,2.142,7,none
2026-08-10 03:36:07,2026-08-10 03:35:00,65061.0,65033.0,64885.0,0.2712,0.2281,2.5082,-1.2541,64071.28,66512.44,2.146,7,none
2026-08-10 03:41:14,2026-08-10 03:40:00,65054.0,65048.0,64885.0,0.2605,0.2512,2.5082,-1.2541,64071.28,66512.44,2.149,7,none
2026-08-10 03:46:10,2026-08-10 03:45:00,65020.0,65001.0,64885.0,0.2081,0.1788,2.5082,-1.2541,64071.28,66512.44,2.153,7,none
2026-08-10 03:51:10,2026-08-10 03:50:00,65018.0,65011.0,64885.0,0.205,0.1942,2.5082,-1.2541,64071.28,66512.44,2.156,7,none
2026-08-10 03:56:21,2026-08-10 03:55:00,64954.0,64954.0,64885.0,0.1063,0.1063,2.5082,-1.2541,64071.28,66512.44,2.16,7,none
2026-08-10 04:01:37,2026-08-10 04:00:00,64967.0,64930.0,64885.0,0.1264,0.0694,2.5082,-1.2541,64071.28,66512.44,2.163,7,none
2026-08-10 04:06:15,2026-08-10 04:05:00,65029.0,65014.0,64885.0,0.2219,0.1988,2.5082,-1.2541,64071.28,66512.44,2.167,7,none
2026-08-10 04:11:09,2026-08-10 04:10:00,65012.0,65012.0,64885.0,0.1957,0.1957,2.5082,-1.2541,64071.28,66512.44,2.17,7,none
2026-08-10 04:16:07,2026-08-10 04:15:00,65054.0,65046.0,64885.0,0.2605,0.2481,2.5082,-1.2541,64071.28,66512.44,2.174,7,none
2026-08-10 04:21:14,2026-08-10 04:20:00,65044.0,65040.0,64885.0,0.245,0.2389,2.5082,-1.2541,64071.28,66512.44,2.177,7,none
2026-08-10 04:26:03,2026-08-10 04:24:00,65025.0,65025.0,64885.0,0.2158,0.2158,2.5082,-1.2541,64071.28,66512.44,2.18,7,none
2026-08-10 04:31:21,2026-08-10 04:30:00,65000.0,65000.0,64885.0,0.1772,0.1772,2.5082,-1.2541,64071.28,66512.44,2.184,7,none
2026-08-10 04:36:09,2026-08-10 04:35:00,65008.0,65002.0,64885.0,0.1896,0.1803,2.5082,-1.2541,64071.28,66512.44,2.187,7,none
2026-08-10 04:41:22,2026-08-10 04:40:00,64923.0,64923.0,64885.0,0.0586,0.0586,2.5082,-1.2541,64071.28,66512.44,2.191,7,none
2026-08-10 04:46:13,2026-08-10 04:45:00,65015.0,64985.0,64885.0,0.2004,0.1541,2.5082,-1.2541,64071.28,66512.44,2.194,7,none
2026-08-10 04:51:13,2026-08-10 04:50:00,65008.0,65002.0,64885.0,0.1896,0.1803,2.5082,-1.2541,64071.28,66512.44,2.198,7,none
2026-08-10 04:56:04,2026-08-10 04:55:00,65001.0,65000.0,64885.0,0.1788,0.1772,2.5082,-1.2541,64071.28,66512.44,2.201,7,none
2026-08-10 05:01:23,2026-08-10 05:00:00,64990.0,64984.0,64885.0,0.1618,0.1526,2.5082,-1.2541,64071.28,66512.44,2.205,7,none
2026-08-10 05:06:09,2026-08-10 05:05:00,65028.0,64996.0,64885.0,0.2204,0.1711,2.5082,-1.2541,64071.28,66512.44,2.208,7,none
2026-08-10 05:11:09,2026-08-10 05:10:00,65029.0,65028.0,64885.0,0.2219,0.2204,2.5082,-1.2541,64071.28,66512.44,2.212,7,none
2026-08-10 05:15:06,2026-08-10 05:14:00,64966.0,64958.0,64885.0,0.1248,0.1125,2.5082,-1.2541,64071.28,66512.44,2.215,7,none
2026-08-10 05:16:13,2026-08-10 05:15:00,64997.0,64965.0,64885.0,0.1726,0.1233,2.5082,-1.2541,64071.28,66512.44,2.215,7,none
2026-08-10 05:21:10,2026-08-10 05:20:00,64998.0,64977.0,64885.0,0.1742,0.1418,2.5082,-1.2541,64071.28,66512.44,2.219,7,none
2026-08-10 05:26:14,2026-08-10 05:25:00,65018.0,65018.0,64885.0,0.205,0.205,2.5082,-1.2541,64071.28,66512.44,2.222,7,none
2026-08-10 05:31:23,2026-08-10 05:30:00,65015.0,65015.0,64885.0,0.2004,0.2004,2.5082,-1.2541,64071.28,66512.44,2.226,7,none
2026-08-10 05:36:14,2026-08-10 05:35:00,65032.0,65027.0,64885.0,0.2266,0.2188,2.5082,-1.2541,64071.28,66512.44,2.229,7,none
2026-08-10 05:41:09,2026-08-10 05:40:00,65036.0,65036.0,64885.0,0.2327,0.2327,2.5082,-1.2541,64071.28,66512.44,2.233,7,none
2026-08-10 05:46:14,2026-08-10 05:45:00,65057.0,65056.0,64885.0,0.2651,0.2635,2.5082,-1.2541,64071.28,66512.44,2.236,7,none
2026-08-10 05:51:18,2026-08-10 05:50:00,65028.0,65024.0,64885.0,0.2204,0.2142,2.5082,-1.2541,64071.28,66512.44,2.24,7,none
2026-08-10 05:56:10,2026-08-10 05:55:00,65117.0,65108.0,64885.0,0.3576,0.3437,2.5082,-1.2541,64071.28,66512.44,2.243,7,none
2026-08-10 06:01:38,2026-08-10 06:00:00,65134.0,65100.0,64885.0,0.3838,0.3314,2.5082,-1.2541,64071.28,66512.44,2.247,7,none
2026-08-10 06:06:12,2026-08-10 06:05:00,65169.0,65156.0,64885.0,0.4377,0.4177,2.5082,-1.2541,64071.28,66512.44,2.25,7,none
2026-08-10 06:11:09,2026-08-10 06:10:00,65148.0,65141.0,64885.0,0.4053,0.3945,2.5082,-1.2541,64071.28,66512.44,2.253,7,none
2026-08-10 06:16:14,2026-08-10 06:15:00,65183.0,65172.0,64885.0,0.4593,0.4423,2.5082,-1.2541,64071.28,66512.44,2.257,7,none
2026-08-10 06:21:07,2026-08-10 06:20:00,65180.0,65179.0,64885.0,0.4547,0.4531,2.5082,-1.2541,64071.28,66512.44,2.26,7,none
2026-08-10 06:26:04,2026-08-10 06:25:00,65147.0,65147.0,64885.0,0.4038,0.4038,2.5082,-1.2541,64071.28,66512.44,2.264,7,none
2026-08-10 06:31:31,2026-08-10 06:30:00,65142.0,65137.0,64885.0,0.3961,0.3884,2.5082,-1.2541,64071.28,66512.44,2.268,7,none
2026-08-10 06:36:09,2026-08-10 06:35:00,65171.0,65165.0,64885.0,0.4408,0.4315,2.5082,-1.2541,64071.28,66512.44,2.271,7,none
2026-08-10 06:41:19,2026-08-10 06:40:00,65172.0,65166.0,64885.0,0.4423,0.4331,2.5082,-1.2541,64071.28,66512.44,2.274,7,none
2026-08-10 06:46:09,2026-08-10 06:45:00,65210.0,65209.0,64885.0,0.5009,0.4993,2.5082,-1.2541,64071.28,66512.44,2.278,7,none
2026-08-10 06:51:12,2026-08-10 06:50:00,65233.0,65211.0,64885.0,0.5363,0.5024,2.5082,-1.2541,64071.28,66512.44,2.281,7,none
2026-08-10 06:56:07,2026-08-10 06:55:00,65239.0,65239.0,64885.0,0.5456,0.5456,2.5082,-1.2541,64071.28,66512.44,2.285,7,none
2026-08-10 07:01:29,2026-08-10 07:00:00,65265.0,65263.0,64885.0,0.5857,0.5826,2.5082,-1.2541,64071.28,66512.44,2.288,7,none
2026-08-10 07:06:06,2026-08-10 07:05:00,65250.0,65239.0,64885.0,0.5625,0.5456,2.5082,-1.2541,64071.28,66512.44,2.292,7,none
2026-08-10 07:11:10,2026-08-10 07:10:00,65249.0,65238.0,64885.0,0.561,0.544,2.5082,-1.2541,64071.28,66512.44,2.295,7,none
2026-08-10 07:16:14,2026-08-10 07:15:00,65214.0,65213.0,64885.0,0.5071,0.5055,2.5082,-1.2541,64071.28,66512.44,2.299,7,none
2026-08-10 07:21:16,2026-08-10 07:20:00,65245.0,65236.0,64885.0,0.5548,0.541,2.5082,-1.2541,64071.28,66512.44,2.302,7,none
2026-08-10 07:26:17,2026-08-10 07:25:00,65270.0,65270.0,64885.0,0.5934,0.5934,2.5082,-1.2541,64071.28,66512.44,2.306,7,none
2026-08-10 07:31:24,2026-08-10 07:30:00,65290.0,65285.0,64885.0,0.6242,0.6165,2.5082,-1.2541,64071.28,66512.44,2.309,7,none
2026-08-10 07:36:07,2026-08-10 07:35:00,65311.0,65304.0,64885.0,0.6565,0.6458,2.5082,-1.2541,64071.28,66512.44,2.312,7,none
2026-08-10 07:41:09,2026-08-10 07:40:00,65299.0,65299.0,64885.0,0.6381,0.6381,2.5082,-1.2541,64071.28,66512.44,2.316,7,none
2026-08-10 07:46:17,2026-08-10 07:45:00,65300.0,65297.0,64885.0,0.6396,0.635,2.5082,-1.2541,64071.28,66512.44,2.319,7,none
2026-08-10 07:51:06,2026-08-10 07:50:00,65226.0,65208.0,64885.0,0.5255,0.4978,2.5082,-1.2541,64071.28,66512.44,2.323,7,none
2026-08-10 07:56:06,2026-08-10 07:55:00,65188.0,65188.0,64885.0,0.467,0.467,2.5082,-1.2541,64071.28,66512.44,2.326,7,none
2026-08-10 08:01:25,2026-08-10 08:00:00,65216.0,65181.0,64885.0,0.5101,0.4562,2.5082,-1.2541,64071.28,66512.44,2.33,7,none
2026-08-10 08:06:12,2026-08-10 08:05:00,65254.0,65250.0,64885.0,0.5687,0.5625,2.5082,-1.2541,64071.28,66512.44,2.333,7,none
2026-08-10 08:11:14,2026-08-10 08:10:00,65239.0,65233.0,64885.0,0.5456,0.5363,2.5082,-1.2541,64071.28,66512.44,2.337,7,none
2026-08-10 08:16:16,2026-08-10 08:15:00,65205.0,65204.0,64885.0,0.4932,0.4916,2.5082,-1.2541,64071.28,66512.44,2.34,7,none
2026-08-10 08:21:04,2026-08-10 08:20:00,65234.0,65234.0,64885.0,0.5379,0.5379,2.5082,-1.2541,64071.28,66512.44,2.344,7,none
2026-08-10 08:26:14,2026-08-10 08:25:00,65280.0,65264.0,64885.0,0.6088,0.5841,2.5082,-1.2541,64071.28,66512.44,2.347,7,none
2026-08-10 08:31:28,2026-08-10 08:30:00,65275.0,65264.0,64885.0,0.6011,0.5841,2.5082,-1.2541,64071.28,66512.44,2.351,7,none
2026-08-10 08:36:11,2026-08-10 08:35:00,65256.0,65252.0,64885.0,0.5718,0.5656,2.5082,-1.2541,64071.28,66512.44,2.354,7,none
2026-08-10 08:41:08,2026-08-10 08:40:00,65217.0,65216.0,64885.0,0.5117,0.5101,2.5082,-1.2541,64071.28,66512.44,2.358,7,none
2026-08-10 08:46:09,2026-08-10 08:44:00,65199.0,65178.0,64885.0,0.4839,0.4516,2.5082,-1.2541,64071.28,66512.44,2.361,7,none
2026-08-10 08:51:15,2026-08-10 08:50:00,65184.0,65183.0,64885.0,0.4608,0.4593,2.5082,-1.2541,64071.28,66512.44,2.365,7,none
2026-08-10 08:56:03,2026-08-10 08:55:00,65212.0,65200.0,64885.0,0.504,0.4855,2.5082,-1.2541,64071.28,66512.44,2.368,7,none
2026-08-10 09:01:28,2026-08-10 09:00:00,65205.0,65205.0,64885.0,0.4932,0.4932,2.5082,-1.2541,64071.28,66512.44,2.372,7,none
2026-08-10 09:05:43,2026-08-10 09:04:00,65199.0,65189.0,64885.0,0.4839,0.4685,2.5082,-1.2541,64071.28,66512.44,2.375,7,none
2026-08-10 09:11:18,2026-08-10 09:10:00,65169.0,65169.0,64885.0,0.4377,0.4377,2.5082,-1.2541,64071.28,66512.44,2.379,7,none
2026-08-10 09:16:23,2026-08-10 09:15:00,65200.0,65200.0,64885.0,0.4855,0.4855,2.5082,-1.2541,64071.28,66512.44,2.382,7,none
2026-08-10 09:21:11,2026-08-10 09:20:00,65157.0,65157.0,64885.0,0.4192,0.4192,2.5082,-1.2541,64071.28,66512.44,2.385,7,none
2026-08-10 09:26:10,2026-08-10 09:25:00,65162.0,65162.0,64885.0,0.4269,0.4269,2.5082,-1.2541,64071.28,66512.44,2.389,7,none
2026-08-10 09:31:14,2026-08-10 09:30:00,65107.0,65106.0,64885.0,0.3421,0.3406,2.5082,-1.2541,64071.28,66512.44,2.392,7,none
2026-08-10 09:36:07,2026-08-10 09:35:00,65091.0,65091.0,64885.0,0.3175,0.3175,2.5082,-1.2541,64071.28,66512.44,2.396,7,none
2026-08-10 09:41:17,2026-08-10 09:40:00,65054.0,65039.0,64885.0,0.2605,0.2373,2.5082,-1.2541,64071.28,66512.44,2.399,7,none
2026-08-10 09:46:15,2026-08-10 09:45:00,65009.0,65007.0,64885.0,0.1911,0.188,2.5082,-1.2541,64071.28,66512.44,2.403,7,none
2026-08-10 09:51:09,2026-08-10 09:50:00,64956.0,64934.0,64885.0,0.1094,0.0755,2.5082,-1.2541,64071.28,66512.44,2.406,7,none
2026-08-10 09:56:07,2026-08-10 09:55:00,64958.0,64939.0,64885.0,0.1125,0.0832,2.5082,-1.2541,64071.28,66512.44,2.41,7,none
2026-08-10 10:01:27,2026-08-10 10:00:00,64957.0,64944.0,64885.0,0.111,0.0909,2.5082,-1.2541,64071.28,66512.44,2.413,7,none
2026-08-10 10:06:12,2026-08-10 10:05:00,65045.0,65017.0,64885.0,0.2466,0.2034,2.5082,-1.2541,64071.28,66512.44,2.417,7,none
2026-08-10 10:11:20,2026-08-10 10:10:00,65018.0,65018.0,64885.0,0.205,0.205,2.5082,-1.2541,64071.28,66512.44,2.42,7,none
2026-08-10 10:16:17,2026-08-10 10:15:00,65018.0,65017.0,64885.0,0.205,0.2034,2.5082,-1.2541,64071.28,66512.44,2.424,7,none
2026-08-10 10:21:13,2026-08-10 10:20:00,65016.0,64986.0,64885.0,0.2019,0.1557,2.5082,-1.2541,64071.28,66512.44,2.427,7,none
2026-08-10 10:26:11,2026-08-10 10:25:00,65035.0,65034.0,64885.0,0.2312,0.2296,2.5082,-1.2541,64071.28,66512.44,2.431,7,none
2026-08-10 10:31:27,2026-08-10 10:30:00,65023.0,64998.0,64885.0,0.2127,0.1742,2.5082,-1.2541,64071.28,66512.44,2.434,7,none
2026-08-10 10:36:25,2026-08-10 10:35:00,64996.0,64995.0,64885.0,0.1711,0.1695,2.5082,-1.2541,64071.28,66512.44,2.438,7,none
2026-08-10 10:41:13,2026-08-10 10:40:00,65001.0,65000.0,64885.0,0.1788,0.1772,2.5082,-1.2541,64071.28,66512.44,2.441,7,none
2026-08-10 10:46:15,2026-08-10 10:45:00,64985.0,64985.0,64885.0,0.1541,0.1541,2.5082,-1.2541,64071.28,66512.44,2.444,7,none
2026-08-10 10:51:15,2026-08-10 10:50:00,65012.0,65009.0,64885.0,0.1957,0.1911,2.5082,-1.2541,64071.28,66512.44,2.448,7,none
2026-08-10 10:56:07,2026-08-10 10:55:00,64988.0,64987.0,64885.0,0.1587,0.1572,2.5082,-1.2541,64071.28,66512.44,2.451,7,none
2026-08-10 11:01:23,2026-08-10 11:00:00,64987.0,64987.0,64885.0,0.1572,0.1572,2.5082,-1.2541,64071.28,66512.44,2.455,7,none
2026-08-10 11:06:08,2026-08-10 11:05:00,64986.0,64973.0,64885.0,0.1557,0.1356,2.5082,-1.2541,64071.28,66512.44,2.458,7,none
2026-08-10 11:11:16,2026-08-10 11:10:00,64993.0,64992.0,64885.0,0.1664,0.1649,2.5082,-1.2541,64071.28,66512.44,2.462,7,none
2026-08-10 11:16:24,2026-08-10 11:15:00,65008.0,64993.0,64885.0,0.1896,0.1664,2.5082,-1.2541,64071.28,66512.44,2.465,7,none
2026-08-10 11:21:11,2026-08-10 11:20:00,65049.0,65044.0,64885.0,0.2528,0.245,2.5082,-1.2541,64071.28,66512.44,2.469,7,none
2026-08-10 11:26:15,2026-08-10 11:25:00,65040.0,65033.0,64885.0,0.2389,0.2281,2.5082,-1.2541,64071.28,66512.44,2.472,7,none
2026-08-10 11:31:11,2026-08-10 11:30:00,65068.0,65062.0,64885.0,0.282,0.2728,2.5082,-1.2541,64071.28,66512.44,2.476,7,none
2026-08-10 11:36:10,2026-08-10 11:35:00,65076.0,65070.0,64885.0,0.2944,0.2851,2.5082,-1.2541,64071.28,66512.44,2.479,7,none
2026-08-10 11:41:19,2026-08-10 11:40:00,65061.0,65061.0,64885.0,0.2712,0.2712,2.5082,-1.2541,64071.28,66512.44,2.483,7,none
2026-08-10 11:46:17,2026-08-10 11:45:00,65042.0,65041.0,64885.0,0.242,0.2404,2.5082,-1.2541,64071.28,66512.44,2.486,7,none
2026-08-10 11:51:14,2026-08-10 11:50:00,65053.0,65052.0,64885.0,0.2589,0.2574,2.5082,-1.2541,64071.28,66512.44,2.49,7,none
2026-08-10 11:56:17,2026-08-10 11:55:00,65107.0,65078.0,64885.0,0.3421,0.2974,2.5082,-1.2541,64071.28,66512.44,2.493,7,none
2026-08-10 12:01:27,2026-08-10 12:00:00,65086.0,65085.0,64885.0,0.3098,0.3082,2.5082,-1.2541,64071.28,66512.44,2.497,7,none
2026-08-10 12:06:16,2026-08-10 12:05:00,65134.0,65133.0,64885.0,0.3838,0.3822,2.5082,-1.2541,64071.28,66512.44,2.5,7,none
2026-08-10 12:11:14,2026-08-10 12:10:00,65157.0,65155.0,64885.0,0.4192,0.4161,2.5082,-1.2541,64071.28,66512.44,2.503,7,none
2026-08-10 12:16:21,2026-08-10 12:15:00,65096.0,65095.0,64885.0,0.3252,0.3236,2.5082,-1.2541,64071.28,66512.44,2.507,7,none
2026-08-10 12:21:16,2026-08-10 12:20:00,65056.0,65054.0,64885.0,0.2635,0.2605,2.5082,-1.2541,64071.28,66512.44,2.51,7,none
2026-08-10 12:26:17,2026-08-10 12:25:00,65057.0,65056.0,64885.0,0.2651,0.2635,2.5082,-1.2541,64071.28,66512.44,2.514,7,none
2026-08-10 12:31:22,2026-08-10 12:30:00,65037.0,65013.0,64885.0,0.2343,0.1973,2.5082,-1.2541,64071.28,66512.44,2.517,7,none
2026-08-10 12:36:11,2026-08-10 12:35:00,64968.0,64948.0,64885.0,0.1279,0.0971,2.5082,-1.2541,64071.28,66512.44,2.521,7,none
2026-08-10 12:41:15,2026-08-10 12:40:00,64896.0,64896.0,64885.0,0.017,0.017,2.5082,-1.2541,64071.28,66512.44,2.524,7,none
2026-08-10 12:46:19,2026-08-10 12:45:00,64985.0,64984.0,64885.0,0.1541,0.1526,2.5082,-1.2541,64071.28,66512.44,2.528,7,none
2026-08-10 12:51:11,2026-08-10 12:50:00,64914.0,64889.0,64885.0,0.0447,0.0062,2.5082,-1.2541,64071.28,66512.44,2.531,7,none
2026-08-10 12:56:14,2026-08-10 12:55:00,64889.0,64888.0,64885.0,0.0062,0.0046,2.5082,-1.2541,64071.28,66512.44,2.535,7,none
2026-08-10 13:01:33,2026-08-10 13:00:00,64868.0,64828.0,64885.0,-0.0262,-0.0878,2.5082,-1.2541,64071.28,66512.44,2.538,7,none
2026-08-10 13:06:13,2026-08-10 13:05:00,64870.0,64858.0,64885.0,-0.0231,-0.0416,2.5082,-1.2541,64071.28,66512.44,2.542,7,none
2026-08-10 13:11:20,2026-08-10 13:10:00,64862.0,64862.0,64885.0,-0.0354,-0.0354,2.5082,-1.2541,64071.28,66512.44,2.545,7,none
2026-08-10 13:16:14,2026-08-10 13:15:00,64866.0,64862.0,64885.0,-0.0293,-0.0354,2.5082,-1.2541,64071.28,66512.44,2.549,7,none
2026-08-10 13:21:12,2026-08-10 13:20:00,64889.0,64889.0,64885.0,0.0062,0.0062,2.5082,-1.2541,64071.28,66512.44,2.552,7,none
2026-08-10 13:26:11,2026-08-10 13:25:00,64889.0,64871.0,64885.0,0.0062,-0.0216,2.5082,-1.2541,64071.28,66512.44,2.556,7,none
2026-08-10 13:31:24,2026-08-10 13:30:00,64860.0,64849.0,64885.0,-0.0385,-0.0555,2.5082,-1.2541,64071.28,66512.44,2.559,7,none
2026-08-10 13:36:15,2026-08-10 13:35:00,64711.0,64620.0,64885.0,-0.2682,-0.4084,2.5082,-1.2541,64071.28,66512.44,2.563,7,none
2026-08-10 13:41:28,2026-08-10 13:40:00,64657.0,64616.0,64885.0,-0.3514,-0.4146,2.5082,-1.2541,64071.28,66512.44,2.566,7,none
2026-08-10 13:46:11,2026-08-10 13:45:00,64639.0,64611.0,64885.0,-0.3791,-0.4223,2.5082,-1.2541,64071.28,66512.44,2.569,7,none
2026-08-10 13:51:19,2026-08-10 13:50:00,64569.0,64519.0,64885.0,-0.487,-0.5641,2.5082,-1.2541,64071.28,66512.44,2.573,7,none
2026-08-10 13:56:20,2026-08-10 13:55:00,64500.0,64500.0,64885.0,-0.5934,-0.5934,2.5082,-1.2541,64071.28,66512.44,2.576,7,none
2026-08-10 14:01:24,2026-08-10 14:00:00,64647.0,64520.0,64885.0,-0.3668,-0.5625,2.5082,-1.2541,64071.28,66512.44,2.58,7,none
2026-08-10 14:06:23,2026-08-10 14:05:00,64694.0,64670.0,64885.0,-0.2944,-0.3314,2.5082,-1.2541,64071.28,66512.44,2.583,7,none
2026-08-10 14:11:17,2026-08-10 14:10:00,64611.0,64610.0,64885.0,-0.4223,-0.4238,2.5082,-1.2541,64071.28,66512.44,2.587,7,none
2026-08-10 14:16:23,2026-08-10 14:15:00,64723.0,64722.0,64885.0,-0.2497,-0.2512,2.5082,-1.2541,64071.28,66512.44,2.59,7,none
2026-08-10 14:21:32,2026-08-10 14:20:00,64748.0,64738.0,64885.0,-0.2111,-0.2266,2.5082,-1.2541,64071.28,66512.44,2.594,7,none
2026-08-10 14:26:10,2026-08-10 14:25:00,64715.0,64691.0,64885.0,-0.262,-0.299,2.5082,-1.2541,64071.28,66512.44,2.597,7,none
2026-08-10 14:31:17,2026-08-10 14:30:00,64781.0,64762.0,64885.0,-0.1603,-0.1896,2.5082,-1.2541,64071.28,66512.44,2.601,7,none
2026-08-10 14:36:07,2026-08-10 14:35:00,64823.0,64780.0,64885.0,-0.0956,-0.1618,2.5082,-1.2541,64071.28,66512.44,2.604,7,none
2026-08-10 14:41:15,2026-08-10 14:40:00,64780.0,64755.0,64885.0,-0.1618,-0.2004,2.5082,-1.2541,64071.28,66512.44,2.608,7,none
2026-08-10 14:46:18,2026-08-10 14:45:00,64830.0,64800.0,64885.0,-0.0848,-0.131,2.5082,-1.2541,64071.28,66512.44,2.611,7,none
2026-08-10 14:51:22,2026-08-10 14:50:00,64773.0,64759.0,64885.0,-0.1726,-0.1942,2.5082,-1.2541,64071.28,66512.44,2.615,7,none
2026-08-10 14:56:09,2026-08-10 14:55:00,64629.0,64628.0,64885.0,-0.3945,-0.3961,2.5082,-1.2541,64071.28,66512.44,2.618,7,none
2026-08-10 15:01:32,2026-08-10 15:00:00,64588.0,64580.0,64885.0,-0.4577,-0.4701,2.5082,-1.2541,64071.28,66512.44,2.622,7,none
2026-08-10 15:06:13,2026-08-10 15:05:00,64663.0,64641.0,64885.0,-0.3421,-0.376,2.5082,-1.2541,64071.28,66512.44,2.625,7,none
2026-08-10 15:11:17,2026-08-10 15:10:00,64670.0,64650.0,64885.0,-0.3314,-0.3622,2.5082,-1.2541,64071.28,66512.44,2.629,7,none
2026-08-10 15:16:10,2026-08-10 15:15:00,64603.0,64531.0,64885.0,-0.4346,-0.5456,2.5082,-1.2541,64071.28,66512.44,2.632,7,none
2026-08-10 15:21:16,2026-08-10 15:20:00,64498.0,64493.0,64885.0,-0.5964,-0.6041,2.5082,-1.2541,64071.28,66512.44,2.635,7,none
2026-08-10 15:26:15,2026-08-10 15:25:00,64318.0,64311.0,64885.0,-0.8739,-0.8846,2.5082,-1.2541,64071.28,66512.44,2.639,7,none
2026-08-10 15:31:29,2026-08-10 15:30:00,64390.0,64379.0,64885.0,-0.7629,-0.7798,2.5082,-1.2541,64071.28,66512.44,2.643,7,none
2026-08-10 15:36:13,2026-08-10 15:35:00,64333.0,64278.0,64885.0,-0.8507,-0.9355,2.5082,-1.2541,64071.28,66512.44,2.646,7,none
2026-08-10 15:41:14,2026-08-10 15:40:00,64292.0,64262.0,64885.0,-0.9139,-0.9602,2.5082,-1.2541,64071.28,66512.44,2.649,7,none
2026-08-10 15:46:16,2026-08-10 15:45:00,64313.0,64312.0,64885.0,-0.8816,-0.8831,2.5082,-1.2541,64071.28,66512.44,2.653,7,none
2026-08-10 15:48:36,2026-08-10 15:47:00,64294.0,64284.0,64885.0,-0.9108,-0.9263,2.5082,-1.2541,64071.28,66512.44,2.654,7,none
2026-08-10 15:51:16,2026-08-10 15:50:00,64247.0,64206.0,64885.0,-0.9833,-1.0465,2.5082,-1.2541,64071.28,66512.44,2.656,7,none
2026-08-10 15:56:12,2026-08-10 15:55:00,64187.0,64186.0,64885.0,-1.0757,-1.0773,2.5082,-1.2541,64071.28,66512.44,2.66,7,none
2026-08-10 16:01:33,2026-08-10 16:00:00,64238.0,64166.0,64885.0,-0.9971,-1.1081,2.5082,-1.2541,64071.28,66512.44,2.663,7,none
2026-08-10 16:06:13,2026-08-10 16:05:00,64333.0,64317.0,64885.0,-0.8507,-0.8754,2.5082,-1.2541,64071.28,66512.44,2.667,7,none
2026-08-10 16:11:21,2026-08-10 16:10:00,64205.0,64200.0,64885.0,-1.048,-1.0557,2.5082,-1.2541,64071.28,66512.44,2.67,7,none
2026-08-10 16:16:15,2026-08-10 16:15:00,64151.0,64146.0,64885.0,-1.1312,-1.1389,2.5082,-1.2541,64071.28,66512.44,2.674,7,none
2026-08-10 16:21:15,2026-08-10 16:20:00,64067.0,64037.0,64885.0,-1.2607,-1.3069,2.5082,-1.2541,64071.28,66512.44,2.677,7,stop_loss
2026-08-11 00:06:25,2026-08-11 00:05:00,63917.0,63916.0,63952.0,-0.0547,-0.0563,4.1171,-1.5,62992.72,66584.96,0.0,7,none
2026-08-11 00:11:27,2026-08-11 00:10:00,63929.0,63925.0,63952.0,-0.036,-0.0422,4.1171,-1.5,62992.72,66584.96,0.004,7,none
2026-08-11 00:16:08,2026-08-11 00:15:00,63940.0,63939.0,63952.0,-0.0188,-0.0203,4.1171,-1.5,62992.72,66584.96,0.007,7,none
2026-08-11 00:21:06,2026-08-11 00:20:00,63907.0,63906.0,63952.0,-0.0704,-0.0719,4.1171,-1.5,62992.72,66584.96,0.01,7,none
2026-08-11 00:26:07,2026-08-11 00:25:00,63966.0,63941.0,63952.0,0.0219,-0.0172,4.1171,-1.5,62992.72,66584.96,0.014,7,none
2026-08-11 00:31:21,2026-08-11 00:30:00,63981.0,63970.0,63952.0,0.0453,0.0281,4.1171,-1.5,62992.72,66584.96,0.017,7,none
2026-08-11 00:36:09,2026-08-11 00:35:00,63975.0,63974.0,63952.0,0.036,0.0344,4.1171,-1.5,62992.72,66584.96,0.021,7,none
2026-08-11 00:41:11,2026-08-11 00:40:00,63968.0,63963.0,63952.0,0.025,0.0172,4.1171,-1.5,62992.72,66584.96,0.024,7,none
2026-08-11 00:46:10,2026-08-11 00:45:00,63974.0,63956.0,63952.0,0.0344,0.0063,4.1171,-1.5,62992.72,66584.96,0.028,7,none
2026-08-11 00:50:38,2026-08-11 00:49:00,63984.0,63983.0,63952.0,0.05,0.0485,4.1171,-1.5,62992.72,66584.96,0.031,7,none
2026-08-11 00:56:08,2026-08-11 00:55:00,64013.0,64012.0,63952.0,0.0954,0.0938,4.1171,-1.5,62992.72,66584.96,0.035,7,none
2026-08-11 01:01:26,2026-08-11 01:00:00,64019.0,64019.0,63952.0,0.1048,0.1048,4.1171,-1.5,62992.72,66584.96,0.038,7,none
2026-08-11 01:06:09,2026-08-11 01:05:00,63992.0,63991.0,63952.0,0.0625,0.061,4.1171,-1.5,62992.72,66584.96,0.042,7,none
2026-08-11 01:11:22,2026-08-11 01:10:00,64032.0,63993.0,63952.0,0.1251,0.0641,4.1171,-1.5,62992.72,66584.96,0.045,7,none
2026-08-11 01:16:11,2026-08-11 01:15:00,64019.0,63998.0,63952.0,0.1048,0.0719,4.1171,-1.5,62992.72,66584.96,0.049,7,none
2026-08-11 01:21:18,2026-08-11 01:20:00,64010.0,63962.0,63952.0,0.0907,0.0156,4.1171,-1.5,62992.72,66584.96,0.052,7,none
2026-08-11 01:26:02,2026-08-11 01:25:00,64029.0,64028.0,63952.0,0.1204,0.1188,4.1171,-1.5,62992.72,66584.96,0.055,7,none
2026-08-11 01:31:22,2026-08-11 01:30:00,64048.0,64047.0,63952.0,0.1501,0.1485,4.1171,-1.5,62992.72,66584.96,0.059,7,none
2026-08-11 01:36:09,2026-08-11 01:35:00,64028.0,64027.0,63952.0,0.1188,0.1173,4.1171,-1.5,62992.72,66584.96,0.062,7,none
2026-08-11 01:41:22,2026-08-11 01:40:00,64005.0,64004.0,63952.0,0.0829,0.0813,4.1171,-1.5,62992.72,66584.96,0.066,7,none
2026-08-11 01:46:10,2026-08-11 01:45:00,63973.0,63972.0,63952.0,0.0328,0.0313,4.1171,-1.5,62992.72,66584.96,0.069,7,none
2026-08-11 01:51:07,2026-08-11 01:50:00,64043.0,64014.0,63952.0,0.1423,0.0969,4.1171,-1.5,62992.72,66584.96,0.073,7,none
2026-08-11 01:56:11,2026-08-11 01:55:00,64040.0,64039.0,63952.0,0.1376,0.136,4.1171,-1.5,62992.72,66584.96,0.076,7,none
2026-08-11 02:01:21,2026-08-11 02:00:00,64043.0,64039.0,63952.0,0.1423,0.136,4.1171,-1.5,62992.72,66584.96,0.08,7,none
2026-08-11 02:06:14,2026-08-11 02:05:00,64071.0,64070.0,63952.0,0.1861,0.1845,4.1171,-1.5,62992.72,66584.96,0.083,7,none
2026-08-11 02:11:15,2026-08-11 02:10:00,64064.0,64063.0,63952.0,0.1751,0.1736,4.1171,-1.5,62992.72,66584.96,0.087,7,none
2026-08-11 02:16:08,2026-08-11 02:15:00,64048.0,64030.0,63952.0,0.1501,0.122,4.1171,-1.5,62992.72,66584.96,0.09,7,none
2026-08-11 02:21:09,2026-08-11 02:20:00,64045.0,64044.0,63952.0,0.1454,0.1439,4.1171,-1.5,62992.72,66584.96,0.094,7,none
2026-08-11 02:26:03,2026-08-11 02:25:00,64040.0,64039.0,63952.0,0.1376,0.136,4.1171,-1.5,62992.72,66584.96,0.097,7,none
2026-08-11 02:31:12,2026-08-11 02:30:00,64036.0,64035.0,63952.0,0.1313,0.1298,4.1171,-1.5,62992.72,66584.96,0.101,7,none
2026-08-11 02:36:19,2026-08-11 02:35:00,64021.0,64020.0,63952.0,0.1079,0.1063,4.1171,-1.5,62992.72,66584.96,0.104,7,none
2026-08-11 02:41:10,2026-08-11 02:40:00,64021.0,64014.0,63952.0,0.1079,0.0969,4.1171,-1.5,62992.72,66584.96,0.108,7,none
2026-08-11 02:46:14,2026-08-11 02:45:00,64031.0,64024.0,63952.0,0.1235,0.1126,4.1171,-1.5,62992.72,66584.96,0.111,7,none
2026-08-11 02:51:15,2026-08-11 02:50:00,64018.0,64017.0,63952.0,0.1032,0.1016,4.1171,-1.5,62992.72,66584.96,0.115,7,none
2026-08-11 02:56:08,2026-08-11 02:55:00,64025.0,64024.0,63952.0,0.1141,0.1126,4.1171,-1.5,62992.72,66584.96,0.118,7,none
2026-08-11 02:58:50,2026-08-11 02:57:00,64026.0,64025.0,63952.0,0.1157,0.1141,4.1171,-1.5,62992.72,66584.96,0.12,7,none
2026-08-11 03:01:27,2026-08-11 03:00:00,64027.0,64025.0,63952.0,0.1173,0.1141,4.1171,-1.5,62992.72,66584.96,0.122,7,none
2026-08-11 03:06:05,2026-08-11 03:05:00,64048.0,64047.0,63952.0,0.1501,0.1485,4.1171,-1.5,62992.72,66584.96,0.125,7,none
2026-08-11 03:11:03,2026-08-11 03:10:00,64069.0,64068.0,63952.0,0.1829,0.1814,4.1171,-1.5,62992.72,66584.96,0.128,7,none
2026-08-11 03:16:25,2026-08-11 03:15:00,64092.0,64091.0,63952.0,0.2189,0.2174,4.1171,-1.5,62992.72,66584.96,0.132,7,none
2026-08-11 03:21:11,2026-08-11 03:20:00,64121.0,64119.0,63952.0,0.2643,0.2611,4.1171,-1.5,62992.72,66584.96,0.135,7,none
2026-08-11 03:26:04,2026-08-11 03:25:00,64141.0,64140.0,63952.0,0.2955,0.294,4.1171,-1.5,62992.72,66584.96,0.139,7,none
2026-08-11 03:31:19,2026-08-11 03:30:00,64119.0,64118.0,63952.0,0.2611,0.2596,4.1171,-1.5,62992.72,66584.96,0.142,7,none
2026-08-11 03:36:18,2026-08-11 03:35:00,64122.0,64121.0,63952.0,0.2658,0.2643,4.1171,-1.5,62992.72,66584.96,0.146,7,none
2026-08-11 03:41:11,2026-08-11 03:40:00,64138.0,64136.0,63952.0,0.2908,0.2877,4.1171,-1.5,62992.72,66584.96,0.149,7,none
2026-08-11 03:46:15,2026-08-11 03:45:00,64124.0,64123.0,63952.0,0.269,0.2674,4.1171,-1.5,62992.72,66584.96,0.153,7,none
2026-08-11 03:51:09,2026-08-11 03:50:00,64119.0,64118.0,63952.0,0.2611,0.2596,4.1171,-1.5,62992.72,66584.96,0.156,7,none
2026-08-11 03:56:15,2026-08-11 03:55:00,64109.0,64104.0,63952.0,0.2455,0.2377,4.1171,-1.5,62992.72,66584.96,0.16,7,none
2026-08-11 04:01:26,2026-08-11 04:00:00,64127.0,64126.0,63952.0,0.2736,0.2721,4.1171,-1.5,62992.72,66584.96,0.163,7,none
2026-08-11 04:06:13,2026-08-11 04:05:00,64125.0,64124.0,63952.0,0.2705,0.269,4.1171,-1.5,62992.72,66584.96,0.167,7,none
2026-08-11 04:11:17,2026-08-11 04:10:00,64121.0,64110.0,63952.0,0.2643,0.2471,4.1171,-1.5,62992.72,66584.96,0.17,7,none
2026-08-11 04:16:14,2026-08-11 04:15:00,64113.0,64112.0,63952.0,0.2518,0.2502,4.1171,-1.5,62992.72,66584.96,0.174,7,none
2026-08-11 04:17:21,2026-08-11 04:16:00,64113.0,64112.0,63952.0,0.2518,0.2502,4.1171,-1.5,62992.72,66584.96,0.174,7,none
2026-08-11 04:21:24,2026-08-11 04:20:00,64106.0,64105.0,63952.0,0.2408,0.2392,4.1171,-1.5,62992.72,66584.96,0.177,7,none
2026-08-11 04:26:10,2026-08-11 04:25:00,64099.0,64098.0,63952.0,0.2299,0.2283,4.1171,-1.5,62992.72,66584.96,0.181,7,none
2026-08-11 04:31:18,2026-08-11 04:30:00,64092.0,64091.0,63952.0,0.2189,0.2174,4.1171,-1.5,62992.72,66584.96,0.184,7,none
2026-08-11 04:36:08,2026-08-11 04:35:00,64080.0,64080.0,63952.0,0.2002,0.2002,4.1171,-1.5,62992.72,66584.96,0.187,7,none
2026-08-11 04:41:22,2026-08-11 04:40:00,64080.0,64080.0,63952.0,0.2002,0.2002,4.1171,-1.5,62992.72,66584.96,0.191,7,none
2026-08-11 04:46:09,2026-08-11 04:45:00,64080.0,64075.0,63952.0,0.2002,0.1923,4.1171,-1.5,62992.72,66584.96,0.194,7,none
2026-08-11 04:51:14,2026-08-11 04:50:00,64025.0,64025.0,63952.0,0.1141,0.1141,4.1171,-1.5,62992.72,66584.96,0.198,7,none
2026-08-11 04:56:09,2026-08-11 04:55:00,64022.0,64021.0,63952.0,0.1095,0.1079,4.1171,-1.5,62992.72,66584.96,0.201,7,none
2026-08-11 05:01:27,2026-08-11 05:00:00,63989.0,63988.0,63952.0,0.0579,0.0563,4.1171,-1.5,62992.72,66584.96,0.205,7,none
2026-08-11 05:06:17,2026-08-11 05:05:00,64033.0,64033.0,63952.0,0.1267,0.1267,4.1171,-1.5,62992.72,66584.96,0.208,7,none
2026-08-11 05:11:15,2026-08-11 05:10:00,64034.0,64033.0,63952.0,0.1282,0.1267,4.1171,-1.5,62992.72,66584.96,0.212,7,none
2026-08-11 05:16:11,2026-08-11 05:15:00,64033.0,64024.0,63952.0,0.1267,0.1126,4.1171,-1.5,62992.72,66584.96,0.215,7,none
2026-08-11 05:21:12,2026-08-11 05:20:00,63957.0,63957.0,63952.0,0.0078,0.0078,4.1171,-1.5,62992.72,66584.96,0.219,7,none
2026-08-11 05:26:03,2026-08-11 05:25:00,63955.0,63955.0,63952.0,0.0047,0.0047,4.1171,-1.5,62992.72,66584.96,0.222,7,none
2026-08-11 05:31:15,2026-08-11 05:30:00,63959.0,63955.0,63952.0,0.0109,0.0047,4.1171,-1.5,62992.72,66584.96,0.226,7,none
2026-08-11 05:36:13,2026-08-11 05:35:00,64022.0,63995.0,63952.0,0.1095,0.0672,4.1171,-1.5,62992.72,66584.96,0.229,7,none
2026-08-11 05:41:28,2026-08-11 05:40:00,64026.0,64026.0,63952.0,0.1157,0.1157,4.1171,-1.5,62992.72,66584.96,0.233,7,none
2026-08-11 05:45:58,2026-08-11 05:44:00,64027.0,64026.0,63952.0,0.1173,0.1157,4.1171,-1.5,62992.72,66584.96,0.236,7,none
2026-08-11 05:51:09,2026-08-11 05:50:00,64027.0,64027.0,63952.0,0.1173,0.1173,4.1171,-1.5,62992.72,66584.96,0.24,7,none
2026-08-11 05:56:02,2026-08-11 05:55:00,63996.0,63995.0,63952.0,0.0688,0.0672,4.1171,-1.5,62992.72,66584.96,0.243,7,none
2026-08-11 06:01:22,2026-08-11 06:00:00,63980.0,63979.0,63952.0,0.0438,0.0422,4.1171,-1.5,62992.72,66584.96,0.247,7,none
2026-08-11 06:06:06,2026-08-11 06:05:00,63982.0,63982.0,63952.0,0.0469,0.0469,4.1171,-1.5,62992.72,66584.96,0.25,7,none
2026-08-11 06:11:14,2026-08-11 06:10:00,64024.0,64021.0,63952.0,0.1126,0.1079,4.1171,-1.5,62992.72,66584.96,0.253,7,none
2026-08-11 06:16:14,2026-08-11 06:15:00,64014.0,64014.0,63952.0,0.0969,0.0969,4.1171,-1.5,62992.72,66584.96,0.257,7,none
2026-08-11 06:21:14,2026-08-11 06:20:00,63990.0,63990.0,63952.0,0.0594,0.0594,4.1171,-1.5,62992.72,66584.96,0.26,7,none
2026-08-11 06:26:05,2026-08-11 06:25:00,63960.0,63960.0,63952.0,0.0125,0.0125,4.1171,-1.5,62992.72,66584.96,0.264,7,none
2026-08-11 06:31:17,2026-08-11 06:30:00,63901.0,63900.0,63952.0,-0.0797,-0.0813,4.1171,-1.5,62992.72,66584.96,0.267,7,none
2026-08-11 06:36:08,2026-08-11 06:35:00,63900.0,63889.0,63952.0,-0.0813,-0.0985,4.1171,-1.5,62992.72,66584.96,0.271,7,none
2026-08-11 06:41:10,2026-08-11 06:40:00,63942.0,63942.0,63952.0,-0.0156,-0.0156,4.1171,-1.5,62992.72,66584.96,0.274,7,none
2026-08-11 06:44:46,2026-08-11 06:43:00,63922.0,63921.0,63952.0,-0.0469,-0.0485,4.1171,-1.5,62992.72,66584.96,0.277,7,none
2026-08-11 06:46:13,2026-08-11 06:45:00,63920.0,63919.0,63952.0,-0.05,-0.0516,4.1171,-1.5,62992.72,66584.96,0.278,7,none
2026-08-11 06:51:11,2026-08-11 06:50:00,63916.0,63915.0,63952.0,-0.0563,-0.0579,4.1171,-1.5,62992.72,66584.96,0.281,7,none
2026-08-11 06:56:11,2026-08-11 06:55:00,63880.0,63851.0,63952.0,-0.1126,-0.1579,4.1171,-1.5,62992.72,66584.96,0.285,7,none
2026-08-11 07:01:30,2026-08-11 07:00:00,63958.0,63953.0,63952.0,0.0094,0.0016,4.1171,-1.5,62992.72,66584.96,0.288,7,none
2026-08-11 07:06:12,2026-08-11 07:05:00,63994.0,63974.0,63952.0,0.0657,0.0344,4.1171,-1.5,62992.72,66584.96,0.292,7,none
2026-08-11 07:11:20,2026-08-11 07:10:00,63963.0,63963.0,63952.0,0.0172,0.0172,4.1171,-1.5,62992.72,66584.96,0.295,7,none
2026-08-11 07:16:14,2026-08-11 07:15:00,63937.0,63927.0,63952.0,-0.0235,-0.0391,4.1171,-1.5,62992.72,66584.96,0.299,7,none
2026-08-11 07:21:19,2026-08-11 07:20:00,63891.0,63891.0,63952.0,-0.0954,-0.0954,4.1171,-1.5,62992.72,66584.96,0.302,7,none
2026-08-11 07:26:03,2026-08-11 07:25:00,63909.0,63909.0,63952.0,-0.0672,-0.0672,4.1171,-1.5,62992.72,66584.96,0.305,7,none
2026-08-11 07:31:18,2026-08-11 07:30:00,63944.0,63894.0,63952.0,-0.0125,-0.0907,4.1171,-1.5,62992.72,66584.96,0.309,7,none
2026-08-11 07:36:13,2026-08-11 07:35:00,64016.0,63972.0,63952.0,0.1001,0.0313,4.1171,-1.5,62992.72,66584.96,0.313,7,none
2026-08-11 07:41:25,2026-08-11 07:40:00,64058.0,64053.0,63952.0,0.1657,0.1579,4.1171,-1.5,62992.72,66584.96,0.316,7,none
2026-08-11 07:46:10,2026-08-11 07:45:00,64068.0,64051.0,63952.0,0.1814,0.1548,4.1171,-1.5,62992.72,66584.96,0.319,7,none
2026-08-11 07:51:10,2026-08-11 07:50:00,64060.0,64059.0,63952.0,0.1689,0.1673,4.1171,-1.5,62992.72,66584.96,0.323,7,none
2026-08-11 07:56:14,2026-08-11 07:55:00,64042.0,64042.0,63952.0,0.1407,0.1407,4.1171,-1.5,62992.72,66584.96,0.326,7,none
2026-08-11 08:01:27,2026-08-11 08:00:00,64055.0,64045.0,63952.0,0.1611,0.1454,4.1171,-1.5,62992.72,66584.96,0.33,7,none
2026-08-11 08:06:11,2026-08-11 08:05:00,64072.0,64072.0,63952.0,0.1876,0.1876,4.1171,-1.5,62992.72,66584.96,0.333,7,none
2026-08-11 08:11:14,2026-08-11 08:10:00,64059.0,64059.0,63952.0,0.1673,0.1673,4.1171,-1.5,62992.72,66584.96,0.337,7,none
2026-08-11 08:16:11,2026-08-11 08:15:00,64045.0,64030.0,63952.0,0.1454,0.122,4.1171,-1.5,62992.72,66584.96,0.34,7,none
2026-08-11 08:21:12,2026-08-11 08:20:00,64032.0,64032.0,63952.0,0.1251,0.1251,4.1171,-1.5,62992.72,66584.96,0.344,7,none
2026-08-11 08:26:06,2026-08-11 08:25:00,64063.0,64049.0,63952.0,0.1736,0.1517,4.1171,-1.5,62992.72,66584.96,0.347,7,none
2026-08-11 08:31:16,2026-08-11 08:30:00,64036.0,64034.0,63952.0,0.1313,0.1282,4.1171,-1.5,62992.72,66584.96,0.351,7,none
2026-08-11 08:36:06,2026-08-11 08:35:00,64037.0,64037.0,63952.0,0.1329,0.1329,4.1171,-1.5,62992.72,66584.96,0.354,7,none
2026-08-11 08:41:28,2026-08-11 08:40:00,64075.0,64053.0,63952.0,0.1923,0.1579,4.1171,-1.5,62992.72,66584.96,0.358,7,none
2026-08-11 08:46:11,2026-08-11 08:45:00,64092.0,64092.0,63952.0,0.2189,0.2189,4.1171,-1.5,62992.72,66584.96,0.361,7,none
2026-08-11 08:51:11,2026-08-11 08:50:00,64079.0,64063.0,63952.0,0.1986,0.1736,4.1171,-1.5,62992.72,66584.96,0.365,7,none
2026-08-11 08:56:06,2026-08-11 08:55:00,64122.0,64122.0,63952.0,0.2658,0.2658,4.1171,-1.5,62992.72,66584.96,0.368,7,none
2026-08-11 09:01:24,2026-08-11 09:00:00,64110.0,64109.0,63952.0,0.2471,0.2455,4.1171,-1.5,62992.72,66584.96,0.372,7,none
2026-08-11 09:06:05,2026-08-11 09:05:00,64127.0,64115.0,63952.0,0.2736,0.2549,4.1171,-1.5,62992.72,66584.96,0.375,7,none
2026-08-11 09:11:11,2026-08-11 09:10:00,64113.0,64113.0,63952.0,0.2518,0.2518,4.1171,-1.5,62992.72,66584.96,0.378,7,none
2026-08-11 09:16:12,2026-08-11 09:15:00,64109.0,64109.0,63952.0,0.2455,0.2455,4.1171,-1.5,62992.72,66584.96,0.382,7,none
2026-08-11 09:21:10,2026-08-11 09:20:00,64155.0,64147.0,63952.0,0.3174,0.3049,4.1171,-1.5,62992.72,66584.96,0.385,7,none
2026-08-11 09:26:07,2026-08-11 09:25:00,64164.0,64164.0,63952.0,0.3315,0.3315,4.1171,-1.5,62992.72,66584.96,0.389,7,none
2026-08-11 09:31:25,2026-08-11 09:30:00,64195.0,64167.0,63952.0,0.38,0.3362,4.1171,-1.5,62992.72,66584.96,0.393,7,none
2026-08-11 09:36:12,2026-08-11 09:35:00,64165.0,64165.0,63952.0,0.3331,0.3331,4.1171,-1.5,62992.72,66584.96,0.396,7,none
2026-08-11 09:41:07,2026-08-11 09:40:00,64165.0,64165.0,63952.0,0.3331,0.3331,4.1171,-1.5,62992.72,66584.96,0.399,7,none
2026-08-11 09:46:22,2026-08-11 09:45:00,64230.0,64230.0,63952.0,0.4347,0.4347,4.1171,-1.5,62992.72,66584.96,0.403,7,none
2026-08-11 09:49:20,2026-08-11 09:48:00,64244.0,64241.0,63952.0,0.4566,0.4519,4.1171,-1.5,62992.72,66584.96,0.405,7,none
2026-08-11 09:51:20,2026-08-11 09:50:00,64243.0,64243.0,63952.0,0.455,0.455,4.1171,-1.5,62992.72,66584.96,0.406,7,none
2026-08-11 09:56:14,2026-08-11 09:55:00,64235.0,64224.0,63952.0,0.4425,0.4253,4.1171,-1.5,62992.72,66584.96,0.41,7,none
2026-08-11 10:01:25,2026-08-11 10:00:00,64253.0,64252.0,63952.0,0.4707,0.4691,4.1171,-1.5,62992.72,66584.96,0.413,7,none
2026-08-11 10:06:07,2026-08-11 10:05:00,64286.0,64274.0,63952.0,0.5223,0.5035,4.1171,-1.5,62992.72,66584.96,0.417,7,none
2026-08-11 10:11:13,2026-08-11 10:10:00,64250.0,64246.0,63952.0,0.466,0.4597,4.1171,-1.5,62992.72,66584.96,0.42,7,none
2026-08-11 10:16:15,2026-08-11 10:15:00,64204.0,64204.0,63952.0,0.394,0.394,4.1171,-1.5,62992.72,66584.96,0.424,7,none
2026-08-11 10:21:18,2026-08-11 10:20:00,64199.0,64199.0,63952.0,0.3862,0.3862,4.1171,-1.5,62992.72,66584.96,0.427,7,none
2026-08-11 10:26:07,2026-08-11 10:25:00,64233.0,64203.0,63952.0,0.4394,0.3925,4.1171,-1.5,62992.72,66584.96,0.43,7,none
2026-08-11 10:31:19,2026-08-11 10:30:00,64270.0,64270.0,63952.0,0.4972,0.4972,4.1171,-1.5,62992.72,66584.96,0.434,7,none
2026-08-11 10:36:07,2026-08-11 10:35:00,64223.0,64223.0,63952.0,0.4238,0.4238,4.1171,-1.5,62992.72,66584.96,0.437,7,none
2026-08-11 10:41:03,2026-08-11 10:40:00,64250.0,64249.0,63952.0,0.466,0.4644,4.1171,-1.5,62992.72,66584.96,0.441,7,none
2026-08-11 10:46:15,2026-08-11 10:45:00,64247.0,64247.0,63952.0,0.4613,0.4613,4.1171,-1.5,62992.72,66584.96,0.444,7,none
2026-08-11 10:51:18,2026-08-11 10:50:00,64223.0,64216.0,63952.0,0.4238,0.4128,4.1171,-1.5,62992.72,66584.96,0.448,7,none
2026-08-11 10:56:06,2026-08-11 10:55:00,64199.0,64199.0,63952.0,0.3862,0.3862,4.1171,-1.5,62992.72,66584.96,0.451,7,none
2026-08-11 11:01:48,2026-08-11 11:00:00,64241.0,64206.0,63952.0,0.4519,0.3972,4.1171,-1.5,62992.72,66584.96,0.455,7,none
2026-08-11 11:06:11,2026-08-11 11:05:00,64341.0,64340.0,63952.0,0.6083,0.6067,4.1171,-1.5,62992.72,66584.96,0.458,7,none
2026-08-11 11:11:25,2026-08-11 11:10:00,64359.0,64291.0,63952.0,0.6364,0.5301,4.1171,-1.5,62992.72,66584.96,0.462,7,none
2026-08-11 11:16:14,2026-08-11 11:15:00,64325.0,64324.0,63952.0,0.5832,0.5817,4.1171,-1.5,62992.72,66584.96,0.465,7,none
2026-08-11 11:21:19,2026-08-11 11:20:00,64305.0,64305.0,63952.0,0.552,0.552,4.1171,-1.5,62992.72,66584.96,0.469,7,none
2026-08-11 11:26:10,2026-08-11 11:25:00,64300.0,64299.0,63952.0,0.5442,0.5426,4.1171,-1.5,62992.72,66584.96,0.472,7,none
2026-08-11 11:31:12,2026-08-11 11:30:00,64313.0,64312.0,63952.0,0.5645,0.5629,4.1171,-1.5,62992.72,66584.96,0.476,7,none
2026-08-11 11:36:04,2026-08-11 11:35:00,64311.0,64311.0,63952.0,0.5614,0.5614,4.1171,-1.5,62992.72,66584.96,0.479,7,none
2026-08-11 11:41:12,2026-08-11 11:40:00,64321.0,64309.0,63952.0,0.577,0.5582,4.1171,-1.5,62992.72,66584.96,0.483,7,none
2026-08-11 11:46:08,2026-08-11 11:45:00,64316.0,64314.0,63952.0,0.5692,0.566,4.1171,-1.5,62992.72,66584.96,0.486,7,none
2026-08-11 11:51:10,2026-08-11 11:50:00,64328.0,64316.0,63952.0,0.5879,0.5692,4.1171,-1.5,62992.72,66584.96,0.49,7,none
2026-08-11 11:56:09,2026-08-11 11:55:00,64371.0,64353.0,63952.0,0.6552,0.627,4.1171,-1.5,62992.72,66584.96,0.493,7,none
2026-08-11 12:01:27,2026-08-11 12:00:00,64371.0,64359.0,63952.0,0.6552,0.6364,4.1171,-1.5,62992.72,66584.96,0.497,7,none
2026-08-11 12:06:14,2026-08-11 12:05:00,64399.0,64380.0,63952.0,0.699,0.6693,4.1171,-1.5,62992.72,66584.96,0.5,7,none
2026-08-11 12:11:10,2026-08-11 12:10:00,64426.0,64425.0,63952.0,0.7412,0.7396,4.1171,-1.5,62992.72,66584.96,0.503,7,none
2026-08-11 12:16:09,2026-08-11 12:15:00,64419.0,64399.0,63952.0,0.7302,0.699,4.1171,-1.5,62992.72,66584.96,0.507,7,none
2026-08-11 12:21:16,2026-08-11 12:20:00,64349.0,64349.0,63952.0,0.6208,0.6208,4.1171,-1.5,62992.72,66584.96,0.51,7,none
2026-08-11 12:26:11,2026-08-11 12:25:00,64276.0,64275.0,63952.0,0.5066,0.5051,4.1171,-1.5,62992.72,66584.96,0.514,7,none
2026-08-11 12:31:26,2026-08-11 12:30:00,64292.0,64289.0,63952.0,0.5316,0.527,4.1171,-1.5,62992.72,66584.96,0.518,7,none
2026-08-11 12:36:07,2026-08-11 12:35:00,64328.0,64328.0,63952.0,0.5879,0.5879,4.1171,-1.5,62992.72,66584.96,0.521,7,none
2026-08-11 12:38:31,2026-08-11 12:37:00,64332.0,64319.0,63952.0,0.5942,0.5739,4.1171,-1.5,62992.72,66584.96,0.522,7,none
2026-08-11 12:41:17,2026-08-11 12:40:00,64317.0,64317.0,63952.0,0.5707,0.5707,4.1171,-1.5,62992.72,66584.96,0.524,7,none
2026-08-11 12:46:16,2026-08-11 12:45:00,64297.0,64297.0,63952.0,0.5395,0.5395,4.1171,-1.5,62992.72,66584.96,0.528,7,none
2026-08-11 12:51:10,2026-08-11 12:50:00,64299.0,64295.0,63952.0,0.5426,0.5363,4.1171,-1.5,62992.72,66584.96,0.531,7,none
2026-08-11 12:56:14,2026-08-11 12:55:00,64299.0,64298.0,63952.0,0.5426,0.541,4.1171,-1.5,62992.72,66584.96,0.535,7,none
2026-08-11 13:01:30,2026-08-11 13:00:00,64299.0,64298.0,63952.0,0.5426,0.541,4.1171,-1.5,62992.72,66584.96,0.538,7,none
2026-08-11 13:06:14,2026-08-11 13:05:00,64258.0,64253.0,63952.0,0.4785,0.4707,4.1171,-1.5,62992.72,66584.96,0.542,7,none
2026-08-11 13:11:14,2026-08-11 13:10:00,64343.0,64336.0,63952.0,0.6114,0.6005,4.1171,-1.5,62992.72,66584.96,0.545,7,none
2026-08-11 13:16:18,2026-08-11 13:15:00,64271.0,64271.0,63952.0,0.4988,0.4988,4.1171,-1.5,62992.72,66584.96,0.549,7,none
2026-08-11 13:21:10,2026-08-11 13:20:00,64226.0,64226.0,63952.0,0.4284,0.4284,4.1171,-1.5,62992.72,66584.96,0.552,7,none
2026-08-11 13:26:15,2026-08-11 13:25:00,64172.0,64165.0,63952.0,0.344,0.3331,4.1171,-1.5,62992.72,66584.96,0.556,7,none
2026-08-11 13:31:33,2026-08-11 13:30:00,64185.0,64164.0,63952.0,0.3643,0.3315,4.1171,-1.5,62992.72,66584.96,0.559,7,none
2026-08-11 13:36:17,2026-08-11 13:35:00,64072.0,64060.0,63952.0,0.1876,0.1689,4.1171,-1.5,62992.72,66584.96,0.563,7,none
2026-08-11 13:41:21,2026-08-11 13:40:00,64159.0,64080.0,63952.0,0.3237,0.2002,4.1171,-1.5,62992.72,66584.96,0.566,7,none
2026-08-11 13:46:13,2026-08-11 13:45:00,64116.0,64116.0,63952.0,0.2564,0.2564,4.1171,-1.5,62992.72,66584.96,0.569,7,none
2026-08-11 13:51:14,2026-08-11 13:50:00,64091.0,64091.0,63952.0,0.2174,0.2174,4.1171,-1.5,62992.72,66584.96,0.573,7,none
2026-08-11 13:56:15,2026-08-11 13:55:00,64099.0,64075.0,63952.0,0.2299,0.1923,4.1171,-1.5,62992.72,66584.96,0.576,7,none
2026-08-11 14:01:26,2026-08-11 14:00:00,64168.0,64128.0,63952.0,0.3378,0.2752,4.1171,-1.5,62992.72,66584.96,0.58,7,none
2026-08-11 14:06:16,2026-08-11 14:05:00,64181.0,64178.0,63952.0,0.3581,0.3534,4.1171,-1.5,62992.72,66584.96,0.583,7,none
2026-08-11 14:11:19,2026-08-11 14:10:00,64182.0,64160.0,63952.0,0.3596,0.3252,4.1171,-1.5,62992.72,66584.96,0.587,7,none
2026-08-11 14:16:10,2026-08-11 14:15:00,64223.0,64205.0,63952.0,0.4238,0.3956,4.1171,-1.5,62992.72,66584.96,0.59,7,none
2026-08-11 14:21:21,2026-08-11 14:20:00,64140.0,64127.0,63952.0,0.294,0.2736,4.1171,-1.5,62992.72,66584.96,0.594,7,none
2026-08-11 14:26:08,2026-08-11 14:25:00,63990.0,63897.0,63952.0,0.0594,-0.086,4.1171,-1.5,62992.72,66584.96,0.597,7,none
2026-08-11 14:31:21,2026-08-11 14:30:00,63942.0,63942.0,63952.0,-0.0156,-0.0156,4.1171,-1.5,62992.72,66584.96,0.601,7,none
2026-08-11 14:36:14,2026-08-11 14:35:00,64043.0,64006.0,63952.0,0.1423,0.0844,4.1171,-1.5,62992.72,66584.96,0.604,7,none
2026-08-11 14:41:18,2026-08-11 14:40:00,63915.0,63875.0,63952.0,-0.0579,-0.1204,4.1171,-1.5,62992.72,66584.96,0.608,7,none
2026-08-11 14:46:23,2026-08-11 14:45:00,63957.0,63929.0,63952.0,0.0078,-0.036,4.1171,-1.5,62992.72,66584.96,0.611,7,none
2026-08-11 14:51:22,2026-08-11 14:50:00,63840.0,63825.0,63952.0,-0.1751,-0.1986,4.1171,-1.5,62992.72,66584.96,0.615,7,none
2026-08-11 14:56:06,2026-08-11 14:55:00,63725.0,63725.0,63952.0,-0.355,-0.355,4.1171,-1.5,62992.72,66584.96,0.618,7,none
2026-08-11 15:01:27,2026-08-11 15:00:00,63756.0,63725.0,63952.0,-0.3065,-0.355,4.1171,-1.5,62992.72,66584.96,0.622,7,none
2026-08-11 15:06:11,2026-08-11 15:05:00,63816.0,63805.0,63952.0,-0.2127,-0.2299,4.1171,-1.5,62992.72,66584.96,0.625,7,none
2026-08-11 15:11:13,2026-08-11 15:10:00,63756.0,63755.0,63952.0,-0.3065,-0.308,4.1171,-1.5,62992.72,66584.96,0.628,7,none
2026-08-11 15:16:28,2026-08-11 15:15:00,63744.0,63722.0,63952.0,-0.3252,-0.3596,4.1171,-1.5,62992.72,66584.96,0.632,7,none
2026-08-11 15:21:23,2026-08-11 15:20:00,63751.0,63712.0,63952.0,-0.3143,-0.3753,4.1171,-1.5,62992.72,66584.96,0.636,7,none
2026-08-11 15:26:21,2026-08-11 15:25:00,63800.0,63764.0,63952.0,-0.2377,-0.294,4.1171,-1.5,62992.72,66584.96,0.639,7,none
2026-08-11 15:31:27,2026-08-11 15:30:00,63809.0,63809.0,63952.0,-0.2236,-0.2236,4.1171,-1.5,62992.72,66584.96,0.643,7,none
2026-08-11 15:36:13,2026-08-11 15:35:00,63675.0,63656.0,63952.0,-0.4331,-0.4628,4.1171,-1.5,62992.72,66584.96,0.646,7,none
2026-08-11 15:41:14,2026-08-11 15:40:00,63490.0,63489.0,63952.0,-0.7224,-0.724,4.1171,-1.5,62992.72,66584.96,0.649,7,none
2026-08-11 15:46:12,2026-08-11 15:45:00,63535.0,63510.0,63952.0,-0.6521,-0.6911,4.1171,-1.5,62992.72,66584.96,0.653,7,none
2026-08-11 15:48:29,2026-08-11 15:47:00,63552.0,63551.0,63952.0,-0.6255,-0.627,4.1171,-1.5,62992.72,66584.96,0.654,7,none
2026-08-11 15:51:17,2026-08-11 15:50:00,63546.0,63508.0,63952.0,-0.6349,-0.6943,4.1171,-1.5,62992.72,66584.96,0.656,7,none
2026-08-11 15:56:04,2026-08-11 15:55:00,63491.0,63452.0,63952.0,-0.7209,-0.7818,4.1171,-1.5,62992.72,66584.96,0.66,7,none
2026-08-11 16:01:30,2026-08-11 16:00:00,63535.0,63499.0,63952.0,-0.6521,-0.7083,4.1171,-1.5,62992.72,66584.96,0.663,7,none
2026-08-11 16:06:15,2026-08-11 16:05:00,63610.0,63573.0,63952.0,-0.5348,-0.5926,4.1171,-1.5,62992.72,66584.96,0.667,7,none
2026-08-11 16:11:14,2026-08-11 16:10:00,63618.0,63597.0,63952.0,-0.5223,-0.5551,4.1171,-1.5,62992.72,66584.96,0.67,7,none
2026-08-11 16:16:12,2026-08-11 16:15:00,63560.0,63550.0,63952.0,-0.613,-0.6286,4.1171,-1.5,62992.72,66584.96,0.674,7,none
2026-08-11 16:21:13,2026-08-11 16:20:00,63609.0,63609.0,63952.0,-0.5363,-0.5363,4.1171,-1.5,62992.72,66584.96,0.677,7,none
2026-08-11 16:26:15,2026-08-11 16:25:00,63606.0,63597.0,63952.0,-0.541,-0.5551,4.1171,-1.5,62992.72,66584.96,0.681,7,none
2026-08-11 16:31:20,2026-08-11 16:30:00,63574.0,63546.0,63952.0,-0.5911,-0.6349,4.1171,-1.5,62992.72,66584.96,0.684,7,none
2026-08-11 16:36:11,2026-08-11 16:35:00,63493.0,63492.0,63952.0,-0.7177,-0.7193,4.1171,-1.5,62992.72,66584.96,0.687,7,none
2026-08-11 16:41:09,2026-08-11 16:40:00,63509.0,63501.0,63952.0,-0.6927,-0.7052,4.1171,-1.5,62992.72,66584.96,0.691,7,none
2026-08-11 16:45:12,2026-08-11 16:44:00,63465.0,63465.0,63952.0,-0.7615,-0.7615,4.1171,-1.5,62992.72,66584.96,0.694,7,none
2026-08-11 16:46:17,2026-08-11 16:45:00,63450.0,63443.0,63952.0,-0.785,-0.7959,4.1171,-1.5,62992.72,66584.96,0.695,7,none
2026-08-11 16:51:22,2026-08-11 16:50:00,63514.0,63501.0,63952.0,-0.6849,-0.7052,4.1171,-1.5,62992.72,66584.96,0.698,7,none
2026-08-11 16:56:04,2026-08-11 16:55:00,63487.0,63486.0,63952.0,-0.7271,-0.7287,4.1171,-1.5,62992.72,66584.96,0.701,7,none
2026-08-11 17:01:38,2026-08-11 17:00:00,63510.0,63476.0,63952.0,-0.6911,-0.7443,4.1171,-1.5,62992.72,66584.96,0.705,7,none
2026-08-11 17:06:18,2026-08-11 17:05:00,63460.0,63452.0,63952.0,-0.7693,-0.7818,4.1171,-1.5,62992.72,66584.96,0.708,7,none
2026-08-11 17:11:19,2026-08-11 17:10:00,63445.0,63433.0,63952.0,-0.7928,-0.8115,4.1171,-1.5,62992.72,66584.96,0.712,7,none
2026-08-11 17:16:15,2026-08-11 17:15:00,63484.0,63483.0,63952.0,-0.7318,-0.7334,4.1171,-1.5,62992.72,66584.96,0.715,7,none
2026-08-11 17:21:17,2026-08-11 17:20:00,63489.0,63489.0,63952.0,-0.724,-0.724,4.1171,-1.5,62992.72,66584.96,0.719,7,none
2026-08-11 17:26:03,2026-08-11 17:25:00,63567.0,63534.0,63952.0,-0.602,-0.6536,4.1171,-1.5,62992.72,66584.96,0.722,7,none
2026-08-11 17:31:27,2026-08-11 17:30:00,63541.0,63541.0,63952.0,-0.6427,-0.6427,4.1171,-1.5,62992.72,66584.96,0.726,7,none
2026-08-11 17:36:05,2026-08-11 17:35:00,63542.0,63519.0,63952.0,-0.6411,-0.6771,4.1171,-1.5,62992.72,66584.96,0.729,7,none
2026-08-11 17:41:18,2026-08-11 17:40:00,63506.0,63506.0,63952.0,-0.6974,-0.6974,4.1171,-1.5,62992.72,66584.96,0.733,7,none
2026-08-11 17:46:10,2026-08-11 17:45:00,63547.0,63521.0,63952.0,-0.6333,-0.6739,4.1171,-1.5,62992.72,66584.96,0.736,7,none
2026-08-11 17:47:42,2026-08-11 17:46:00,63561.0,63539.0,63952.0,-0.6114,-0.6458,4.1171,-1.5,62992.72,66584.96,0.737,7,none
2026-08-11 17:51:13,2026-08-11 17:50:00,63536.0,63517.0,63952.0,-0.6505,-0.6802,4.1171,-1.5,62992.72,66584.96,0.74,7,none
2026-08-11 17:56:07,2026-08-11 17:55:00,63610.0,63573.0,63952.0,-0.5348,-0.5926,4.1171,-1.5,62992.72,66584.96,0.743,7,none
2026-08-11 18:01:30,2026-08-11 18:00:00,63586.0,63570.0,63952.0,-0.5723,-0.5973,4.1171,-1.5,62992.72,66584.96,0.747,7,none
2026-08-11 18:06:10,2026-08-11 18:05:00,63572.0,63564.0,63952.0,-0.5942,-0.6067,4.1171,-1.5,62992.72,66584.96,0.75,7,none
2026-08-11 18:11:12,2026-08-11 18:10:00,63528.0,63524.0,63952.0,-0.663,-0.6693,4.1171,-1.5,62992.72,66584.96,0.753,7,none
2026-08-11 18:16:16,2026-08-11 18:15:00,63563.0,63549.0,63952.0,-0.6083,-0.6302,4.1171,-1.5,62992.72,66584.96,0.757,7,none
2026-08-11 18:21:14,2026-08-11 18:20:00,63570.0,63569.0,63952.0,-0.5973,-0.5989,4.1171,-1.5,62992.72,66584.96,0.76,7,none
2026-08-11 18:26:13,2026-08-11 18:25:00,63549.0,63548.0,63952.0,-0.6302,-0.6317,4.1171,-1.5,62992.72,66584.96,0.764,7,none
2026-08-11 18:31:18,2026-08-11 18:30:00,63457.0,63448.0,63952.0,-0.774,-0.7881,4.1171,-1.5,62992.72,66584.96,0.767,7,none
2026-08-11 18:36:04,2026-08-11 18:35:00,63392.0,63392.0,63952.0,-0.8757,-0.8757,4.1171,-1.5,62992.72,66584.96,0.771,7,none
2026-08-11 18:41:09,2026-08-11 18:40:00,63234.0,63229.0,63952.0,-1.1227,-1.1305,4.1171,-1.5,62992.72,66584.96,0.774,7,none
2026-08-11 18:44:50,2026-08-11 18:43:00,63289.0,63268.0,63952.0,-1.0367,-1.0696,4.1171,-1.5,62992.72,66584.96,0.777,7,none
2026-08-11 18:46:10,2026-08-11 18:45:00,63287.0,63278.0,63952.0,-1.0398,-1.0539,4.1171,-1.5,62992.72,66584.96,0.778,7,none
2026-08-11 18:51:07,2026-08-11 18:50:00,63330.0,63308.0,63952.0,-0.9726,-1.007,4.1171,-1.5,62992.72,66584.96,0.781,7,none
2026-08-11 18:56:07,2026-08-11 18:55:00,63307.0,63304.0,63952.0,-1.0086,-1.0133,4.1171,-1.5,62992.72,66584.96,0.785,7,none
2026-08-11 19:01:25,2026-08-11 19:00:00,63328.0,63318.0,63952.0,-0.9757,-0.9914,4.1171,-1.5,62992.72,66584.96,0.788,7,none
2026-08-11 19:06:07,2026-08-11 19:05:00,63300.0,63300.0,63952.0,-1.0195,-1.0195,4.1171,-1.5,62992.72,66584.96,0.792,7,none
2026-08-11 19:11:17,2026-08-11 19:10:00,63241.0,63225.0,63952.0,-1.1118,-1.1368,4.1171,-1.5,62992.72,66584.96,0.795,7,none
2026-08-11 19:16:16,2026-08-11 19:15:00,63247.0,63217.0,63952.0,-1.1024,-1.1493,4.1171,-1.5,62992.72,66584.96,0.799,7,none
2026-08-11 19:21:18,2026-08-11 19:20:00,63311.0,63300.0,63952.0,-1.0023,-1.0195,4.1171,-1.5,62992.72,66584.96,0.802,7,none
2026-08-11 19:26:05,2026-08-11 19:25:00,63334.0,63299.0,63952.0,-0.9663,-1.0211,4.1171,-1.5,62992.72,66584.96,0.805,7,none
2026-08-11 19:31:22,2026-08-11 19:30:00,63360.0,63328.0,63952.0,-0.9257,-0.9757,4.1171,-1.5,62992.72,66584.96,0.809,7,none
2026-08-11 19:36:17,2026-08-11 19:35:00,63337.0,63337.0,63952.0,-0.9617,-0.9617,4.1171,-1.5,62992.72,66584.96,0.813,7,none
2026-08-11 19:41:17,2026-08-11 19:40:00,63379.0,63378.0,63952.0,-0.896,-0.8975,4.1171,-1.5,62992.72,66584.96,0.816,7,none
2026-08-11 19:46:11,2026-08-11 19:45:00,63426.0,63408.0,63952.0,-0.8225,-0.8506,4.1171,-1.5,62992.72,66584.96,0.819,7,none
2026-08-11 19:51:15,2026-08-11 19:50:00,63375.0,63355.0,63952.0,-0.9022,-0.9335,4.1171,-1.5,62992.72,66584.96,0.823,7,none
2026-08-11 19:53:49,2026-08-11 19:52:00,63405.0,63391.0,63952.0,-0.8553,-0.8772,4.1171,-1.5,62992.72,66584.96,0.825,7,none
2026-08-11 19:56:09,2026-08-11 19:55:00,63450.0,63444.0,63952.0,-0.785,-0.7943,4.1171,-1.5,62992.72,66584.96,0.826,7,none
2026-08-11 20:01:30,2026-08-11 20:00:00,63586.0,63507.0,63952.0,-0.5723,-0.6958,4.1171,-1.5,62992.72,66584.96,0.83,7,none
2026-08-11 20:06:30,2026-08-11 20:05:00,63648.0,63600.0,63952.0,-0.4754,-0.5504,4.1171,-1.5,62992.72,66584.96,0.834,7,none
2026-08-11 20:11:20,2026-08-11 20:10:00,63655.0,63650.0,63952.0,-0.4644,-0.4722,4.1171,-1.5,62992.72,66584.96,0.837,7,none
2026-08-11 20:16:28,2026-08-11 20:15:00,63632.0,63630.0,63952.0,-0.5004,-0.5035,4.1171,-1.5,62992.72,66584.96,0.84,7,none
2026-08-11 20:21:25,2026-08-11 20:20:00,63614.0,63587.0,63952.0,-0.5285,-0.5707,4.1171,-1.5,62992.72,66584.96,0.844,7,none
2026-08-11 20:26:07,2026-08-11 20:25:00,63594.0,63593.0,63952.0,-0.5598,-0.5614,4.1171,-1.5,62992.72,66584.96,0.847,7,none
2026-08-11 20:31:18,2026-08-11 20:30:00,63670.0,63643.0,63952.0,-0.441,-0.4832,4.1171,-1.5,62992.72,66584.96,0.851,7,none
2026-08-11 20:33:07,2026-08-11 20:32:00,63692.0,63683.0,63952.0,-0.4066,-0.4206,4.1171,-1.5,62992.72,66584.96,0.852,7,none
2026-08-11 20:36:06,2026-08-11 20:35:00,63647.0,63647.0,63952.0,-0.4769,-0.4769,4.1171,-1.5,62992.72,66584.96,0.854,7,none
2026-08-11 20:41:17,2026-08-11 20:40:00,63683.0,63661.0,63952.0,-0.4206,-0.455,4.1171,-1.5,62992.72,66584.96,0.858,7,none
2026-08-11 20:46:18,2026-08-11 20:45:00,63652.0,63642.0,63952.0,-0.4691,-0.4847,4.1171,-1.5,62992.72,66584.96,0.861,7,none
2026-08-11 20:51:10,2026-08-11 20:50:00,63674.0,63665.0,63952.0,-0.4347,-0.4488,4.1171,-1.5,62992.72,66584.96,0.865,7,none
2026-08-11 20:56:14,2026-08-11 20:55:00,63711.0,63683.0,63952.0,-0.3768,-0.4206,4.1171,-1.5,62992.72,66584.96,0.868,7,none
2026-08-11 21:01:26,2026-08-11 21:00:00,63707.0,63707.0,63952.0,-0.3831,-0.3831,4.1171,-1.5,62992.72,66584.96,0.872,7,none
2026-08-11 21:06:05,2026-08-11 21:05:00,63715.0,63710.0,63952.0,-0.3706,-0.3784,4.1171,-1.5,62992.72,66584.96,0.875,7,none
2026-08-11 21:11:24,2026-08-11 21:10:00,63708.0,63707.0,63952.0,-0.3815,-0.3831,4.1171,-1.5,62992.72,66584.96,0.879,7,none
2026-08-11 21:16:14,2026-08-11 21:15:00,63701.0,63700.0,63952.0,-0.3925,-0.394,4.1171,-1.5,62992.72,66584.96,0.882,7,none
2026-08-11 21:21:08,2026-08-11 21:20:00,63647.0,63647.0,63952.0,-0.4769,-0.4769,4.1171,-1.5,62992.72,66584.96,0.885,7,none
2026-08-11 21:26:05,2026-08-11 21:25:00,63653.0,63635.0,63952.0,-0.4675,-0.4957,4.1171,-1.5,62992.72,66584.96,0.889,7,none
2026-08-11 21:31:19,2026-08-11 21:30:00,63643.0,63643.0,63952.0,-0.4832,-0.4832,4.1171,-1.5,62992.72,66584.96,0.892,7,none
2026-08-11 21:34:45,2026-08-11 21:33:00,63600.0,63600.0,63952.0,-0.5504,-0.5504,4.1171,-1.5,62992.72,66584.96,0.895,7,none
2026-08-11 21:36:13,2026-08-11 21:35:00,63586.0,63586.0,63952.0,-0.5723,-0.5723,4.1171,-1.5,62992.72,66584.96,0.896,7,none
2026-08-11 21:41:15,2026-08-11 21:40:00,63622.0,63610.0,63952.0,-0.516,-0.5348,4.1171,-1.5,62992.72,66584.96,0.899,7,none
2026-08-11 21:46:11,2026-08-11 21:45:00,63632.0,63631.0,63952.0,-0.5004,-0.5019,4.1171,-1.5,62992.72,66584.96,0.903,7,none
2026-08-11 21:51:21,2026-08-11 21:50:00,63615.0,63614.0,63952.0,-0.527,-0.5285,4.1171,-1.5,62992.72,66584.96,0.906,7,none
2026-08-11 21:56:17,2026-08-11 21:55:00,63628.0,63628.0,63952.0,-0.5066,-0.5066,4.1171,-1.5,62992.72,66584.96,0.91,7,none
2026-08-11 22:01:36,2026-08-11 22:00:00,63720.0,63635.0,63952.0,-0.3628,-0.4957,4.1171,-1.5,62992.72,66584.96,0.913,7,none
2026-08-11 22:06:06,2026-08-11 22:05:00,63701.0,63691.0,63952.0,-0.3925,-0.4081,4.1171,-1.5,62992.72,66584.96,0.917,7,none
2026-08-11 22:11:10,2026-08-11 22:10:00,63690.0,63680.0,63952.0,-0.4097,-0.4253,4.1171,-1.5,62992.72,66584.96,0.92,7,none
2026-08-11 22:16:33,2026-08-11 22:15:00,63706.0,63705.0,63952.0,-0.3847,-0.3862,4.1171,-1.5,62992.72,66584.96,0.924,7,none
2026-08-11 22:21:17,2026-08-11 22:20:00,63705.0,63686.0,63952.0,-0.3862,-0.4159,4.1171,-1.5,62992.72,66584.96,0.927,7,none
2026-08-11 22:26:10,2026-08-11 22:25:00,63675.0,63675.0,63952.0,-0.4331,-0.4331,4.1171,-1.5,62992.72,66584.96,0.931,7,none
2026-08-11 22:30:52,2026-08-11 22:29:00,63691.0,63678.0,63952.0,-0.4081,-0.4284,4.1171,-1.5,62992.72,66584.96,0.934,7,none
2026-08-11 22:36:06,2026-08-11 22:35:00,63691.0,63690.0,63952.0,-0.4081,-0.4097,4.1171,-1.5,62992.72,66584.96,0.937,7,none
2026-08-11 22:41:18,2026-08-11 22:40:00,63655.0,63653.0,63952.0,-0.4644,-0.4675,4.1171,-1.5,62992.72,66584.96,0.941,7,none
2026-08-11 22:46:08,2026-08-11 22:45:00,63599.0,63599.0,63952.0,-0.552,-0.552,4.1171,-1.5,62992.72,66584.96,0.944,7,none
2026-08-11 22:51:17,2026-08-11 22:50:00,63600.0,63599.0,63952.0,-0.5504,-0.552,4.1171,-1.5,62992.72,66584.96,0.948,7,none
2026-08-11 22:56:13,2026-08-11 22:55:00,63630.0,63629.0,63952.0,-0.5035,-0.5051,4.1171,-1.5,62992.72,66584.96,0.951,7,none
2026-08-11 23:01:28,2026-08-11 23:00:00,63622.0,63621.0,63952.0,-0.516,-0.5176,4.1171,-1.5,62992.72,66584.96,0.955,7,none
2026-08-11 23:06:10,2026-08-11 23:05:00,63540.0,63534.0,63952.0,-0.6442,-0.6536,4.1171,-1.5,62992.72,66584.96,0.958,7,none
2026-08-11 23:11:14,2026-08-11 23:10:00,63563.0,63543.0,63952.0,-0.6083,-0.6395,4.1171,-1.5,62992.72,66584.96,0.962,7,none
2026-08-11 23:16:10,2026-08-11 23:15:00,63545.0,63544.0,63952.0,-0.6364,-0.638,4.1171,-1.5,62992.72,66584.96,0.965,7,none
2026-08-11 23:21:08,2026-08-11 23:20:00,63540.0,63521.0,63952.0,-0.6442,-0.6739,4.1171,-1.5,62992.72,66584.96,0.969,7,none
2026-08-11 23:26:09,2026-08-11 23:25:00,63556.0,63555.0,63952.0,-0.6192,-0.6208,4.1171,-1.5,62992.72,66584.96,0.972,7,none
2026-08-11 23:29:15,2026-08-11 23:28:00,63559.0,63549.0,63952.0,-0.6145,-0.6302,4.1171,-1.5,62992.72,66584.96,0.974,7,none
2026-08-11 23:31:23,2026-08-11 23:30:00,63566.0,63565.0,63952.0,-0.6036,-0.6051,4.1171,-1.5,62992.72,66584.96,0.976,7,none
2026-08-11 23:36:11,2026-08-11 23:35:00,63569.0,63569.0,63952.0,-0.5989,-0.5989,4.1171,-1.5,62992.72,66584.96,0.979,7,none
2026-08-11 23:41:17,2026-08-11 23:40:00,63585.0,63576.0,63952.0,-0.5739,-0.5879,4.1171,-1.5,62992.72,66584.96,0.983,7,none
2026-08-11 23:46:28,2026-08-11 23:45:00,63613.0,63611.0,63952.0,-0.5301,-0.5332,4.1171,-1.5,62992.72,66584.96,0.986,7,none
2026-08-11 23:51:12,2026-08-11 23:50:00,63605.0,63604.0,63952.0,-0.5426,-0.5442,4.1171,-1.5,62992.72,66584.96,0.99,7,none
2026-08-11 23:56:08,2026-08-11 23:55:00,63575.0,63574.0,63952.0,-0.5895,-0.5911,4.1171,-1.5,62992.72,66584.96,0.993,7,none
2026-08-12 00:01:36,2026-08-12 00:00:00,63543.0,63529.0,63952.0,-0.6395,-0.6614,4.1171,-1.5,62992.72,66584.96,0.997,7,none
2026-08-12 00:06:35,2026-08-12 00:05:00,63542.0,63535.0,63952.0,-0.6411,-0.6521,4.1171,-1.5,62992.72,66584.96,1.0,7,none
2026-08-12 00:11:24,2026-08-12 00:10:00,63515.0,63514.0,63952.0,-0.6833,-0.6849,4.1171,-1.5,62992.72,66584.96,1.004,7,none
2026-08-12 00:16:19,2026-08-12 00:15:00,63559.0,63557.0,63952.0,-0.6145,-0.6177,4.1171,-1.5,62992.72,66584.96,1.007,7,none
2026-08-12 00:21:21,2026-08-12 00:20:00,63603.0,63583.0,63952.0,-0.5457,-0.577,4.1171,-1.5,62992.72,66584.96,1.011,7,none
2026-08-12 00:26:12,2026-08-12 00:25:00,63650.0,63632.0,63952.0,-0.4722,-0.5004,4.1171,-1.5,62992.72,66584.96,1.014,7,none
2026-08-12 00:31:20,2026-08-12 00:30:00,63668.0,63640.0,63952.0,-0.4441,-0.4879,4.1171,-1.5,62992.72,66584.96,1.017,7,none
2026-08-12 00:36:09,2026-08-12 00:35:00,63693.0,63685.0,63952.0,-0.405,-0.4175,4.1171,-1.5,62992.72,66584.96,1.021,7,none
2026-08-12 00:41:21,2026-08-12 00:40:00,63694.0,63680.0,63952.0,-0.4034,-0.4253,4.1171,-1.5,62992.72,66584.96,1.024,7,none
2026-08-12 00:46:24,2026-08-12 00:45:00,63710.0,63690.0,63952.0,-0.3784,-0.4097,4.1171,-1.5,62992.72,66584.96,1.028,7,none
2026-08-12 00:51:10,2026-08-12 00:50:00,63720.0,63710.0,63952.0,-0.3628,-0.3784,4.1171,-1.5,62992.72,66584.96,1.031,7,none
2026-08-12 00:56:18,2026-08-12 00:55:00,63718.0,63716.0,63952.0,-0.3659,-0.369,4.1171,-1.5,62992.72,66584.96,1.035,7,none
2026-08-12 01:01:30,2026-08-12 01:00:00,63727.0,63717.0,63952.0,-0.3518,-0.3675,4.1171,-1.5,62992.72,66584.96,1.038,7,none
2026-08-12 01:06:11,2026-08-12 01:05:00,63732.0,63706.0,63952.0,-0.344,-0.3847,4.1171,-1.5,62992.72,66584.96,1.042,7,none
2026-08-12 01:11:27,2026-08-12 01:10:00,63726.0,63703.0,63952.0,-0.3534,-0.3894,4.1171,-1.5,62992.72,66584.96,1.045,7,none
2026-08-12 01:16:19,2026-08-12 01:15:00,63731.0,63717.0,63952.0,-0.3456,-0.3675,4.1171,-1.5,62992.72,66584.96,1.049,7,none
2026-08-12 01:21:27,2026-08-12 01:20:00,63745.0,63744.0,63952.0,-0.3237,-0.3252,4.1171,-1.5,62992.72,66584.96,1.052,7,none
2026-08-12 01:26:08,2026-08-12 01:25:00,63743.0,63736.0,63952.0,-0.3268,-0.3378,4.1171,-1.5,62992.72,66584.96,1.056,7,none
2026-08-12 01:31:30,2026-08-12 01:30:00,63714.0,63703.0,63952.0,-0.3722,-0.3894,4.1171,-1.5,62992.72,66584.96,1.059,7,none
2026-08-12 01:36:07,2026-08-12 01:35:00,63701.0,63700.0,63952.0,-0.3925,-0.394,4.1171,-1.5,62992.72,66584.96,1.062,7,none
2026-08-12 01:41:13,2026-08-12 01:40:00,63769.0,63740.0,63952.0,-0.2862,-0.3315,4.1171,-1.5,62992.72,66584.96,1.066,7,none
2026-08-12 01:46:15,2026-08-12 01:45:00,63774.0,63773.0,63952.0,-0.2783,-0.2799,4.1171,-1.5,62992.72,66584.96,1.069,7,none
2026-08-12 01:51:21,2026-08-12 01:50:00,63826.0,63825.0,63952.0,-0.197,-0.1986,4.1171,-1.5,62992.72,66584.96,1.073,7,none
2026-08-12 01:56:15,2026-08-12 01:55:00,63783.0,63783.0,63952.0,-0.2643,-0.2643,4.1171,-1.5,62992.72,66584.96,1.076,7,none
2026-08-12 02:01:24,2026-08-12 02:00:00,63804.0,63792.0,63952.0,-0.2314,-0.2502,4.1171,-1.5,62992.72,66584.96,1.08,7,none
2026-08-12 02:06:09,2026-08-12 02:05:00,63807.0,63804.0,63952.0,-0.2267,-0.2314,4.1171,-1.5,62992.72,66584.96,1.083,7,none
2026-08-12 02:11:20,2026-08-12 02:10:00,63832.0,63832.0,63952.0,-0.1876,-0.1876,4.1171,-1.5,62992.72,66584.96,1.087,7,none
2026-08-12 02:16:20,2026-08-12 02:15:00,63824.0,63824.0,63952.0,-0.2002,-0.2002,4.1171,-1.5,62992.72,66584.96,1.09,7,none
2026-08-12 02:21:18,2026-08-12 02:20:00,63812.0,63812.0,63952.0,-0.2189,-0.2189,4.1171,-1.5,62992.72,66584.96,1.094,7,none
2026-08-12 02:26:08,2026-08-12 02:25:00,63782.0,63776.0,63952.0,-0.2658,-0.2752,4.1171,-1.5,62992.72,66584.96,1.097,7,none
2026-08-12 02:31:25,2026-08-12 02:30:00,63834.0,63834.0,63952.0,-0.1845,-0.1845,4.1171,-1.5,62992.72,66584.96,1.101,7,none
2026-08-12 02:36:14,2026-08-12 02:35:00,63793.0,63792.0,63952.0,-0.2486,-0.2502,4.1171,-1.5,62992.72,66584.96,1.104,7,none
2026-08-12 02:41:15,2026-08-12 02:40:00,63725.0,63725.0,63952.0,-0.355,-0.355,4.1171,-1.5,62992.72,66584.96,1.108,7,none
2026-08-12 02:46:13,2026-08-12 02:45:00,63745.0,63744.0,63952.0,-0.3237,-0.3252,4.1171,-1.5,62992.72,66584.96,1.111,7,none
2026-08-12 02:51:18,2026-08-12 02:50:00,63746.0,63737.0,63952.0,-0.3221,-0.3362,4.1171,-1.5,62992.72,66584.96,1.115,7,none
2026-08-12 02:56:12,2026-08-12 02:55:00,63724.0,63724.0,63952.0,-0.3565,-0.3565,4.1171,-1.5,62992.72,66584.96,1.118,7,none
2026-08-12 03:01:43,2026-08-12 03:00:00,63759.0,63714.0,63952.0,-0.3018,-0.3722,4.1171,-1.5,62992.72,66584.96,1.122,7,none
2026-08-12 03:06:16,2026-08-12 03:05:00,63763.0,63762.0,63952.0,-0.2955,-0.2971,4.1171,-1.5,62992.72,66584.96,1.125,7,none
2026-08-12 03:11:10,2026-08-12 03:10:00,63709.0,63709.0,63952.0,-0.38,-0.38,4.1171,-1.5,62992.72,66584.96,1.128,7,none
2026-08-12 03:16:13,2026-08-12 03:15:00,63709.0,63682.0,63952.0,-0.38,-0.4222,4.1171,-1.5,62992.72,66584.96,1.132,7,none
2026-08-12 03:19:53,2026-08-12 03:18:00,63688.0,63674.0,63952.0,-0.4128,-0.4347,4.1171,-1.5,62992.72,66584.96,1.134,7,none
2026-08-12 03:21:20,2026-08-12 03:20:00,63683.0,63683.0,63952.0,-0.4206,-0.4206,4.1171,-1.5,62992.72,66584.96,1.136,7,none
2026-08-12 03:26:11,2026-08-12 03:25:00,63732.0,63721.0,63952.0,-0.344,-0.3612,4.1171,-1.5,62992.72,66584.96,1.139,7,none
2026-08-12 03:31:38,2026-08-12 03:30:00,63716.0,63708.0,63952.0,-0.369,-0.3815,4.1171,-1.5,62992.72,66584.96,1.143,7,none
2026-08-12 03:36:10,2026-08-12 03:35:00,63798.0,63761.0,63952.0,-0.2408,-0.2987,4.1171,-1.5,62992.72,66584.96,1.146,7,none
2026-08-12 03:41:10,2026-08-12 03:40:00,63815.0,63809.0,63952.0,-0.2142,-0.2236,4.1171,-1.5,62992.72,66584.96,1.149,7,none
2026-08-12 03:46:21,2026-08-12 03:45:00,63774.0,63773.0,63952.0,-0.2783,-0.2799,4.1171,-1.5,62992.72,66584.96,1.153,7,none
2026-08-12 03:51:21,2026-08-12 03:50:00,63791.0,63772.0,63952.0,-0.2518,-0.2815,4.1171,-1.5,62992.72,66584.96,1.156,7,none
2026-08-12 03:56:06,2026-08-12 03:55:00,63770.0,63769.0,63952.0,-0.2846,-0.2862,4.1171,-1.5,62992.72,66584.96,1.16,7,none
2026-08-12 04:01:29,2026-08-12 04:00:00,63806.0,63798.0,63952.0,-0.2283,-0.2408,4.1171,-1.5,62992.72,66584.96,1.163,7,none
2026-08-12 04:06:09,2026-08-12 04:05:00,63798.0,63797.0,63952.0,-0.2408,-0.2424,4.1171,-1.5,62992.72,66584.96,1.167,7,none
2026-08-12 04:11:17,2026-08-12 04:10:00,63776.0,63775.0,63952.0,-0.2752,-0.2768,4.1171,-1.5,62992.72,66584.96,1.17,7,none
2026-08-12 04:16:21,2026-08-12 04:15:00,63757.0,63756.0,63952.0,-0.3049,-0.3065,4.1171,-1.5,62992.72,66584.96,1.174,7,none
2026-08-12 04:21:15,2026-08-12 04:20:00,63795.0,63776.0,63952.0,-0.2455,-0.2752,4.1171,-1.5,62992.72,66584.96,1.177,7,none
2026-08-12 04:26:08,2026-08-12 04:25:00,63822.0,63821.0,63952.0,-0.2033,-0.2048,4.1171,-1.5,62992.72,66584.96,1.181,7,none
2026-08-12 04:31:30,2026-08-12 04:30:00,63723.0,63722.0,63952.0,-0.3581,-0.3596,4.1171,-1.5,62992.72,66584.96,1.184,7,none
2026-08-12 04:36:05,2026-08-12 04:35:00,63709.0,63708.0,63952.0,-0.38,-0.3815,4.1171,-1.5,62992.72,66584.96,1.187,7,none
2026-08-12 04:41:28,2026-08-12 04:40:00,63717.0,63716.0,63952.0,-0.3675,-0.369,4.1171,-1.5,62992.72,66584.96,1.191,7,none
2026-08-12 04:46:20,2026-08-12 04:45:00,63732.0,63726.0,63952.0,-0.344,-0.3534,4.1171,-1.5,62992.72,66584.96,1.195,7,none
2026-08-12 04:51:16,2026-08-12 04:50:00,63787.0,63786.0,63952.0,-0.258,-0.2596,4.1171,-1.5,62992.72,66584.96,1.198,7,none
2026-08-12 04:56:06,2026-08-12 04:55:00,63794.0,63793.0,63952.0,-0.2471,-0.2486,4.1171,-1.5,62992.72,66584.96,1.201,7,none
2026-08-12 05:01:27,2026-08-12 05:00:00,63743.0,63743.0,63952.0,-0.3268,-0.3268,4.1171,-1.5,62992.72,66584.96,1.205,7,none
2026-08-12 05:06:16,2026-08-12 05:05:00,63698.0,63698.0,63952.0,-0.3972,-0.3972,4.1171,-1.5,62992.72,66584.96,1.208,7,none
2026-08-12 05:11:17,2026-08-12 05:10:00,63761.0,63735.0,63952.0,-0.2987,-0.3393,4.1171,-1.5,62992.72,66584.96,1.212,7,none
2026-08-12 05:16:20,2026-08-12 05:15:00,63786.0,63786.0,63952.0,-0.2596,-0.2596,4.1171,-1.5,62992.72,66584.96,1.215,7,none
2026-08-12 05:21:15,2026-08-12 05:20:00,63784.0,63783.0,63952.0,-0.2627,-0.2643,4.1171,-1.5,62992.72,66584.96,1.219,7,none
2026-08-12 05:23:35,2026-08-12 05:22:00,63799.0,63792.0,63952.0,-0.2392,-0.2502,4.1171,-1.5,62992.72,66584.96,1.22,7,none
2026-08-12 05:26:06,2026-08-12 05:25:00,63798.0,63781.0,63952.0,-0.2408,-0.2674,4.1171,-1.5,62992.72,66584.96,1.222,7,none
2026-08-12 05:31:24,2026-08-12 05:30:00,63824.0,63809.0,63952.0,-0.2002,-0.2236,4.1171,-1.5,62992.72,66584.96,1.226,7,none
2026-08-12 05:36:11,2026-08-12 05:35:00,63819.0,63819.0,63952.0,-0.208,-0.208,4.1171,-1.5,62992.72,66584.96,1.229,7,none
2026-08-12 05:41:19,2026-08-12 05:40:00,63817.0,63816.0,63952.0,-0.2111,-0.2127,4.1171,-1.5,62992.72,66584.96,1.233,7,none
2026-08-12 05:46:12,2026-08-12 05:45:00,63821.0,63820.0,63952.0,-0.2048,-0.2064,4.1171,-1.5,62992.72,66584.96,1.236,7,none
2026-08-12 05:51:11,2026-08-12 05:50:00,63791.0,63790.0,63952.0,-0.2518,-0.2533,4.1171,-1.5,62992.72,66584.96,1.24,7,none
2026-08-12 05:56:11,2026-08-12 05:55:00,63799.0,63796.0,63952.0,-0.2392,-0.2439,4.1171,-1.5,62992.72,66584.96,1.243,7,none
2026-08-12 06:01:22,2026-08-12 06:00:00,63765.0,63765.0,63952.0,-0.2924,-0.2924,4.1171,-1.5,62992.72,66584.96,1.247,7,none
2026-08-12 06:06:15,2026-08-12 06:05:00,63757.0,63753.0,63952.0,-0.3049,-0.3112,4.1171,-1.5,62992.72,66584.96,1.25,7,none
2026-08-12 06:11:15,2026-08-12 06:10:00,63702.0,63702.0,63952.0,-0.3909,-0.3909,4.1171,-1.5,62992.72,66584.96,1.254,7,none
2026-08-12 06:16:21,2026-08-12 06:15:00,63663.0,63642.0,63952.0,-0.4519,-0.4847,4.1171,-1.5,62992.72,66584.96,1.257,7,none
2026-08-12 06:21:30,2026-08-12 06:20:00,63663.0,63653.0,63952.0,-0.4519,-0.4675,4.1171,-1.5,62992.72,66584.96,1.261,7,none
2026-08-12 06:26:19,2026-08-12 06:25:00,63616.0,63600.0,63952.0,-0.5254,-0.5504,4.1171,-1.5,62992.72,66584.96,1.264,7,none
2026-08-12 06:31:27,2026-08-12 06:30:00,63600.0,63600.0,63952.0,-0.5504,-0.5504,4.1171,-1.5,62992.72,66584.96,1.268,7,none
2026-08-12 06:36:16,2026-08-12 06:35:00,63633.0,63629.0,63952.0,-0.4988,-0.5051,4.1171,-1.5,62992.72,66584.96,1.271,7,none
2026-08-12 06:41:14,2026-08-12 06:40:00,63631.0,63630.0,63952.0,-0.5019,-0.5035,4.1171,-1.5,62992.72,66584.96,1.274,7,none
2026-08-12 06:46:10,2026-08-12 06:45:00,63647.0,63623.0,63952.0,-0.4769,-0.5144,4.1171,-1.5,62992.72,66584.96,1.278,7,none
2026-08-12 06:51:20,2026-08-12 06:50:00,63648.0,63647.0,63952.0,-0.4754,-0.4769,4.1171,-1.5,62992.72,66584.96,1.281,7,none
2026-08-12 06:56:15,2026-08-12 06:55:00,63628.0,63606.0,63952.0,-0.5066,-0.541,4.1171,-1.5,62992.72,66584.96,1.285,7,none
2026-08-12 07:01:27,2026-08-12 07:00:00,63693.0,63686.0,63952.0,-0.405,-0.4159,4.1171,-1.5,62992.72,66584.96,1.288,7,none
2026-08-12 07:05:46,2026-08-12 07:04:00,63741.0,63719.0,63952.0,-0.3299,-0.3643,4.1171,-1.5,62992.72,66584.96,1.291,7,none
2026-08-12 07:11:13,2026-08-12 07:10:00,63743.0,63743.0,63952.0,-0.3268,-0.3268,4.1171,-1.5,62992.72,66584.96,1.295,7,none
2026-08-12 07:16:15,2026-08-12 07:15:00,63729.0,63719.0,63952.0,-0.3487,-0.3643,4.1171,-1.5,62992.72,66584.96,1.299,7,none
2026-08-12 07:21:11,2026-08-12 07:20:00,63701.0,63700.0,63952.0,-0.3925,-0.394,4.1171,-1.5,62992.72,66584.96,1.302,7,none
2026-08-12 07:26:12,2026-08-12 07:25:00,63701.0,63700.0,63952.0,-0.3925,-0.394,4.1171,-1.5,62992.72,66584.96,1.306,7,none
2026-08-12 07:31:21,2026-08-12 07:30:00,63710.0,63703.0,63952.0,-0.3784,-0.3894,4.1171,-1.5,62992.72,66584.96,1.309,7,none
2026-08-12 07:36:22,2026-08-12 07:35:00,63726.0,63725.0,63952.0,-0.3534,-0.355,4.1171,-1.5,62992.72,66584.96,1.313,7,none
2026-08-12 07:41:14,2026-08-12 07:40:00,63674.0,63673.0,63952.0,-0.4347,-0.4363,4.1171,-1.5,62992.72,66584.96,1.316,7,none
2026-08-12 07:46:18,2026-08-12 07:45:00,63628.0,63627.0,63952.0,-0.5066,-0.5082,4.1171,-1.5,62992.72,66584.96,1.32,7,none
2026-08-12 07:51:23,2026-08-12 07:50:00,63666.0,63665.0,63952.0,-0.4472,-0.4488,4.1171,-1.5,62992.72,66584.96,1.323,7,none
2026-08-12 07:56:12,2026-08-12 07:55:00,63744.0,63731.0,63952.0,-0.3252,-0.3456,4.1171,-1.5,62992.72,66584.96,1.326,7,none
2026-08-12 08:01:25,2026-08-12 08:00:00,63773.0,63773.0,63952.0,-0.2799,-0.2799,4.1171,-1.5,62992.72,66584.96,1.33,7,none
2026-08-12 08:06:07,2026-08-12 08:05:00,63805.0,63805.0,63952.0,-0.2299,-0.2299,4.1171,-1.5,62992.72,66584.96,1.333,7,none
2026-08-12 08:11:14,2026-08-12 08:10:00,63775.0,63775.0,63952.0,-0.2768,-0.2768,4.1171,-1.5,62992.72,66584.96,1.337,7,none
2026-08-12 08:16:15,2026-08-12 08:15:00,63766.0,63751.0,63952.0,-0.2908,-0.3143,4.1171,-1.5,62992.72,66584.96,1.34,7,none
2026-08-12 08:21:26,2026-08-12 08:20:00,63799.0,63782.0,63952.0,-0.2392,-0.2658,4.1171,-1.5,62992.72,66584.96,1.344,7,none
2026-08-12 08:26:11,2026-08-12 08:25:00,63799.0,63799.0,63952.0,-0.2392,-0.2392,4.1171,-1.5,62992.72,66584.96,1.347,7,none
2026-08-12 08:31:33,2026-08-12 08:30:00,63768.0,63758.0,63952.0,-0.2877,-0.3034,4.1171,-1.5,62992.72,66584.96,1.351,7,none
2026-08-12 08:36:14,2026-08-12 08:35:00,63763.0,63763.0,63952.0,-0.2955,-0.2955,4.1171,-1.5,62992.72,66584.96,1.354,7,none
2026-08-12 08:41:20,2026-08-12 08:40:00,63760.0,63760.0,63952.0,-0.3002,-0.3002,4.1171,-1.5,62992.72,66584.96,1.358,7,none
2026-08-12 08:46:23,2026-08-12 08:45:00,63748.0,63747.0,63952.0,-0.319,-0.3206,4.1171,-1.5,62992.72,66584.96,1.361,7,none
2026-08-12 08:51:13,2026-08-12 08:50:00,63757.0,63755.0,63952.0,-0.3049,-0.308,4.1171,-1.5,62992.72,66584.96,1.365,7,none
2026-08-12 08:56:13,2026-08-12 08:55:00,63753.0,63752.0,63952.0,-0.3112,-0.3127,4.1171,-1.5,62992.72,66584.96,1.368,7,none
2026-08-12 09:00:03,2026-08-12 08:59:00,63764.0,63759.0,63952.0,-0.294,-0.3018,4.1171,-1.5,62992.72,66584.96,1.371,7,none
2026-08-12 09:01:32,2026-08-12 09:00:00,63764.0,63763.0,63952.0,-0.294,-0.2955,4.1171,-1.5,62992.72,66584.96,1.372,7,none
2026-08-12 09:06:15,2026-08-12 09:05:00,63776.0,63775.0,63952.0,-0.2752,-0.2768,4.1171,-1.5,62992.72,66584.96,1.375,7,none
2026-08-12 09:11:14,2026-08-12 09:10:00,63830.0,63818.0,63952.0,-0.1908,-0.2095,4.1171,-1.5,62992.72,66584.96,1.378,7,none
2026-08-12 09:16:20,2026-08-12 09:15:00,63829.0,63823.0,63952.0,-0.1923,-0.2017,4.1171,-1.5,62992.72,66584.96,1.382,7,none
2026-08-12 09:21:27,2026-08-12 09:20:00,63938.0,63900.0,63952.0,-0.0219,-0.0813,4.1171,-1.5,62992.72,66584.96,1.386,7,none
2026-08-12 09:26:10,2026-08-12 09:25:00,63930.0,63930.0,63952.0,-0.0344,-0.0344,4.1171,-1.5,62992.72,66584.96,1.389,7,none
2026-08-12 09:31:25,2026-08-12 09:30:00,63994.0,63951.0,63952.0,0.0657,-0.0016,4.1171,-1.5,62992.72,66584.96,1.393,7,none
2026-08-12 09:36:09,2026-08-12 09:35:00,63995.0,63963.0,63952.0,0.0672,0.0172,4.1171,-1.5,62992.72,66584.96,1.396,7,none
2026-08-12 09:41:21,2026-08-12 09:40:00,64012.0,64012.0,63952.0,0.0938,0.0938,4.1171,-1.5,62992.72,66584.96,1.399,7,none
2026-08-12 09:46:14,2026-08-12 09:45:00,64015.0,64010.0,63952.0,0.0985,0.0907,4.1171,-1.5,62992.72,66584.96,1.403,7,none
2026-08-12 09:51:16,2026-08-12 09:50:00,64050.0,64033.0,63952.0,0.1532,0.1267,4.1171,-1.5,62992.72,66584.96,1.406,7,none
2026-08-12 09:56:18,2026-08-12 09:55:00,64034.0,64023.0,63952.0,0.1282,0.111,4.1171,-1.5,62992.72,66584.96,1.41,7,none
2026-08-12 10:01:29,2026-08-12 10:00:00,64096.0,64072.0,63952.0,0.2252,0.1876,4.1171,-1.5,62992.72,66584.96,1.413,7,none
2026-08-12 10:05:11,2026-08-12 10:04:00,64124.0,64124.0,63952.0,0.269,0.269,4.1171,-1.5,62992.72,66584.96,1.416,7,none
2026-08-12 10:11:12,2026-08-12 10:10:00,64122.0,64100.0,63952.0,0.2658,0.2314,4.1171,-1.5,62992.72,66584.96,1.42,7,none
2026-08-12 10:16:15,2026-08-12 10:15:00,64097.0,64097.0,63952.0,0.2267,0.2267,4.1171,-1.5,62992.72,66584.96,1.424,7,none
2026-08-12 10:21:20,2026-08-12 10:20:00,64079.0,64037.0,63952.0,0.1986,0.1329,4.1171,-1.5,62992.72,66584.96,1.427,7,none
2026-08-12 10:26:18,2026-08-12 10:25:00,64044.0,64039.0,63952.0,0.1439,0.136,4.1171,-1.5,62992.72,66584.96,1.431,7,none
2026-08-12 10:31:29,2026-08-12 10:30:00,64051.0,64038.0,63952.0,0.1548,0.1345,4.1171,-1.5,62992.72,66584.96,1.434,7,none
2026-08-12 10:36:08,2026-08-12 10:35:00,64107.0,64092.0,63952.0,0.2424,0.2189,4.1171,-1.5,62992.72,66584.96,1.437,7,none
2026-08-12 10:41:18,2026-08-12 10:40:00,64109.0,64088.0,63952.0,0.2455,0.2127,4.1171,-1.5,62992.72,66584.96,1.441,7,none
2026-08-12 10:46:11,2026-08-12 10:45:00,64100.0,64099.0,63952.0,0.2314,0.2299,4.1171,-1.5,62992.72,66584.96,1.444,7,none
2026-08-12 10:51:19,2026-08-12 10:50:00,64107.0,64074.0,63952.0,0.2424,0.1908,4.1171,-1.5,62992.72,66584.96,1.448,7,none
2026-08-12 10:56:12,2026-08-12 10:55:00,64125.0,64124.0,63952.0,0.2705,0.269,4.1171,-1.5,62992.72,66584.96,1.451,7,none
2026-08-12 11:01:31,2026-08-12 11:00:00,64178.0,64113.0,63952.0,0.3534,0.2518,4.1171,-1.5,62992.72,66584.96,1.455,7,none
2026-08-12 11:06:26,2026-08-12 11:05:00,64100.0,64100.0,63952.0,0.2314,0.2314,4.1171,-1.5,62992.72,66584.96,1.458,7,none
2026-08-12 11:11:11,2026-08-12 11:10:00,64096.0,64095.0,63952.0,0.2252,0.2236,4.1171,-1.5,62992.72,66584.96,1.462,7,none
2026-08-12 11:16:22,2026-08-12 11:15:00,64111.0,64111.0,63952.0,0.2486,0.2486,4.1171,-1.5,62992.72,66584.96,1.465,7,none
2026-08-12 11:21:30,2026-08-12 11:20:00,64125.0,64124.0,63952.0,0.2705,0.269,4.1171,-1.5,62992.72,66584.96,1.469,7,none
2026-08-12 11:26:10,2026-08-12 11:25:00,64141.0,64140.0,63952.0,0.2955,0.294,4.1171,-1.5,62992.72,66584.96,1.472,7,none
2026-08-12 11:31:21,2026-08-12 11:30:00,64183.0,64174.0,63952.0,0.3612,0.3471,4.1171,-1.5,62992.72,66584.96,1.476,7,none
2026-08-12 11:36:11,2026-08-12 11:35:00,64134.0,64133.0,63952.0,0.2846,0.283,4.1171,-1.5,62992.72,66584.96,1.479,7,none
2026-08-12 11:38:32,2026-08-12 11:37:00,64152.0,64133.0,63952.0,0.3127,0.283,4.1171,-1.5,62992.72,66584.96,1.481,7,none
2026-08-12 11:41:11,2026-08-12 11:40:00,64173.0,64172.0,63952.0,0.3456,0.344,4.1171,-1.5,62992.72,66584.96,1.483,7,none
2026-08-12 11:46:13,2026-08-12 11:45:00,64162.0,64161.0,63952.0,0.3284,0.3268,4.1171,-1.5,62992.72,66584.96,1.486,7,none
2026-08-12 11:51:18,2026-08-12 11:50:00,64217.0,64208.0,63952.0,0.4144,0.4003,4.1171,-1.5,62992.72,66584.96,1.49,7,none
2026-08-12 11:56:10,2026-08-12 11:55:00,64205.0,64204.0,63952.0,0.3956,0.394,4.1171,-1.5,62992.72,66584.96,1.493,7,none
2026-08-12 12:01:32,2026-08-12 12:00:00,64220.0,64207.0,63952.0,0.4191,0.3987,4.1171,-1.5,62992.72,66584.96,1.497,7,none
2026-08-12 12:06:10,2026-08-12 12:05:00,64226.0,64226.0,63952.0,0.4284,0.4284,4.1171,-1.5,62992.72,66584.96,1.5,7,none
2026-08-12 12:11:20,2026-08-12 12:10:00,64234.0,64233.0,63952.0,0.441,0.4394,4.1171,-1.5,62992.72,66584.96,1.504,7,none
2026-08-12 12:16:18,2026-08-12 12:15:00,64264.0,64236.0,63952.0,0.4879,0.4441,4.1171,-1.5,62992.72,66584.96,1.507,7,none
2026-08-12 12:21:24,2026-08-12 12:20:00,64316.0,64281.0,63952.0,0.5692,0.5144,4.1171,-1.5,62992.72,66584.96,1.511,7,none
2026-08-12 12:26:14,2026-08-12 12:25:00,64235.0,64234.0,63952.0,0.4425,0.441,4.1171,-1.5,62992.72,66584.96,1.514,7,none
2026-08-12 12:31:33,2026-08-12 12:30:00,64163.0,64108.0,63952.0,0.3299,0.2439,4.1171,-1.5,62992.72,66584.96,1.518,7,none
2026-08-12 12:36:15,2026-08-12 12:35:00,64110.0,64109.0,63952.0,0.2471,0.2455,4.1171,-1.5,62992.72,66584.96,1.521,7,none
2026-08-12 12:41:16,2026-08-12 12:40:00,64099.0,64047.0,63952.0,0.2299,0.1485,4.1171,-1.5,62992.72,66584.96,1.524,7,none
2026-08-12 12:46:20,2026-08-12 12:45:00,64020.0,64019.0,63952.0,0.1063,0.1048,4.1171,-1.5,62992.72,66584.96,1.528,7,none
2026-08-12 12:51:24,2026-08-12 12:50:00,64003.0,63963.0,63952.0,0.0797,0.0172,4.1171,-1.5,62992.72,66584.96,1.531,7,none
2026-08-12 12:56:05,2026-08-12 12:55:00,64113.0,64112.0,63952.0,0.2518,0.2502,4.1171,-1.5,62992.72,66584.96,1.535,7,none
2026-08-12 13:01:26,2026-08-12 13:00:00,64086.0,64086.0,63952.0,0.2095,0.2095,4.1171,-1.5,62992.72,66584.96,1.538,7,none
2026-08-12 13:06:14,2026-08-12 13:05:00,64007.0,64006.0,63952.0,0.086,0.0844,4.1171,-1.5,62992.72,66584.96,1.542,7,none
2026-08-12 13:11:15,2026-08-12 13:10:00,64055.0,64055.0,63952.0,0.1611,0.1611,4.1171,-1.5,62992.72,66584.96,1.545,7,none
2026-08-12 13:16:19,2026-08-12 13:15:00,64007.0,63964.0,63952.0,0.086,0.0188,4.1171,-1.5,62992.72,66584.96,1.549,7,none
2026-08-12 13:21:21,2026-08-12 13:20:00,64018.0,63984.0,63952.0,0.1032,0.05,4.1171,-1.5,62992.72,66584.96,1.552,7,none
2026-08-12 13:26:15,2026-08-12 13:25:00,63929.0,63907.0,63952.0,-0.036,-0.0704,4.1171,-1.5,62992.72,66584.96,1.556,7,none
2026-08-12 13:31:21,2026-08-12 13:30:00,63929.0,63928.0,63952.0,-0.036,-0.0375,4.1171,-1.5,62992.72,66584.96,1.559,7,none
2026-08-12 13:36:07,2026-08-12 13:35:00,63934.0,63892.0,63952.0,-0.0281,-0.0938,4.1171,-1.5,62992.72,66584.96,1.562,7,none
2026-08-12 13:41:23,2026-08-12 13:40:00,63879.0,63865.0,63952.0,-0.1141,-0.136,4.1171,-1.5,62992.72,66584.96,1.566,7,none
2026-08-12 13:46:20,2026-08-12 13:45:00,64019.0,63965.0,63952.0,0.1048,0.0203,4.1171,-1.5,62992.72,66584.96,1.57,7,none
2026-08-12 13:51:14,2026-08-12 13:50:00,63929.0,63924.0,63952.0,-0.036,-0.0438,4.1171,-1.5,62992.72,66584.96,1.573,7,none
2026-08-12 13:56:13,2026-08-12 13:55:00,63872.0,63811.0,63952.0,-0.1251,-0.2205,4.1171,-1.5,62992.72,66584.96,1.576,7,none
2026-08-12 14:01:36,2026-08-12 14:00:00,63792.0,63782.0,63952.0,-0.2502,-0.2658,4.1171,-1.5,62992.72,66584.96,1.58,7,none
2026-08-12 14:06:16,2026-08-12 14:05:00,63632.0,63611.0,63952.0,-0.5004,-0.5332,4.1171,-1.5,62992.72,66584.96,1.583,7,none
2026-08-12 14:11:18,2026-08-12 14:10:00,63824.0,63713.0,63952.0,-0.2002,-0.3737,4.1171,-1.5,62992.72,66584.96,1.587,7,none
2026-08-12 14:12:28,2026-08-12 14:11:00,63866.0,63824.0,63952.0,-0.1345,-0.2002,4.1171,-1.5,62992.72,66584.96,1.588,7,none
2026-08-12 14:16:17,2026-08-12 14:15:00,63804.0,63752.0,63952.0,-0.2314,-0.3127,4.1171,-1.5,62992.72,66584.96,1.59,7,none
2026-08-12 14:21:19,2026-08-12 14:20:00,63715.0,63702.0,63952.0,-0.3706,-0.3909,4.1171,-1.5,62992.72,66584.96,1.594,7,none
2026-08-12 14:26:09,2026-08-12 14:25:00,63710.0,63710.0,63952.0,-0.3784,-0.3784,4.1171,-1.5,62992.72,66584.96,1.597,7,none
2026-08-12 14:31:23,2026-08-12 14:30:00,63646.0,63619.0,63952.0,-0.4785,-0.5207,4.1171,-1.5,62992.72,66584.96,1.601,7,none
2026-08-12 14:36:11,2026-08-12 14:35:00,63548.0,63503.0,63952.0,-0.6317,-0.7021,4.1171,-1.5,62992.72,66584.96,1.604,7,none
2026-08-12 14:41:24,2026-08-12 14:40:00,63559.0,63543.0,63952.0,-0.6145,-0.6395,4.1171,-1.5,62992.72,66584.96,1.608,7,none
2026-08-12 14:46:12,2026-08-12 14:45:00,63574.0,63566.0,63952.0,-0.5911,-0.6036,4.1171,-1.5,62992.72,66584.96,1.611,7,none
2026-08-12 14:51:19,2026-08-12 14:50:00,63565.0,63561.0,63952.0,-0.6051,-0.6114,4.1171,-1.5,62992.72,66584.96,1.615,7,none
2026-08-12 14:56:16,2026-08-12 14:55:00,63462.0,63450.0,63952.0,-0.7662,-0.785,4.1171,-1.5,62992.72,66584.96,1.618,7,none
2026-08-12 15:01:27,2026-08-12 15:00:00,63315.0,63297.0,63952.0,-0.9961,-1.0242,4.1171,-1.5,62992.72,66584.96,1.622,7,none
2026-08-12 15:06:09,2026-08-12 15:05:00,63464.0,63425.0,63952.0,-0.7631,-0.8241,4.1171,-1.5,62992.72,66584.96,1.625,7,none
2026-08-12 15:11:23,2026-08-12 15:10:00,63453.0,63433.0,63952.0,-0.7803,-0.8115,4.1171,-1.5,62992.72,66584.96,1.629,7,none
2026-08-12 15:16:18,2026-08-12 15:15:00,63496.0,63472.0,63952.0,-0.713,-0.7506,4.1171,-1.5,62992.72,66584.96,1.632,7,none
2026-08-12 15:21:16,2026-08-12 15:20:00,63480.0,63480.0,63952.0,-0.7381,-0.7381,4.1171,-1.5,62992.72,66584.96,1.635,7,none
2026-08-12 15:26:10,2026-08-12 15:25:00,63448.0,63443.0,63952.0,-0.7881,-0.7959,4.1171,-1.5,62992.72,66584.96,1.639,7,none
2026-08-12 15:31:27,2026-08-12 15:30:00,63505.0,63474.0,63952.0,-0.699,-0.7474,4.1171,-1.5,62992.72,66584.96,1.643,7,none
2026-08-12 15:36:11,2026-08-12 15:35:00,63503.0,63444.0,63952.0,-0.7021,-0.7943,4.1171,-1.5,62992.72,66584.96,1.646,7,none
2026-08-12 15:41:19,2026-08-12 15:40:00,63479.0,63478.0,63952.0,-0.7396,-0.7412,4.1171,-1.5,62992.72,66584.96,1.649,7,none
2026-08-12 15:46:20,2026-08-12 15:45:00,63514.0,63512.0,63952.0,-0.6849,-0.688,4.1171,-1.5,62992.72,66584.96,1.653,7,none
2026-08-12 15:49:02,2026-08-12 15:48:00,63454.0,63449.0,63952.0,-0.7787,-0.7865,4.1171,-1.5,62992.72,66584.96,1.655,7,none
2026-08-12 15:51:18,2026-08-12 15:50:00,63502.0,63475.0,63952.0,-0.7037,-0.7459,4.1171,-1.5,62992.72,66584.96,1.656,7,none
2026-08-12 15:56:17,2026-08-12 15:55:00,63496.0,63495.0,63952.0,-0.713,-0.7146,4.1171,-1.5,62992.72,66584.96,1.66,7,none
2026-08-12 16:01:32,2026-08-12 16:00:00,63462.0,63423.0,63952.0,-0.7662,-0.8272,4.1171,-1.5,62992.72,66584.96,1.663,7,none
2026-08-12 16:06:15,2026-08-12 16:05:00,63447.0,63446.0,63952.0,-0.7897,-0.7912,4.1171,-1.5,62992.72,66584.96,1.667,7,none
2026-08-12 16:11:14,2026-08-12 16:10:00,63397.0,63396.0,63952.0,-0.8678,-0.8694,4.1171,-1.5,62992.72,66584.96,1.67,7,none
2026-08-12 16:16:26,2026-08-12 16:15:00,63479.0,63445.0,63952.0,-0.7396,-0.7928,4.1171,-1.5,62992.72,66584.96,1.674,7,none
2026-08-12 16:21:22,2026-08-12 16:20:00,63502.0,63493.0,63952.0,-0.7037,-0.7177,4.1171,-1.5,62992.72,66584.96,1.677,7,none
2026-08-12 16:26:13,2026-08-12 16:25:00,63504.0,63503.0,63952.0,-0.7005,-0.7021,4.1171,-1.5,62992.72,66584.96,1.681,7,none
2026-08-12 16:31:24,2026-08-12 16:30:00,63571.0,63533.0,63952.0,-0.5958,-0.6552,4.1171,-1.5,62992.72,66584.96,1.684,7,none
2026-08-12 16:36:12,2026-08-12 16:35:00,63523.0,63522.0,63952.0,-0.6708,-0.6724,4.1171,-1.5,62992.72,66584.96,1.687,7,none
2026-08-12 16:41:19,2026-08-12 16:40:00,63533.0,63527.0,63952.0,-0.6552,-0.6646,4.1171,-1.5,62992.72,66584.96,1.691,7,none
2026-08-12 16:45:25,2026-08-12 16:44:00,63504.0,63503.0,63952.0,-0.7005,-0.7021,4.1171,-1.5,62992.72,66584.96,1.694,7,none
2026-08-12 16:51:08,2026-08-12 16:50:00,63475.0,63453.0,63952.0,-0.7459,-0.7803,4.1171,-1.5,62992.72,66584.96,1.698,7,none
2026-08-12 16:56:13,2026-08-12 16:55:00,63490.0,63470.0,63952.0,-0.7224,-0.7537,4.1171,-1.5,62992.72,66584.96,1.701,7,none
2026-08-12 17:01:34,2026-08-12 17:00:00,63472.0,63471.0,63952.0,-0.7506,-0.7521,4.1171,-1.5,62992.72,66584.96,1.705,7,none
2026-08-12 17:06:14,2026-08-12 17:05:00,63491.0,63490.0,63952.0,-0.7209,-0.7224,4.1171,-1.5,62992.72,66584.96,1.708,7,none
2026-08-12 17:11:19,2026-08-12 17:10:00,63471.0,63459.0,63952.0,-0.7521,-0.7709,4.1171,-1.5,62992.72,66584.96,1.712,7,none
2026-08-12 17:16:17,2026-08-12 17:15:00,63525.0,63519.0,63952.0,-0.6677,-0.6771,4.1171,-1.5,62992.72,66584.96,1.715,7,none
2026-08-12 17:21:20,2026-08-12 17:20:00,63471.0,63469.0,63952.0,-0.7521,-0.7553,4.1171,-1.5,62992.72,66584.96,1.719,7,none
2026-08-12 17:26:32,2026-08-12 17:25:00,63405.0,63405.0,63952.0,-0.8553,-0.8553,4.1171,-1.5,62992.72,66584.96,1.722,7,none
2026-08-12 17:31:23,2026-08-12 17:30:00,63405.0,63404.0,63952.0,-0.8553,-0.8569,4.1171,-1.5,62992.72,66584.96,1.726,7,none
2026-08-12 17:36:14,2026-08-12 17:35:00,63456.0,63446.0,63952.0,-0.7756,-0.7912,4.1171,-1.5,62992.72,66584.96,1.729,7,none
2026-08-12 17:41:24,2026-08-12 17:40:00,63461.0,63457.0,63952.0,-0.7678,-0.774,4.1171,-1.5,62992.72,66584.96,1.733,7,none
2026-08-12 17:46:17,2026-08-12 17:45:00,63435.0,63434.0,63952.0,-0.8084,-0.81,4.1171,-1.5,62992.72,66584.96,1.736,7,none
2026-08-12 17:49:11,2026-08-12 17:48:00,63442.0,63442.0,63952.0,-0.7975,-0.7975,4.1171,-1.5,62992.72,66584.96,1.738,7,none
2026-08-12 17:51:23,2026-08-12 17:50:00,63481.0,63465.0,63952.0,-0.7365,-0.7615,4.1171,-1.5,62992.72,66584.96,1.74,7,none
2026-08-12 17:56:05,2026-08-12 17:55:00,63458.0,63457.0,63952.0,-0.7725,-0.774,4.1171,-1.5,62992.72,66584.96,1.743,7,none
2026-08-12 18:01:23,2026-08-12 18:00:00,63468.0,63448.0,63952.0,-0.7568,-0.7881,4.1171,-1.5,62992.72,66584.96,1.747,7,none
2026-08-12 18:06:16,2026-08-12 18:05:00,63460.0,63456.0,63952.0,-0.7693,-0.7756,4.1171,-1.5,62992.72,66584.96,1.75,7,none
2026-08-12 18:11:20,2026-08-12 18:10:00,63437.0,63426.0,63952.0,-0.8053,-0.8225,4.1171,-1.5,62992.72,66584.96,1.754,7,none
2026-08-12 18:16:24,2026-08-12 18:15:00,63432.0,63429.0,63952.0,-0.8131,-0.8178,4.1171,-1.5,62992.72,66584.96,1.757,7,none
2026-08-12 18:21:20,2026-08-12 18:20:00,63370.0,63370.0,63952.0,-0.9101,-0.9101,4.1171,-1.5,62992.72,66584.96,1.761,7,none
2026-08-12 18:26:16,2026-08-12 18:25:00,63399.0,63385.0,63952.0,-0.8647,-0.8866,4.1171,-1.5,62992.72,66584.96,1.764,7,none
2026-08-12 18:31:24,2026-08-12 18:30:00,63450.0,63405.0,63952.0,-0.785,-0.8553,4.1171,-1.5,62992.72,66584.96,1.768,7,none
2026-08-12 18:36:08,2026-08-12 18:35:00,63478.0,63477.0,63952.0,-0.7412,-0.7427,4.1171,-1.5,62992.72,66584.96,1.771,7,none
2026-08-12 18:41:12,2026-08-12 18:40:00,63431.0,63424.0,63952.0,-0.8147,-0.8256,4.1171,-1.5,62992.72,66584.96,1.774,7,none
2026-08-12 18:45:39,2026-08-12 18:44:00,63424.0,63404.0,63952.0,-0.8256,-0.8569,4.1171,-1.5,62992.72,66584.96,1.777,7,none
2026-08-12 18:51:11,2026-08-12 18:50:00,63398.0,63396.0,63952.0,-0.8663,-0.8694,4.1171,-1.5,62992.72,66584.96,1.781,7,none
2026-08-12 18:56:08,2026-08-12 18:55:00,63373.0,63358.0,63952.0,-0.9054,-0.9288,4.1171,-1.5,62992.72,66584.96,1.785,7,none
2026-08-12 19:01:43,2026-08-12 19:00:00,63384.0,63361.0,63952.0,-0.8882,-0.9241,4.1171,-1.5,62992.72,66584.96,1.789,7,none
2026-08-12 19:06:11,2026-08-12 19:05:00,63391.0,63390.0,63952.0,-0.8772,-0.8788,4.1171,-1.5,62992.72,66584.96,1.792,7,none
2026-08-12 19:11:13,2026-08-12 19:10:00,63407.0,63399.0,63952.0,-0.8522,-0.8647,4.1171,-1.5,62992.72,66584.96,1.795,7,none
2026-08-12 19:16:18,2026-08-12 19:15:00,63378.0,63357.0,63952.0,-0.8975,-0.9304,4.1171,-1.5,62992.72,66584.96,1.799,7,none
2026-08-12 19:21:22,2026-08-12 19:20:00,63405.0,63404.0,63952.0,-0.8553,-0.8569,4.1171,-1.5,62992.72,66584.96,1.802,7,none
2026-08-12 19:26:08,2026-08-12 19:25:00,63304.0,63304.0,63952.0,-1.0133,-1.0133,4.1171,-1.5,62992.72,66584.96,1.806,7,none
2026-08-12 19:31:20,2026-08-12 19:30:00,63351.0,63350.0,63952.0,-0.9398,-0.9413,4.1171,-1.5,62992.72,66584.96,1.809,7,none
2026-08-12 19:36:13,2026-08-12 19:35:00,63355.0,63353.0,63952.0,-0.9335,-0.9366,4.1171,-1.5,62992.72,66584.96,1.813,7,none
2026-08-12 19:41:30,2026-08-12 19:40:00,63364.0,63341.0,63952.0,-0.9194,-0.9554,4.1171,-1.5,62992.72,66584.96,1.816,7,none
2026-08-12 19:46:19,2026-08-12 19:45:00,63332.0,63309.0,63952.0,-0.9695,-1.0054,4.1171,-1.5,62992.72,66584.96,1.82,7,none
2026-08-12 19:51:14,2026-08-12 19:50:00,63307.0,63307.0,63952.0,-1.0086,-1.0086,4.1171,-1.5,62992.72,66584.96,1.823,7,none
2026-08-12 19:55:34,2026-08-12 19:54:00,63393.0,63358.0,63952.0,-0.8741,-0.9288,4.1171,-1.5,62992.72,66584.96,1.826,7,none
2026-08-12 20:01:27,2026-08-12 20:00:00,63437.0,63408.0,63952.0,-0.8053,-0.8506,4.1171,-1.5,62992.72,66584.96,1.83,7,none
2026-08-12 20:06:23,2026-08-12 20:05:00,63489.0,63488.0,63952.0,-0.724,-0.7255,4.1171,-1.5,62992.72,66584.96,1.833,7,none
2026-08-12 20:11:25,2026-08-12 20:10:00,63421.0,63419.0,63952.0,-0.8303,-0.8334,4.1171,-1.5,62992.72,66584.96,1.837,7,none
2026-08-12 20:16:15,2026-08-12 20:15:00,63439.0,63438.0,63952.0,-0.8022,-0.8037,4.1171,-1.5,62992.72,66584.96,1.84,7,none
2026-08-12 20:21:20,2026-08-12 20:20:00,63480.0,63477.0,63952.0,-0.7381,-0.7427,4.1171,-1.5,62992.72,66584.96,1.844,7,none
2026-08-12 20:26:09,2026-08-12 20:25:00,63487.0,63476.0,63952.0,-0.7271,-0.7443,4.1171,-1.5,62992.72,66584.96,1.847,7,none
2026-08-12 20:31:34,2026-08-12 20:30:00,63496.0,63494.0,63952.0,-0.713,-0.7162,4.1171,-1.5,62992.72,66584.96,1.851,7,none
2026-08-12 20:36:14,2026-08-12 20:35:00,63536.0,63523.0,63952.0,-0.6505,-0.6708,4.1171,-1.5,62992.72,66584.96,1.854,7,none
2026-08-12 20:41:15,2026-08-12 20:40:00,63528.0,63527.0,63952.0,-0.663,-0.6646,4.1171,-1.5,62992.72,66584.96,1.858,7,none
2026-08-12 20:46:17,2026-08-12 20:45:00,63546.0,63526.0,63952.0,-0.6349,-0.6661,4.1171,-1.5,62992.72,66584.96,1.861,7,none
2026-08-12 20:51:18,2026-08-12 20:50:00,63519.0,63512.0,63952.0,-0.6771,-0.688,4.1171,-1.5,62992.72,66584.96,1.865,7,none
2026-08-12 20:56:17,2026-08-12 20:55:00,63518.0,63515.0,63952.0,-0.6786,-0.6833,4.1171,-1.5,62992.72,66584.96,1.868,7,none
2026-08-12 21:01:27,2026-08-12 21:00:00,63615.0,63585.0,63952.0,-0.527,-0.5739,4.1171,-1.5,62992.72,66584.96,1.872,7,none
2026-08-12 21:06:15,2026-08-12 21:05:00,63557.0,63557.0,63952.0,-0.6177,-0.6177,4.1171,-1.5,62992.72,66584.96,1.875,7,none
2026-08-12 21:11:17,2026-08-12 21:10:00,63565.0,63543.0,63952.0,-0.6051,-0.6395,4.1171,-1.5,62992.72,66584.96,1.879,7,none
2026-08-12 21:16:14,2026-08-12 21:15:00,63574.0,63561.0,63952.0,-0.5911,-0.6114,4.1171,-1.5,62992.72,66584.96,1.882,7,none
2026-08-12 21:21:17,2026-08-12 21:20:00,63551.0,63550.0,63952.0,-0.627,-0.6286,4.1171,-1.5,62992.72,66584.96,1.885,7,none
2026-08-12 21:26:07,2026-08-12 21:25:00,63502.0,63487.0,63952.0,-0.7037,-0.7271,4.1171,-1.5,62992.72,66584.96,1.889,7,none
2026-08-12 21:31:32,2026-08-12 21:30:00,63453.0,63419.0,63952.0,-0.7803,-0.8334,4.1171,-1.5,62992.72,66584.96,1.893,7,none
2026-08-12 21:34:00,2026-08-12 21:32:00,63476.0,63460.0,63952.0,-0.7443,-0.7693,4.1171,-1.5,62992.72,66584.96,1.894,7,none
2026-08-12 21:36:11,2026-08-12 21:35:00,63451.0,63451.0,63952.0,-0.7834,-0.7834,4.1171,-1.5,62992.72,66584.96,1.896,7,none
2026-08-12 21:41:20,2026-08-12 21:40:00,63496.0,63495.0,63952.0,-0.713,-0.7146,4.1171,-1.5,62992.72,66584.96,1.899,7,none
2026-08-12 21:46:13,2026-08-12 21:45:00,63525.0,63507.0,63952.0,-0.6677,-0.6958,4.1171,-1.5,62992.72,66584.96,1.903,7,none
2026-08-12 21:51:17,2026-08-12 21:50:00,63541.0,63502.0,63952.0,-0.6427,-0.7037,4.1171,-1.5,62992.72,66584.96,1.906,7,none
2026-08-12 21:56:13,2026-08-12 21:55:00,63522.0,63521.0,63952.0,-0.6724,-0.6739,4.1171,-1.5,62992.72,66584.96,1.91,7,none
2026-08-12 22:01:29,2026-08-12 22:00:00,63463.0,63446.0,63952.0,-0.7646,-0.7912,4.1171,-1.5,62992.72,66584.96,1.913,7,none
2026-08-12 22:06:17,2026-08-12 22:05:00,63468.0,63462.0,63952.0,-0.7568,-0.7662,4.1171,-1.5,62992.72,66584.96,1.917,7,none
2026-08-12 22:11:18,2026-08-12 22:10:00,63495.0,63464.0,63952.0,-0.7146,-0.7631,4.1171,-1.5,62992.72,66584.96,1.92,7,none
2026-08-12 22:16:12,2026-08-12 22:15:00,63492.0,63482.0,63952.0,-0.7193,-0.7349,4.1171,-1.5,62992.72,66584.96,1.924,7,none
2026-08-12 22:21:12,2026-08-12 22:20:00,63505.0,63497.0,63952.0,-0.699,-0.7115,4.1171,-1.5,62992.72,66584.96,1.927,7,none
2026-08-12 22:26:12,2026-08-12 22:25:00,63509.0,63503.0,63952.0,-0.6927,-0.7021,4.1171,-1.5,62992.72,66584.96,1.931,7,none
2026-08-12 22:28:59,2026-08-12 22:27:00,63485.0,63474.0,63952.0,-0.7302,-0.7474,4.1171,-1.5,62992.72,66584.96,1.932,7,none
2026-08-12 22:31:20,2026-08-12 22:30:00,63475.0,63459.0,63952.0,-0.7459,-0.7709,4.1171,-1.5,62992.72,66584.96,1.934,7,none
2026-08-12 22:36:12,2026-08-12 22:35:00,63373.0,63373.0,63952.0,-0.9054,-0.9054,4.1171,-1.5,62992.72,66584.96,1.937,7,none
2026-08-12 22:41:13,2026-08-12 22:40:00,63382.0,63364.0,63952.0,-0.8913,-0.9194,4.1171,-1.5,62992.72,66584.96,1.941,7,none
2026-08-12 22:46:22,2026-08-12 22:45:00,63397.0,63383.0,63952.0,-0.8678,-0.8897,4.1171,-1.5,62992.72,66584.96,1.945,7,none
2026-08-12 22:51:16,2026-08-12 22:50:00,63405.0,63394.0,63952.0,-0.8553,-0.8725,4.1171,-1.5,62992.72,66584.96,1.948,7,none
2026-08-12 22:56:12,2026-08-12 22:55:00,63421.0,63421.0,63952.0,-0.8303,-0.8303,4.1171,-1.5,62992.72,66584.96,1.951,7,none
2026-08-12 23:01:24,2026-08-12 23:00:00,63408.0,63407.0,63952.0,-0.8506,-0.8522,4.1171,-1.5,62992.72,66584.96,1.955,7,none
2026-08-12 23:06:11,2026-08-12 23:05:00,63388.0,63387.0,63952.0,-0.8819,-0.8835,4.1171,-1.5,62992.72,66584.96,1.958,7,none
2026-08-12 23:11:17,2026-08-12 23:10:00,63397.0,63396.0,63952.0,-0.8678,-0.8694,4.1171,-1.5,62992.72,66584.96,1.962,7,none
2026-08-12 23:16:37,2026-08-12 23:15:00,63432.0,63398.0,63952.0,-0.8131,-0.8663,4.1171,-1.5,62992.72,66584.96,1.966,7,none
2026-08-12 23:21:16,2026-08-12 23:20:00,63415.0,63403.0,63952.0,-0.8397,-0.8585,4.1171,-1.5,62992.72,66584.96,1.969,7,none
2026-08-12 23:26:14,2026-08-12 23:25:00,63372.0,63366.0,63952.0,-0.9069,-0.9163,4.1171,-1.5,62992.72,66584.96,1.972,7,none
2026-08-12 23:29:26,2026-08-12 23:28:00,63379.0,63353.0,63952.0,-0.896,-0.9366,4.1171,-1.5,62992.72,66584.96,1.974,7,none
2026-08-12 23:31:19,2026-08-12 23:30:00,63412.0,63411.0,63952.0,-0.8444,-0.8459,4.1171,-1.5,62992.72,66584.96,1.976,7,none
2026-08-12 23:36:05,2026-08-12 23:35:00,63448.0,63441.0,63952.0,-0.7881,-0.799,4.1171,-1.5,62992.72,66584.96,1.979,7,none
2026-08-12 23:41:18,2026-08-12 23:40:00,63422.0,63422.0,63952.0,-0.8287,-0.8287,4.1171,-1.5,62992.72,66584.96,1.983,7,none
2026-08-12 23:46:13,2026-08-12 23:45:00,63394.0,63393.0,63952.0,-0.8725,-0.8741,4.1171,-1.5,62992.72,66584.96,1.986,7,none
2026-08-12 23:51:18,2026-08-12 23:50:00,63393.0,63392.0,63952.0,-0.8741,-0.8757,4.1171,-1.5,62992.72,66584.96,1.99,7,none
2026-08-12 23:56:15,2026-08-12 23:55:00,63410.0,63409.0,63952.0,-0.8475,-0.8491,4.1171,-1.5,62992.72,66584.96,1.993,7,none
2026-08-13 00:01:32,2026-08-13 00:00:00,63489.0,63461.0,63952.0,-0.724,-0.7678,4.1171,-1.5,62992.72,66584.96,1.997,7,none
2026-08-13 00:06:25,2026-08-13 00:05:00,63497.0,63449.0,63952.0,-0.7115,-0.7865,4.1171,-1.5,62992.72,66584.96,2.0,7,none
2026-08-13 00:11:16,2026-08-13 00:10:00,63566.0,63566.0,63952.0,-0.6036,-0.6036,4.1171,-1.5,62992.72,66584.96,2.004,7,none
2026-08-13 00:16:19,2026-08-13 00:15:00,63591.0,63581.0,63952.0,-0.5645,-0.5801,4.1171,-1.5,62992.72,66584.96,2.007,7,none
2026-08-13 00:21:17,2026-08-13 00:20:00,63608.0,63608.0,63952.0,-0.5379,-0.5379,4.1171,-1.5,62992.72,66584.96,2.01,7,none
2026-08-13 00:26:10,2026-08-13 00:25:00,63590.0,63589.0,63952.0,-0.566,-0.5676,4.1171,-1.5,62992.72,66584.96,2.014,7,none
2026-08-13 00:31:24,2026-08-13 00:30:00,63592.0,63592.0,63952.0,-0.5629,-0.5629,4.1171,-1.5,62992.72,66584.96,2.017,7,none
2026-08-13 00:36:16,2026-08-13 00:35:00,63567.0,63564.0,63952.0,-0.602,-0.6067,4.1171,-1.5,62992.72,66584.96,2.021,7,none
2026-08-13 00:41:13,2026-08-13 00:40:00,63550.0,63550.0,63952.0,-0.6286,-0.6286,4.1171,-1.5,62992.72,66584.96,2.024,7,none
2026-08-13 00:46:25,2026-08-13 00:45:00,63495.0,63489.0,63952.0,-0.7146,-0.724,4.1171,-1.5,62992.72,66584.96,2.028,7,none
2026-08-13 00:51:13,2026-08-13 00:50:00,63578.0,63562.0,63952.0,-0.5848,-0.6098,4.1171,-1.5,62992.72,66584.96,2.031,7,none
2026-08-13 00:56:13,2026-08-13 00:55:00,63559.0,63549.0,63952.0,-0.6145,-0.6302,4.1171,-1.5,62992.72,66584.96,2.035,7,none
2026-08-13 00:58:49,2026-08-13 00:57:00,63566.0,63551.0,63952.0,-0.6036,-0.627,4.1171,-1.5,62992.72,66584.96,2.037,7,none
2026-08-13 01:01:27,2026-08-13 01:00:00,63518.0,63517.0,63952.0,-0.6786,-0.6802,4.1171,-1.5,62992.72,66584.96,2.038,7,none
2026-08-13 01:06:11,2026-08-13 01:05:00,63547.0,63546.0,63952.0,-0.6333,-0.6349,4.1171,-1.5,62992.72,66584.96,2.042,7,none
2026-08-13 01:11:19,2026-08-13 01:10:00,63583.0,63560.0,63952.0,-0.577,-0.613,4.1171,-1.5,62992.72,66584.96,2.045,7,none
2026-08-13 01:16:13,2026-08-13 01:15:00,63606.0,63605.0,63952.0,-0.541,-0.5426,4.1171,-1.5,62992.72,66584.96,2.049,7,none
2026-08-13 01:21:27,2026-08-13 01:20:00,63541.0,63520.0,63952.0,-0.6427,-0.6755,4.1171,-1.5,62992.72,66584.96,2.052,7,none
2026-08-13 01:26:14,2026-08-13 01:25:00,63405.0,63405.0,63952.0,-0.8553,-0.8553,4.1171,-1.5,62992.72,66584.96,2.056,7,none
2026-08-13 01:31:25,2026-08-13 01:30:00,63425.0,63399.0,63952.0,-0.8241,-0.8647,4.1171,-1.5,62992.72,66584.96,2.059,7,none
2026-08-13 01:36:13,2026-08-13 01:35:00,63476.0,63460.0,63952.0,-0.7443,-0.7693,4.1171,-1.5,62992.72,66584.96,2.063,7,none
2026-08-13 01:41:12,2026-08-13 01:40:00,63505.0,63505.0,63952.0,-0.699,-0.699,4.1171,-1.5,62992.72,66584.96,2.066,7,none
2026-08-13 01:46:13,2026-08-13 01:45:00,63365.0,63364.0,63952.0,-0.9179,-0.9194,4.1171,-1.5,62992.72,66584.96,2.069,7,none
2026-08-13 01:51:14,2026-08-13 01:50:00,63437.0,63409.0,63952.0,-0.8053,-0.8491,4.1171,-1.5,62992.72,66584.96,2.073,7,none
2026-08-13 01:56:13,2026-08-13 01:55:00,63494.0,63471.0,63952.0,-0.7162,-0.7521,4.1171,-1.5,62992.72,66584.96,2.076,7,none
2026-08-13 02:01:37,2026-08-13 02:00:00,63434.0,63433.0,63952.0,-0.81,-0.8115,4.1171,-1.5,62992.72,66584.96,2.08,7,none
2026-08-13 02:06:26,2026-08-13 02:05:00,63421.0,63420.0,63952.0,-0.8303,-0.8319,4.1171,-1.5,62992.72,66584.96,2.083,7,none
2026-08-13 02:11:17,2026-08-13 02:10:00,63431.0,63431.0,63952.0,-0.8147,-0.8147,4.1171,-1.5,62992.72,66584.96,2.087,7,none
2026-08-13 02:16:17,2026-08-13 02:15:00,63428.0,63428.0,63952.0,-0.8194,-0.8194,4.1171,-1.5,62992.72,66584.96,2.09,7,none
2026-08-13 02:21:18,2026-08-13 02:20:00,63426.0,63425.0,63952.0,-0.8225,-0.8241,4.1171,-1.5,62992.72,66584.96,2.094,7,none
2026-08-13 02:26:17,2026-08-13 02:25:00,63435.0,63423.0,63952.0,-0.8084,-0.8272,4.1171,-1.5,62992.72,66584.96,2.097,7,none
2026-08-13 02:31:20,2026-08-13 02:30:00,63400.0,63400.0,63952.0,-0.8631,-0.8631,4.1171,-1.5,62992.72,66584.96,2.101,7,none
2026-08-13 02:36:02,2026-08-13 02:34:00,63402.0,63395.0,63952.0,-0.86,-0.871,4.1171,-1.5,62992.72,66584.96,2.104,7,none
2026-08-13 02:41:14,2026-08-13 02:40:00,63398.0,63397.0,63952.0,-0.8663,-0.8678,4.1171,-1.5,62992.72,66584.96,2.108,7,none
2026-08-13 02:46:18,2026-08-13 02:45:00,63467.0,63467.0,63952.0,-0.7584,-0.7584,4.1171,-1.5,62992.72,66584.96,2.111,7,none
2026-08-13 02:51:31,2026-08-13 02:50:00,63522.0,63510.0,63952.0,-0.6724,-0.6911,4.1171,-1.5,62992.72,66584.96,2.115,7,none
2026-08-13 02:56:08,2026-08-13 02:55:00,63550.0,63546.0,63952.0,-0.6286,-0.6349,4.1171,-1.5,62992.72,66584.96,2.118,7,none
2026-08-13 03:01:27,2026-08-13 03:00:00,63543.0,63526.0,63952.0,-0.6395,-0.6661,4.1171,-1.5,62992.72,66584.96,2.122,7,none
2026-08-13 03:06:09,2026-08-13 03:05:00,63511.0,63511.0,63952.0,-0.6896,-0.6896,4.1171,-1.5,62992.72,66584.96,2.125,7,none
2026-08-13 03:11:15,2026-08-13 03:10:00,63515.0,63490.0,63952.0,-0.6833,-0.7224,4.1171,-1.5,62992.72,66584.96,2.129,7,none
2026-08-13 03:16:15,2026-08-13 03:15:00,63562.0,63556.0,63952.0,-0.6098,-0.6192,4.1171,-1.5,62992.72,66584.96,2.132,7,none
2026-08-13 03:21:17,2026-08-13 03:20:00,63589.0,63565.0,63952.0,-0.5676,-0.6051,4.1171,-1.5,62992.72,66584.96,2.135,7,none
2026-08-13 03:25:35,2026-08-13 03:24:00,63599.0,63598.0,63952.0,-0.552,-0.5535,4.1171,-1.5,62992.72,66584.96,2.138,7,none
2026-08-13 03:31:23,2026-08-13 03:30:00,63558.0,63546.0,63952.0,-0.6161,-0.6349,4.1171,-1.5,62992.72,66584.96,2.142,7,none
2026-08-13 03:36:15,2026-08-13 03:35:00,63607.0,63589.0,63952.0,-0.5395,-0.5676,4.1171,-1.5,62992.72,66584.96,2.146,7,none
2026-08-13 03:41:22,2026-08-13 03:40:00,63575.0,63574.0,63952.0,-0.5895,-0.5911,4.1171,-1.5,62992.72,66584.96,2.149,7,none
2026-08-13 03:46:03,2026-08-13 03:45:00,63566.0,63553.0,63952.0,-0.6036,-0.6239,4.1171,-1.5,62992.72,66584.96,2.153,7,none
2026-08-13 03:51:13,2026-08-13 03:50:00,63631.0,63601.0,63952.0,-0.5019,-0.5488,4.1171,-1.5,62992.72,66584.96,2.156,7,none
2026-08-13 03:56:10,2026-08-13 03:55:00,63633.0,63632.0,63952.0,-0.4988,-0.5004,4.1171,-1.5,62992.72,66584.96,2.16,7,none
2026-08-13 04:01:27,2026-08-13 04:00:00,63618.0,63617.0,63952.0,-0.5223,-0.5238,4.1171,-1.5,62992.72,66584.96,2.163,7,none
2026-08-13 04:06:09,2026-08-13 04:05:00,63617.0,63616.0,63952.0,-0.5238,-0.5254,4.1171,-1.5,62992.72,66584.96,2.167,7,none
2026-08-13 04:11:18,2026-08-13 04:10:00,63615.0,63615.0,63952.0,-0.527,-0.527,4.1171,-1.5,62992.72,66584.96,2.17,7,none
2026-08-13 04:16:12,2026-08-13 04:15:00,63622.0,63621.0,63952.0,-0.516,-0.5176,4.1171,-1.5,62992.72,66584.96,2.174,7,none
2026-08-13 04:21:17,2026-08-13 04:20:00,63595.0,63595.0,63952.0,-0.5582,-0.5582,4.1171,-1.5,62992.72,66584.96,2.177,7,none
2026-08-13 04:26:11,2026-08-13 04:25:00,63583.0,63579.0,63952.0,-0.577,-0.5832,4.1171,-1.5,62992.72,66584.96,2.181,7,none
2026-08-13 04:31:33,2026-08-13 04:30:00,63585.0,63572.0,63952.0,-0.5739,-0.5942,4.1171,-1.5,62992.72,66584.96,2.184,7,none
2026-08-13 04:36:14,2026-08-13 04:35:00,63638.0,63596.0,63952.0,-0.491,-0.5567,4.1171,-1.5,62992.72,66584.96,2.188,7,none
2026-08-13 04:41:16,2026-08-13 04:40:00,63660.0,63659.0,63952.0,-0.4566,-0.4582,4.1171,-1.5,62992.72,66584.96,2.191,7,none
2026-08-13 04:46:15,2026-08-13 04:45:00,63737.0,63677.0,63952.0,-0.3362,-0.43,4.1171,-1.5,62992.72,66584.96,2.194,7,none
2026-08-13 04:51:17,2026-08-13 04:50:00,63711.0,63701.0,63952.0,-0.3768,-0.3925,4.1171,-1.5,62992.72,66584.96,2.198,7,none
2026-08-13 04:56:08,2026-08-13 04:55:00,63711.0,63706.0,63952.0,-0.3768,-0.3847,4.1171,-1.5,62992.72,66584.96,2.201,7,none
2026-08-13 05:01:31,2026-08-13 05:00:00,63658.0,63657.0,63952.0,-0.4597,-0.4613,4.1171,-1.5,62992.72,66584.96,2.205,7,none
2026-08-13 05:06:11,2026-08-13 05:05:00,63712.0,63706.0,63952.0,-0.3753,-0.3847,4.1171,-1.5,62992.72,66584.96,2.208,7,none
2026-08-13 05:11:17,2026-08-13 05:10:00,63846.0,63805.0,63952.0,-0.1657,-0.2299,4.1171,-1.5,62992.72,66584.96,2.212,7,none
2026-08-13 05:16:17,2026-08-13 05:15:00,63963.0,63855.0,63952.0,0.0172,-0.1517,4.1171,-1.5,62992.72,66584.96,2.215,7,none
2026-08-13 05:21:20,2026-08-13 05:20:00,63892.0,63888.0,63952.0,-0.0938,-0.1001,4.1171,-1.5,62992.72,66584.96,2.219,7,none
2026-08-13 05:26:13,2026-08-13 05:25:00,63903.0,63897.0,63952.0,-0.0766,-0.086,4.1171,-1.5,62992.72,66584.96,2.222,7,none
2026-08-13 05:31:20,2026-08-13 05:30:00,63889.0,63889.0,63952.0,-0.0985,-0.0985,4.1171,-1.5,62992.72,66584.96,2.226,7,none
2026-08-13 05:36:17,2026-08-13 05:35:00,63891.0,63891.0,63952.0,-0.0954,-0.0954,4.1171,-1.5,62992.72,66584.96,2.229,7,none
2026-08-13 05:41:13,2026-08-13 05:40:00,63906.0,63905.0,63952.0,-0.0719,-0.0735,4.1171,-1.5,62992.72,66584.96,2.233,7,none
2026-08-13 05:46:12,2026-08-13 05:45:00,63896.0,63888.0,63952.0,-0.0876,-0.1001,4.1171,-1.5,62992.72,66584.96,2.236,7,none
2026-08-13 05:51:38,2026-08-13 05:50:00,63864.0,63864.0,63952.0,-0.1376,-0.1376,4.1171,-1.5,62992.72,66584.96,2.24,7,none
2026-08-13 05:56:11,2026-08-13 05:55:00,63873.0,63872.0,63952.0,-0.1235,-0.1251,4.1171,-1.5,62992.72,66584.96,2.243,7,none
2026-08-13 06:01:36,2026-08-13 06:00:00,63844.0,63837.0,63952.0,-0.1689,-0.1798,4.1171,-1.5,62992.72,66584.96,2.247,7,none
2026-08-13 06:06:17,2026-08-13 06:05:00,63795.0,63790.0,63952.0,-0.2455,-0.2533,4.1171,-1.5,62992.72,66584.96,2.25,7,none
2026-08-13 06:11:23,2026-08-13 06:10:00,63795.0,63794.0,63952.0,-0.2455,-0.2471,4.1171,-1.5,62992.72,66584.96,2.254,7,none
2026-08-13 06:16:23,2026-08-13 06:15:00,63808.0,63807.0,63952.0,-0.2252,-0.2267,4.1171,-1.5,62992.72,66584.96,2.257,7,none
2026-08-13 06:21:14,2026-08-13 06:20:00,63807.0,63806.0,63952.0,-0.2267,-0.2283,4.1171,-1.5,62992.72,66584.96,2.26,7,none
2026-08-13 06:26:14,2026-08-13 06:25:00,63800.0,63799.0,63952.0,-0.2377,-0.2392,4.1171,-1.5,62992.72,66584.96,2.264,7,none
2026-08-13 06:31:23,2026-08-13 06:30:00,63782.0,63781.0,63952.0,-0.2658,-0.2674,4.1171,-1.5,62992.72,66584.96,2.267,7,none
2026-08-13 06:36:18,2026-08-13 06:35:00,63769.0,63755.0,63952.0,-0.2862,-0.308,4.1171,-1.5,62992.72,66584.96,2.271,7,none
2026-08-13 06:41:28,2026-08-13 06:40:00,63736.0,63736.0,63952.0,-0.3378,-0.3378,4.1171,-1.5,62992.72,66584.96,2.274,7,none
2026-08-13 06:46:16,2026-08-13 06:45:00,63745.0,63726.0,63952.0,-0.3237,-0.3534,4.1171,-1.5,62992.72,66584.96,2.278,7,none
2026-08-13 06:51:32,2026-08-13 06:50:00,63784.0,63771.0,63952.0,-0.2627,-0.283,4.1171,-1.5,62992.72,66584.96,2.281,7,none
2026-08-13 06:56:08,2026-08-13 06:55:00,63889.0,63880.0,63952.0,-0.0985,-0.1126,4.1171,-1.5,62992.72,66584.96,2.285,7,none
2026-08-13 07:01:31,2026-08-13 07:00:00,63898.0,63898.0,63952.0,-0.0844,-0.0844,4.1171,-1.5,62992.72,66584.96,2.288,7,none
2026-08-13 07:06:08,2026-08-13 07:05:00,63849.0,63841.0,63952.0,-0.1611,-0.1736,4.1171,-1.5,62992.72,66584.96,2.292,7,none
2026-08-13 07:09:33,2026-08-13 07:08:00,63843.0,63841.0,63952.0,-0.1704,-0.1736,4.1171,-1.5,62992.72,66584.96,2.294,7,none
2026-08-13 07:11:14,2026-08-13 07:10:00,63847.0,63846.0,63952.0,-0.1642,-0.1657,4.1171,-1.5,62992.72,66584.96,2.295,7,none
2026-08-13 07:16:20,2026-08-13 07:15:00,63849.0,63843.0,63952.0,-0.1611,-0.1704,4.1171,-1.5,62992.72,66584.96,2.299,7,none
2026-08-13 07:21:18,2026-08-13 07:20:00,63834.0,63833.0,63952.0,-0.1845,-0.1861,4.1171,-1.5,62992.72,66584.96,2.302,7,none
2026-08-13 07:26:13,2026-08-13 07:25:00,63864.0,63864.0,63952.0,-0.1376,-0.1376,4.1171,-1.5,62992.72,66584.96,2.306,7,none
2026-08-13 07:31:20,2026-08-13 07:30:00,63871.0,63868.0,63952.0,-0.1267,-0.1313,4.1171,-1.5,62992.72,66584.96,2.309,7,none
2026-08-13 07:36:13,2026-08-13 07:35:00,63861.0,63861.0,63952.0,-0.1423,-0.1423,4.1171,-1.5,62992.72,66584.96,2.313,7,none
2026-08-13 07:41:12,2026-08-13 07:40:00,63846.0,63846.0,63952.0,-0.1657,-0.1657,4.1171,-1.5,62992.72,66584.96,2.316,7,none
2026-08-13 07:46:16,2026-08-13 07:45:00,63840.0,63839.0,63952.0,-0.1751,-0.1767,4.1171,-1.5,62992.72,66584.96,2.319,7,none
2026-08-13 07:51:19,2026-08-13 07:50:00,63821.0,63821.0,63952.0,-0.2048,-0.2048,4.1171,-1.5,62992.72,66584.96,2.323,7,none
2026-08-13 07:56:07,2026-08-13 07:55:00,63824.0,63824.0,63952.0,-0.2002,-0.2002,4.1171,-1.5,62992.72,66584.96,2.326,7,none
2026-08-13 08:01:26,2026-08-13 08:00:00,63853.0,63831.0,63952.0,-0.1548,-0.1892,4.1171,-1.5,62992.72,66584.96,2.33,7,none
2026-08-13 08:06:16,2026-08-13 08:05:00,63861.0,63860.0,63952.0,-0.1423,-0.1439,4.1171,-1.5,62992.72,66584.96,2.333,7,none
2026-08-13 08:11:15,2026-08-13 08:10:00,63839.0,63839.0,63952.0,-0.1767,-0.1767,4.1171,-1.5,62992.72,66584.96,2.337,7,none
2026-08-13 08:16:12,2026-08-13 08:15:00,63793.0,63793.0,63952.0,-0.2486,-0.2486,4.1171,-1.5,62992.72,66584.96,2.34,7,none
2026-08-13 08:21:13,2026-08-13 08:20:00,63782.0,63769.0,63952.0,-0.2658,-0.2862,4.1171,-1.5,62992.72,66584.96,2.344,7,none
2026-08-13 08:26:08,2026-08-13 08:25:00,63769.0,63769.0,63952.0,-0.2862,-0.2862,4.1171,-1.5,62992.72,66584.96,2.347,7,none
2026-08-13 08:31:28,2026-08-13 08:30:00,63748.0,63747.0,63952.0,-0.319,-0.3206,4.1171,-1.5,62992.72,66584.96,2.351,7,none
2026-08-13 08:36:08,2026-08-13 08:35:00,63745.0,63744.0,63952.0,-0.3237,-0.3252,4.1171,-1.5,62992.72,66584.96,2.354,7,none
2026-08-13 08:41:13,2026-08-13 08:40:00,63760.0,63760.0,63952.0,-0.3002,-0.3002,4.1171,-1.5,62992.72,66584.96,2.358,7,none
2026-08-13 08:46:32,2026-08-13 08:45:00,63734.0,63733.0,63952.0,-0.3409,-0.3424,4.1171,-1.5,62992.72,66584.96,2.361,7,none
2026-08-13 08:51:11,2026-08-13 08:50:00,63740.0,63739.0,63952.0,-0.3315,-0.3331,4.1171,-1.5,62992.72,66584.96,2.365,7,none
2026-08-13 08:56:15,2026-08-13 08:55:00,63726.0,63711.0,63952.0,-0.3534,-0.3768,4.1171,-1.5,62992.72,66584.96,2.368,7,none
2026-08-13 09:01:08,2026-08-13 09:00:00,63737.0,63732.0,63952.0,-0.3362,-0.344,4.1171,-1.5,62992.72,66584.96,2.371,7,none
2026-08-13 09:06:12,2026-08-13 09:05:00,63676.0,63675.0,63952.0,-0.4316,-0.4331,4.1171,-1.5,62992.72,66584.96,2.375,7,none
2026-08-13 09:11:18,2026-08-13 09:10:00,63645.0,63644.0,63952.0,-0.48,-0.4816,4.1171,-1.5,62992.72,66584.96,2.379,7,none
2026-08-13 09:16:20,2026-08-13 09:15:00,63574.0,63560.0,63952.0,-0.5911,-0.613,4.1171,-1.5,62992.72,66584.96,2.382,7,none
2026-08-13 09:21:23,2026-08-13 09:20:00,63640.0,63637.0,63952.0,-0.4879,-0.4926,4.1171,-1.5,62992.72,66584.96,2.386,7,none
2026-08-13 09:26:08,2026-08-13 09:25:00,63674.0,63674.0,63952.0,-0.4347,-0.4347,4.1171,-1.5,62992.72,66584.96,2.389,7,none
2026-08-13 09:31:18,2026-08-13 09:30:00,63649.0,63625.0,63952.0,-0.4738,-0.5113,4.1171,-1.5,62992.72,66584.96,2.392,7,none
2026-08-13 09:36:17,2026-08-13 09:35:00,63657.0,63657.0,63952.0,-0.4613,-0.4613,4.1171,-1.5,62992.72,66584.96,2.396,7,none
2026-08-13 09:41:27,2026-08-13 09:40:00,63651.0,63643.0,63952.0,-0.4707,-0.4832,4.1171,-1.5,62992.72,66584.96,2.399,7,none
2026-08-13 09:46:20,2026-08-13 09:45:00,63673.0,63672.0,63952.0,-0.4363,-0.4378,4.1171,-1.5,62992.72,66584.96,2.403,7,none
2026-08-13 09:51:15,2026-08-13 09:50:00,63715.0,63693.0,63952.0,-0.3706,-0.405,4.1171,-1.5,62992.72,66584.96,2.406,7,none
2026-08-13 09:56:08,2026-08-13 09:55:00,63737.0,63736.0,63952.0,-0.3362,-0.3378,4.1171,-1.5,62992.72,66584.96,2.41,7,none
2026-08-13 10:01:25,2026-08-13 10:00:00,63749.0,63749.0,63952.0,-0.3174,-0.3174,4.1171,-1.5,62992.72,66584.96,2.413,7,none
2026-08-13 10:06:13,2026-08-13 10:05:00,63661.0,63608.0,63952.0,-0.455,-0.5379,4.1171,-1.5,62992.72,66584.96,2.417,7,none
2026-08-13 10:11:15,2026-08-13 10:10:00,63616.0,63594.0,63952.0,-0.5254,-0.5598,4.1171,-1.5,62992.72,66584.96,2.42,7,none
2026-08-13 10:16:18,2026-08-13 10:15:00,63602.0,63589.0,63952.0,-0.5473,-0.5676,4.1171,-1.5,62992.72,66584.96,2.424,7,none
2026-08-13 10:21:15,2026-08-13 10:20:00,63613.0,63613.0,63952.0,-0.5301,-0.5301,4.1171,-1.5,62992.72,66584.96,2.427,7,none
2026-08-13 10:26:11,2026-08-13 10:25:00,63596.0,63595.0,63952.0,-0.5567,-0.5582,4.1171,-1.5,62992.72,66584.96,2.431,7,none
2026-08-13 10:31:25,2026-08-13 10:30:00,63584.0,63584.0,63952.0,-0.5754,-0.5754,4.1171,-1.5,62992.72,66584.96,2.434,7,none
2026-08-13 10:36:16,2026-08-13 10:35:00,63585.0,63560.0,63952.0,-0.5739,-0.613,4.1171,-1.5,62992.72,66584.96,2.438,7,none
2026-08-13 10:41:26,2026-08-13 10:40:00,63579.0,63579.0,63952.0,-0.5832,-0.5832,4.1171,-1.5,62992.72,66584.96,2.441,7,none
2026-08-13 10:46:26,2026-08-13 10:45:00,63615.0,63614.0,63952.0,-0.527,-0.5285,4.1171,-1.5,62992.72,66584.96,2.445,7,none
2026-08-13 10:51:27,2026-08-13 10:50:00,63621.0,63617.0,63952.0,-0.5176,-0.5238,4.1171,-1.5,62992.72,66584.96,2.448,7,none
2026-08-13 10:56:07,2026-08-13 10:55:00,63623.0,63620.0,63952.0,-0.5144,-0.5191,4.1171,-1.5,62992.72,66584.96,2.451,7,none
2026-08-13 11:01:27,2026-08-13 11:00:00,63633.0,63624.0,63952.0,-0.4988,-0.5129,4.1171,-1.5,62992.72,66584.96,2.455,7,none
2026-08-13 11:06:26,2026-08-13 11:05:00,63612.0,63612.0,63952.0,-0.5316,-0.5316,4.1171,-1.5,62992.72,66584.96,2.458,7,none
2026-08-13 11:11:26,2026-08-13 11:10:00,63592.0,63588.0,63952.0,-0.5629,-0.5692,4.1171,-1.5,62992.72,66584.96,2.462,7,none
2026-08-13 11:16:16,2026-08-13 11:15:00,63593.0,63592.0,63952.0,-0.5614,-0.5629,4.1171,-1.5,62992.72,66584.96,2.465,7,none
2026-08-13 11:21:13,2026-08-13 11:20:00,63592.0,63592.0,63952.0,-0.5629,-0.5629,4.1171,-1.5,62992.72,66584.96,2.469,7,none
2026-08-13 11:26:08,2026-08-13 11:25:00,63441.0,63423.0,63952.0,-0.799,-0.8272,4.1171,-1.5,62992.72,66584.96,2.472,7,none
2026-08-13 11:31:18,2026-08-13 11:30:00,63429.0,63404.0,63952.0,-0.8178,-0.8569,4.1171,-1.5,62992.72,66584.96,2.476,7,none
2026-08-13 11:36:11,2026-08-13 11:35:00,63344.0,63318.0,63952.0,-0.9507,-0.9914,4.1171,-1.5,62992.72,66584.96,2.479,7,none
2026-08-13 11:38:34,2026-08-13 11:37:00,63419.0,63384.0,63952.0,-0.8334,-0.8882,4.1171,-1.5,62992.72,66584.96,2.481,7,none
2026-08-13 11:41:22,2026-08-13 11:40:00,63439.0,63438.0,63952.0,-0.8022,-0.8037,4.1171,-1.5,62992.72,66584.96,2.483,7,none
2026-08-13 11:46:11,2026-08-13 11:45:00,63444.0,63426.0,63952.0,-0.7943,-0.8225,4.1171,-1.5,62992.72,66584.96,2.486,7,none
2026-08-13 11:51:15,2026-08-13 11:50:00,63451.0,63450.0,63952.0,-0.7834,-0.785,4.1171,-1.5,62992.72,66584.96,2.49,7,none
2026-08-13 11:56:10,2026-08-13 11:55:00,63439.0,63439.0,63952.0,-0.8022,-0.8022,4.1171,-1.5,62992.72,66584.96,2.493,7,none
2026-08-13 12:01:35,2026-08-13 12:00:00,63422.0,63421.0,63952.0,-0.8287,-0.8303,4.1171,-1.5,62992.72,66584.96,2.497,7,none
2026-08-13 12:06:09,2026-08-13 12:05:00,63465.0,63437.0,63952.0,-0.7615,-0.8053,4.1171,-1.5,62992.72,66584.96,2.5,7,none
2026-08-13 12:11:13,2026-08-13 12:10:00,63501.0,63500.0,63952.0,-0.7052,-0.7068,4.1171,-1.5,62992.72,66584.96,2.503,7,none
2026-08-13 12:16:11,2026-08-13 12:15:00,63531.0,63530.0,63952.0,-0.6583,-0.6599,4.1171,-1.5,62992.72,66584.96,2.507,7,none
2026-08-13 12:21:14,2026-08-13 12:20:00,63544.0,63530.0,63952.0,-0.638,-0.6599,4.1171,-1.5,62992.72,66584.96,2.51,7,none
2026-08-13 12:26:05,2026-08-13 12:25:00,63537.0,63536.0,63952.0,-0.6489,-0.6505,4.1171,-1.5,62992.72,66584.96,2.514,7,none
2026-08-13 12:31:29,2026-08-13 12:30:00,63530.0,63501.0,63952.0,-0.6599,-0.7052,4.1171,-1.5,62992.72,66584.96,2.518,7,none
2026-08-13 12:36:11,2026-08-13 12:35:00,63605.0,63600.0,63952.0,-0.5426,-0.5504,4.1171,-1.5,62992.72,66584.96,2.521,7,none
2026-08-13 12:41:35,2026-08-13 12:40:00,63529.0,63505.0,63952.0,-0.6614,-0.699,4.1171,-1.5,62992.72,66584.96,2.525,7,none
2026-08-13 12:46:28,2026-08-13 12:45:00,63564.0,63563.0,63952.0,-0.6067,-0.6083,4.1171,-1.5,62992.72,66584.96,2.528,7,none
2026-08-13 12:51:11,2026-08-13 12:50:00,63637.0,63614.0,63952.0,-0.4926,-0.5285,4.1171,-1.5,62992.72,66584.96,2.531,7,none
2026-08-13 12:56:06,2026-08-13 12:55:00,63650.0,63634.0,63952.0,-0.4722,-0.4972,4.1171,-1.5,62992.72,66584.96,2.535,7,none
2026-08-13 13:01:31,2026-08-13 13:00:00,63719.0,63675.0,63952.0,-0.3643,-0.4331,4.1171,-1.5,62992.72,66584.96,2.538,7,none
2026-08-13 13:06:25,2026-08-13 13:05:00,63718.0,63711.0,63952.0,-0.3659,-0.3768,4.1171,-1.5,62992.72,66584.96,2.542,7,none
2026-08-13 13:11:26,2026-08-13 13:10:00,63740.0,63739.0,63952.0,-0.3315,-0.3331,4.1171,-1.5,62992.72,66584.96,2.545,7,none
2026-08-13 13:16:21,2026-08-13 13:15:00,63684.0,63681.0,63952.0,-0.4191,-0.4238,4.1171,-1.5,62992.72,66584.96,2.549,7,none
2026-08-13 13:21:13,2026-08-13 13:20:00,63670.0,63669.0,63952.0,-0.441,-0.4425,4.1171,-1.5,62992.72,66584.96,2.552,7,none
2026-08-13 13:26:10,2026-08-13 13:25:00,63581.0,63550.0,63952.0,-0.5801,-0.6286,4.1171,-1.5,62992.72,66584.96,2.556,7,none
2026-08-13 13:31:36,2026-08-13 13:30:00,63563.0,63548.0,63952.0,-0.6083,-0.6317,4.1171,-1.5,62992.72,66584.96,2.559,7,none
2026-08-13 13:36:36,2026-08-13 13:35:00,63707.0,63700.0,63952.0,-0.3831,-0.394,4.1171,-1.5,62992.72,66584.96,2.563,7,none
2026-08-13 13:41:22,2026-08-13 13:40:00,63802.0,63775.0,63952.0,-0.2346,-0.2768,4.1171,-1.5,62992.72,66584.96,2.566,7,none
2026-08-13 13:46:12,2026-08-13 13:45:00,63712.0,63712.0,63952.0,-0.3753,-0.3753,4.1171,-1.5,62992.72,66584.96,2.569,7,none
2026-08-13 13:51:23,2026-08-13 13:50:00,63767.0,63766.0,63952.0,-0.2893,-0.2908,4.1171,-1.5,62992.72,66584.96,2.573,7,none
2026-08-13 13:56:09,2026-08-13 13:55:00,63725.0,63725.0,63952.0,-0.355,-0.355,4.1171,-1.5,62992.72,66584.96,2.576,7,none
2026-08-13 14:01:32,2026-08-13 14:00:00,63721.0,63677.0,63952.0,-0.3612,-0.43,4.1171,-1.5,62992.72,66584.96,2.58,7,none
2026-08-13 14:06:34,2026-08-13 14:05:00,63691.0,63665.0,63952.0,-0.4081,-0.4488,4.1171,-1.5,62992.72,66584.96,2.584,7,none
2026-08-13 14:11:29,2026-08-13 14:10:00,63712.0,63701.0,63952.0,-0.3753,-0.3925,4.1171,-1.5,62992.72,66584.96,2.587,7,none
2026-08-13 14:14:23,2026-08-13 14:13:00,63800.0,63779.0,63952.0,-0.2377,-0.2705,4.1171,-1.5,62992.72,66584.96,2.589,7,none
2026-08-13 14:16:23,2026-08-13 14:15:00,63838.0,63795.0,63952.0,-0.1783,-0.2455,4.1171,-1.5,62992.72,66584.96,2.59,7,none
2026-08-13 14:21:40,2026-08-13 14:20:00,63796.0,63774.0,63952.0,-0.2439,-0.2783,4.1171,-1.5,62992.72,66584.96,2.594,7,none
2026-08-13 14:26:30,2026-08-13 14:25:00,63828.0,63810.0,63952.0,-0.1939,-0.222,4.1171,-1.5,62992.72,66584.96,2.597,7,none
2026-08-13 14:31:27,2026-08-13 14:30:00,63777.0,63749.0,63952.0,-0.2736,-0.3174,4.1171,-1.5,62992.72,66584.96,2.601,7,none
2026-08-13 14:41:23,2026-08-13 14:40:00,63932.0,63920.0,63952.0,-0.0313,-0.05,4.1171,-1.5,62992.72,66584.96,2.608,7,none
2026-08-13 14:46:19,2026-08-13 14:45:00,63915.0,63904.0,63952.0,-0.0579,-0.0751,4.1171,-1.5,62992.72,66584.96,2.611,7,none
2026-08-13 14:51:16,2026-08-13 14:50:00,63880.0,63880.0,63952.0,-0.1126,-0.1126,4.1171,-1.5,62992.72,66584.96,2.615,7,none
2026-08-13 14:56:08,2026-08-13 14:55:00,63857.0,63857.0,63952.0,-0.1485,-0.1485,4.1171,-1.5,62992.72,66584.96,2.618,7,none
2026-08-13 15:01:33,2026-08-13 15:00:00,63876.0,63836.0,63952.0,-0.1188,-0.1814,4.1171,-1.5,62992.72,66584.96,2.622,7,none
2026-08-13 15:06:11,2026-08-13 15:05:00,63837.0,63837.0,63952.0,-0.1798,-0.1798,4.1171,-1.5,62992.72,66584.96,2.625,7,none
2026-08-13 15:11:23,2026-08-13 15:10:00,63821.0,63795.0,63952.0,-0.2048,-0.2455,4.1171,-1.5,62992.72,66584.96,2.629,7,none
2026-08-13 15:16:16,2026-08-13 15:15:00,63776.0,63759.0,63952.0,-0.2752,-0.3018,4.1171,-1.5,62992.72,66584.96,2.632,7,none
2026-08-13 15:21:17,2026-08-13 15:20:00,63815.0,63808.0,63952.0,-0.2142,-0.2252,4.1171,-1.5,62992.72,66584.96,2.635,7,none
2026-08-13 15:26:12,2026-08-13 15:25:00,63729.0,63729.0,63952.0,-0.3487,-0.3487,4.1171,-1.5,62992.72,66584.96,2.639,7,none
2026-08-13 15:31:35,2026-08-13 15:30:00,63597.0,63575.0,63952.0,-0.5551,-0.5895,4.1171,-1.5,62992.72,66584.96,2.643,7,none
2026-08-13 15:36:11,2026-08-13 15:35:00,63653.0,63640.0,63952.0,-0.4675,-0.4879,4.1171,-1.5,62992.72,66584.96,2.646,7,none
2026-08-13 15:41:21,2026-08-13 15:40:00,63678.0,63670.0,63952.0,-0.4284,-0.441,4.1171,-1.5,62992.72,66584.96,2.649,7,none
2026-08-13 15:46:12,2026-08-13 15:45:00,63694.0,63693.0,63952.0,-0.4034,-0.405,4.1171,-1.5,62992.72,66584.96,2.653,7,none
2026-08-13 15:47:59,2026-08-13 15:46:00,63669.0,63666.0,63952.0,-0.4425,-0.4472,4.1171,-1.5,62992.72,66584.96,2.654,7,none
2026-08-13 15:51:15,2026-08-13 15:50:00,63665.0,63606.0,63952.0,-0.4488,-0.541,4.1171,-1.5,62992.72,66584.96,2.656,7,none
2026-08-13 15:56:14,2026-08-13 15:55:00,63599.0,63574.0,63952.0,-0.552,-0.5911,4.1171,-1.5,62992.72,66584.96,2.66,7,none
2026-08-13 16:01:24,2026-08-13 16:00:00,63412.0,63380.0,63952.0,-0.8444,-0.8944,4.1171,-1.5,62992.72,66584.96,2.663,7,none
2026-08-13 16:06:07,2026-08-13 16:05:00,63468.0,63427.0,63952.0,-0.7568,-0.8209,4.1171,-1.5,62992.72,66584.96,2.667,7,none
2026-08-13 16:11:15,2026-08-13 16:10:00,63440.0,63409.0,63952.0,-0.8006,-0.8491,4.1171,-1.5,62992.72,66584.96,2.67,7,none
2026-08-13 16:16:17,2026-08-13 16:15:00,63438.0,63437.0,63952.0,-0.8037,-0.8053,4.1171,-1.5,62992.72,66584.96,2.674,7,none
2026-08-13 16:21:19,2026-08-13 16:20:00,63464.0,63432.0,63952.0,-0.7631,-0.8131,4.1171,-1.5,62992.72,66584.96,2.677,7,none
2026-08-13 16:26:11,2026-08-13 16:25:00,63533.0,63520.0,63952.0,-0.6552,-0.6755,4.1171,-1.5,62992.72,66584.96,2.681,7,none
2026-08-13 16:31:26,2026-08-13 16:30:00,63400.0,63341.0,63952.0,-0.8631,-0.9554,4.1171,-1.5,62992.72,66584.96,2.684,7,none
2026-08-13 16:36:14,2026-08-13 16:35:00,63415.0,63377.0,63952.0,-0.8397,-0.8991,4.1171,-1.5,62992.72,66584.96,2.688,7,none
2026-08-13 16:41:20,2026-08-13 16:40:00,62980.0,62980.0,63952.0,-1.5199,-1.5199,4.1171,-1.5,62992.72,66584.96,2.691,7,stop_loss
2026-08-14 00:06:35,2026-08-14 00:05:00,63499.0,63485.0,63480.0,0.0299,0.0079,3.7553,-1.5,62527.8,65863.88,0.0,7,none
2026-08-14 00:11:16,2026-08-14 00:10:00,63508.0,63507.0,63480.0,0.0441,0.0425,3.7553,-1.5,62527.8,65863.88,0.003,7,none
2026-08-14 00:16:16,2026-08-14 00:15:00,63524.0,63509.0,63480.0,0.0693,0.0457,3.7553,-1.5,62527.8,65863.88,0.007,7,none
2026-08-14 00:21:14,2026-08-14 00:20:00,63523.0,63501.0,63480.0,0.0677,0.0331,3.7553,-1.5,62527.8,65863.88,0.01,7,none
2026-08-14 00:26:12,2026-08-14 00:25:00,63520.0,63519.0,63480.0,0.063,0.0614,3.7553,-1.5,62527.8,65863.88,0.014,7,none
2026-08-14 00:31:20,2026-08-14 00:30:00,63427.0,63411.0,63480.0,-0.0835,-0.1087,3.7553,-1.5,62527.8,65863.88,0.017,7,none
2026-08-14 00:36:07,2026-08-14 00:35:00,63443.0,63425.0,63480.0,-0.0583,-0.0866,3.7553,-1.5,62527.8,65863.88,0.021,7,none
2026-08-14 00:41:17,2026-08-14 00:40:00,63460.0,63460.0,63480.0,-0.0315,-0.0315,3.7553,-1.5,62527.8,65863.88,0.024,7,none
2026-08-14 00:46:18,2026-08-14 00:45:00,63502.0,63502.0,63480.0,0.0347,0.0347,3.7553,-1.5,62527.8,65863.88,0.028,7,none
2026-08-14 00:51:17,2026-08-14 00:50:00,63525.0,63500.0,63480.0,0.0709,0.0315,3.7553,-1.5,62527.8,65863.88,0.031,7,none
2026-08-14 00:56:09,2026-08-14 00:55:00,63530.0,63525.0,63480.0,0.0788,0.0709,3.7553,-1.5,62527.8,65863.88,0.035,7,none
2026-08-14 00:58:29,2026-08-14 00:57:00,63531.0,63524.0,63480.0,0.0803,0.0693,3.7553,-1.5,62527.8,65863.88,0.036,7,none
2026-08-14 01:01:26,2026-08-14 01:00:00,63527.0,63527.0,63480.0,0.074,0.074,3.7553,-1.5,62527.8,65863.88,0.038,7,none
2026-08-14 01:06:10,2026-08-14 01:05:00,63589.0,63570.0,63480.0,0.1717,0.1418,3.7553,-1.5,62527.8,65863.88,0.042,7,none
2026-08-14 01:11:11,2026-08-14 01:10:00,63516.0,63514.0,63480.0,0.0567,0.0536,3.7553,-1.5,62527.8,65863.88,0.045,7,none
2026-08-14 01:16:17,2026-08-14 01:15:00,63508.0,63495.0,63480.0,0.0441,0.0236,3.7553,-1.5,62527.8,65863.88,0.049,7,none
2026-08-14 01:21:22,2026-08-14 01:20:00,63500.0,63461.0,63480.0,0.0315,-0.0299,3.7553,-1.5,62527.8,65863.88,0.052,7,none
2026-08-14 01:26:21,2026-08-14 01:25:00,63560.0,63551.0,63480.0,0.126,0.1118,3.7553,-1.5,62527.8,65863.88,0.056,7,none
2026-08-14 01:31:19,2026-08-14 01:30:00,63487.0,63479.0,63480.0,0.011,-0.0016,3.7553,-1.5,62527.8,65863.88,0.059,7,none
2026-08-14 01:36:12,2026-08-14 01:35:00,63529.0,63509.0,63480.0,0.0772,0.0457,3.7553,-1.5,62527.8,65863.88,0.062,7,none
2026-08-14 01:41:16,2026-08-14 01:40:00,63554.0,63532.0,63480.0,0.1166,0.0819,3.7553,-1.5,62527.8,65863.88,0.066,7,none
2026-08-14 01:46:20,2026-08-14 01:45:00,63532.0,63531.0,63480.0,0.0819,0.0803,3.7553,-1.5,62527.8,65863.88,0.069,7,none
2026-08-14 01:51:21,2026-08-14 01:50:00,63550.0,63550.0,63480.0,0.1103,0.1103,3.7553,-1.5,62527.8,65863.88,0.073,7,none
2026-08-14 01:56:13,2026-08-14 01:55:00,63537.0,63537.0,63480.0,0.0898,0.0898,3.7553,-1.5,62527.8,65863.88,0.076,7,none
2026-08-14 02:01:32,2026-08-14 02:00:00,63559.0,63559.0,63480.0,0.1244,0.1244,3.7553,-1.5,62527.8,65863.88,0.08,7,none
2026-08-14 02:06:13,2026-08-14 02:05:00,63551.0,63550.0,63480.0,0.1118,0.1103,3.7553,-1.5,62527.8,65863.88,0.083,7,none
2026-08-14 02:11:19,2026-08-14 02:10:00,63599.0,63599.0,63480.0,0.1875,0.1875,3.7553,-1.5,62527.8,65863.88,0.087,7,none
2026-08-14 02:16:28,2026-08-14 02:15:00,63580.0,63562.0,63480.0,0.1575,0.1292,3.7553,-1.5,62527.8,65863.88,0.09,7,none
2026-08-14 02:21:31,2026-08-14 02:20:00,63513.0,63505.0,63480.0,0.052,0.0394,3.7553,-1.5,62527.8,65863.88,0.094,7,none
2026-08-14 02:26:08,2026-08-14 02:25:00,63492.0,63491.0,63480.0,0.0189,0.0173,3.7553,-1.5,62527.8,65863.88,0.097,7,none
2026-08-14 02:31:22,2026-08-14 02:30:00,63500.0,63484.0,63480.0,0.0315,0.0063,3.7553,-1.5,62527.8,65863.88,0.101,7,none
2026-08-14 02:36:17,2026-08-14 02:35:00,63548.0,63541.0,63480.0,0.1071,0.0961,3.7553,-1.5,62527.8,65863.88,0.104,7,none
2026-08-14 02:41:23,2026-08-14 02:40:00,63507.0,63501.0,63480.0,0.0425,0.0331,3.7553,-1.5,62527.8,65863.88,0.108,7,none
2026-08-14 02:46:15,2026-08-14 02:45:00,63534.0,63506.0,63480.0,0.0851,0.041,3.7553,-1.5,62527.8,65863.88,0.111,7,none
2026-08-14 02:51:26,2026-08-14 02:50:00,63539.0,63534.0,63480.0,0.0929,0.0851,3.7553,-1.5,62527.8,65863.88,0.115,7,none
2026-08-14 02:56:16,2026-08-14 02:55:00,63537.0,63537.0,63480.0,0.0898,0.0898,3.7553,-1.5,62527.8,65863.88,0.118,7,none
2026-08-14 03:01:28,2026-08-14 03:00:00,63455.0,63455.0,63480.0,-0.0394,-0.0394,3.7553,-1.5,62527.8,65863.88,0.122,7,none
2026-08-14 03:06:15,2026-08-14 03:05:00,63441.0,63440.0,63480.0,-0.0614,-0.063,3.7553,-1.5,62527.8,65863.88,0.125,7,none
2026-08-14 03:11:23,2026-08-14 03:10:00,63449.0,63443.0,63480.0,-0.0488,-0.0583,3.7553,-1.5,62527.8,65863.88,0.128,7,none
2026-08-14 03:16:23,2026-08-14 03:15:00,63488.0,63487.0,63480.0,0.0126,0.011,3.7553,-1.5,62527.8,65863.88,0.132,7,none
2026-08-14 03:21:25,2026-08-14 03:20:00,63548.0,63545.0,63480.0,0.1071,0.1024,3.7553,-1.5,62527.8,65863.88,0.135,7,none
2026-08-14 03:22:49,2026-08-14 03:21:00,63548.0,63548.0,63480.0,0.1071,0.1071,3.7553,-1.5,62527.8,65863.88,0.136,7,none
2026-08-14 03:26:05,2026-08-14 03:25:00,63530.0,63530.0,63480.0,0.0788,0.0788,3.7553,-1.5,62527.8,65863.88,0.139,7,none
2026-08-14 03:31:28,2026-08-14 03:30:00,63450.0,63450.0,63480.0,-0.0473,-0.0473,3.7553,-1.5,62527.8,65863.88,0.142,7,none
2026-08-14 03:36:11,2026-08-14 03:35:00,63403.0,63402.0,63480.0,-0.1213,-0.1229,3.7553,-1.5,62527.8,65863.88,0.146,7,none
2026-08-14 03:41:19,2026-08-14 03:40:00,63389.0,63369.0,63480.0,-0.1434,-0.1749,3.7553,-1.5,62527.8,65863.88,0.149,7,none
2026-08-14 03:46:13,2026-08-14 03:45:00,63379.0,63379.0,63480.0,-0.1591,-0.1591,3.7553,-1.5,62527.8,65863.88,0.153,7,none
2026-08-14 03:51:20,2026-08-14 03:50:00,63341.0,63341.0,63480.0,-0.219,-0.219,3.7553,-1.5,62527.8,65863.88,0.156,7,none
2026-08-14 03:56:12,2026-08-14 03:55:00,63342.0,63336.0,63480.0,-0.2174,-0.2268,3.7553,-1.5,62527.8,65863.88,0.16,7,none
2026-08-14 04:01:31,2026-08-14 04:00:00,63284.0,63282.0,63480.0,-0.3088,-0.3119,3.7553,-1.5,62527.8,65863.88,0.163,7,none
2026-08-14 04:06:23,2026-08-14 04:05:00,63397.0,63366.0,63480.0,-0.1307,-0.1796,3.7553,-1.5,62527.8,65863.88,0.167,7,none
2026-08-14 04:11:19,2026-08-14 04:10:00,63414.0,63414.0,63480.0,-0.104,-0.104,3.7553,-1.5,62527.8,65863.88,0.17,7,none
2026-08-14 04:16:22,2026-08-14 04:15:00,63414.0,63413.0,63480.0,-0.104,-0.1055,3.7553,-1.5,62527.8,65863.88,0.174,7,none
2026-08-14 04:21:07,2026-08-14 04:20:00,63421.0,63421.0,63480.0,-0.0929,-0.0929,3.7553,-1.5,62527.8,65863.88,0.177,7,none
2026-08-14 04:26:13,2026-08-14 04:25:00,63378.0,63367.0,63480.0,-0.1607,-0.178,3.7553,-1.5,62527.8,65863.88,0.18,7,none
2026-08-14 04:31:18,2026-08-14 04:30:00,63430.0,63422.0,63480.0,-0.0788,-0.0914,3.7553,-1.5,62527.8,65863.88,0.184,7,none
2026-08-14 04:36:07,2026-08-14 04:35:00,63407.0,63406.0,63480.0,-0.115,-0.1166,3.7553,-1.5,62527.8,65863.88,0.187,7,none
2026-08-14 04:41:14,2026-08-14 04:40:00,63423.0,63406.0,63480.0,-0.0898,-0.1166,3.7553,-1.5,62527.8,65863.88,0.191,7,none
2026-08-14 04:46:19,2026-08-14 04:45:00,63390.0,63389.0,63480.0,-0.1418,-0.1434,3.7553,-1.5,62527.8,65863.88,0.194,7,none
2026-08-14 04:51:28,2026-08-14 04:50:00,63391.0,63391.0,63480.0,-0.1402,-0.1402,3.7553,-1.5,62527.8,65863.88,0.198,7,none
2026-08-14 04:56:04,2026-08-14 04:55:00,63395.0,63394.0,63480.0,-0.1339,-0.1355,3.7553,-1.5,62527.8,65863.88,0.201,7,none
2026-08-14 05:01:21,2026-08-14 05:00:00,63390.0,63372.0,63480.0,-0.1418,-0.1701,3.7553,-1.5,62527.8,65863.88,0.205,7,none
2026-08-14 05:06:13,2026-08-14 05:05:00,63387.0,63387.0,63480.0,-0.1465,-0.1465,3.7553,-1.5,62527.8,65863.88,0.208,7,none
2026-08-14 05:11:13,2026-08-14 05:10:00,63344.0,63338.0,63480.0,-0.2142,-0.2237,3.7553,-1.5,62527.8,65863.88,0.212,7,none
2026-08-14 05:16:15,2026-08-14 05:15:00,63319.0,63319.0,63480.0,-0.2536,-0.2536,3.7553,-1.5,62527.8,65863.88,0.215,7,none
2026-08-14 05:21:09,2026-08-14 05:20:00,63331.0,63331.0,63480.0,-0.2347,-0.2347,3.7553,-1.5,62527.8,65863.88,0.219,7,none
2026-08-14 05:23:47,2026-08-14 05:22:00,63336.0,63336.0,63480.0,-0.2268,-0.2268,3.7553,-1.5,62527.8,65863.88,0.22,7,none
2026-08-14 05:26:08,2026-08-14 05:25:00,63320.0,63285.0,63480.0,-0.252,-0.3072,3.7553,-1.5,62527.8,65863.88,0.222,7,none
2026-08-14 05:31:14,2026-08-14 05:30:00,63329.0,63315.0,63480.0,-0.2379,-0.2599,3.7553,-1.5,62527.8,65863.88,0.226,7,none
2026-08-14 05:36:13,2026-08-14 05:35:00,63346.0,63345.0,63480.0,-0.2111,-0.2127,3.7553,-1.5,62527.8,65863.88,0.229,7,none
2026-08-14 05:41:09,2026-08-14 05:40:00,63356.0,63355.0,63480.0,-0.1953,-0.1969,3.7553,-1.5,62527.8,65863.88,0.232,7,none
2026-08-14 05:46:15,2026-08-14 05:45:00,63361.0,63360.0,63480.0,-0.1875,-0.189,3.7553,-1.5,62527.8,65863.88,0.236,7,none
2026-08-14 05:51:22,2026-08-14 05:50:00,63354.0,63353.0,63480.0,-0.1985,-0.2001,3.7553,-1.5,62527.8,65863.88,0.24,7,none
2026-08-14 05:56:10,2026-08-14 05:55:00,63387.0,63375.0,63480.0,-0.1465,-0.1654,3.7553,-1.5,62527.8,65863.88,0.243,7,none
2026-08-14 06:01:25,2026-08-14 06:00:00,63372.0,63371.0,63480.0,-0.1701,-0.1717,3.7553,-1.5,62527.8,65863.88,0.247,7,none
2026-08-14 06:06:06,2026-08-14 06:05:00,63344.0,63342.0,63480.0,-0.2142,-0.2174,3.7553,-1.5,62527.8,65863.88,0.25,7,none
2026-08-14 06:11:16,2026-08-14 06:10:00,63294.0,63293.0,63480.0,-0.293,-0.2946,3.7553,-1.5,62527.8,65863.88,0.253,7,none
2026-08-14 06:16:13,2026-08-14 06:15:00,63289.0,63289.0,63480.0,-0.3009,-0.3009,3.7553,-1.5,62527.8,65863.88,0.257,7,none
2026-08-14 06:21:08,2026-08-14 06:20:00,63223.0,63223.0,63480.0,-0.4049,-0.4049,3.7553,-1.5,62527.8,65863.88,0.26,7,none
2026-08-14 06:26:16,2026-08-14 06:25:00,63216.0,63215.0,63480.0,-0.4159,-0.4175,3.7553,-1.5,62527.8,65863.88,0.264,7,none
2026-08-14 06:31:12,2026-08-14 06:30:00,63209.0,63186.0,63480.0,-0.4269,-0.4631,3.7553,-1.5,62527.8,65863.88,0.267,7,none
2026-08-14 06:36:09,2026-08-14 06:35:00,63224.0,63213.0,63480.0,-0.4033,-0.4206,3.7553,-1.5,62527.8,65863.88,0.271,7,none
2026-08-14 06:41:11,2026-08-14 06:40:00,63206.0,63196.0,63480.0,-0.4316,-0.4474,3.7553,-1.5,62527.8,65863.88,0.274,7,none
2026-08-14 06:46:20,2026-08-14 06:45:00,63175.0,63174.0,63480.0,-0.4805,-0.482,3.7553,-1.5,62527.8,65863.88,0.278,7,none
2026-08-14 06:51:07,2026-08-14 06:50:00,63184.0,63145.0,63480.0,-0.4663,-0.5277,3.7553,-1.5,62527.8,65863.88,0.281,7,none
2026-08-14 06:56:11,2026-08-14 06:55:00,63063.0,63029.0,63480.0,-0.6569,-0.7105,3.7553,-1.5,62527.8,65863.88,0.285,7,none
2026-08-14 07:06:04,2026-08-14 07:05:00,63040.0,63030.0,63480.0,-0.6931,-0.7089,3.7553,-1.5,62527.8,65863.88,0.291,7,none
2026-08-14 07:11:19,2026-08-14 07:10:00,63064.0,63064.0,63480.0,-0.6553,-0.6553,3.7553,-1.5,62527.8,65863.88,0.295,7,none
2026-08-14 07:16:15,2026-08-14 07:15:00,63070.0,63064.0,63480.0,-0.6459,-0.6553,3.7553,-1.5,62527.8,65863.88,0.299,7,none
2026-08-14 07:21:18,2026-08-14 07:20:00,63081.0,63081.0,63480.0,-0.6285,-0.6285,3.7553,-1.5,62527.8,65863.88,0.302,7,none
2026-08-14 07:26:17,2026-08-14 07:25:00,63104.0,63103.0,63480.0,-0.5923,-0.5939,3.7553,-1.5,62527.8,65863.88,0.306,7,none
2026-08-14 07:31:17,2026-08-14 07:30:00,63098.0,63098.0,63480.0,-0.6018,-0.6018,3.7553,-1.5,62527.8,65863.88,0.309,7,none
2026-08-14 07:36:20,2026-08-14 07:35:00,62992.0,62992.0,63480.0,-0.7687,-0.7687,3.7553,-1.5,62527.8,65863.88,0.312,7,none
2026-08-14 07:41:11,2026-08-14 07:40:00,62986.0,62955.0,63480.0,-0.7782,-0.827,3.7553,-1.5,62527.8,65863.88,0.316,7,none
2026-08-14 07:46:12,2026-08-14 07:45:00,63019.0,63018.0,63480.0,-0.7262,-0.7278,3.7553,-1.5,62527.8,65863.88,0.319,7,none
2026-08-14 07:51:12,2026-08-14 07:50:00,62978.0,62977.0,63480.0,-0.7908,-0.7924,3.7553,-1.5,62527.8,65863.88,0.323,7,none
2026-08-14 07:56:02,2026-08-14 07:55:00,62974.0,62967.0,63480.0,-0.7971,-0.8081,3.7553,-1.5,62527.8,65863.88,0.326,7,none
2026-08-14 08:01:25,2026-08-14 08:00:00,62913.0,62907.0,63480.0,-0.8932,-0.9026,3.7553,-1.5,62527.8,65863.88,0.33,7,none
2026-08-14 08:06:10,2026-08-14 08:05:00,62922.0,62921.0,63480.0,-0.879,-0.8806,3.7553,-1.5,62527.8,65863.88,0.333,7,none
2026-08-14 08:11:15,2026-08-14 08:10:00,62933.0,62922.0,63480.0,-0.8617,-0.879,3.7553,-1.5,62527.8,65863.88,0.337,7,none
2026-08-14 08:16:14,2026-08-14 08:15:00,62933.0,62904.0,63480.0,-0.8617,-0.9074,3.7553,-1.5,62527.8,65863.88,0.34,7,none
2026-08-14 08:21:21,2026-08-14 08:20:00,62878.0,62878.0,63480.0,-0.9483,-0.9483,3.7553,-1.5,62527.8,65863.88,0.344,7,none
2026-08-14 08:26:13,2026-08-14 08:25:00,62762.0,62752.0,63480.0,-1.1311,-1.1468,3.7553,-1.5,62527.8,65863.88,0.347,7,none
2026-08-14 08:31:25,2026-08-14 08:30:00,62748.0,62748.0,63480.0,-1.1531,-1.1531,3.7553,-1.5,62527.8,65863.88,0.351,7,none
2026-08-14 08:36:04,2026-08-14 08:35:00,62821.0,62780.0,63480.0,-1.0381,-1.1027,3.7553,-1.5,62527.8,65863.88,0.354,7,none
2026-08-14 08:41:13,2026-08-14 08:40:00,62847.0,62847.0,63480.0,-0.9972,-0.9972,3.7553,-1.5,62527.8,65863.88,0.358,7,none
2026-08-14 08:46:21,2026-08-14 08:45:00,62822.0,62805.0,63480.0,-1.0365,-1.0633,3.7553,-1.5,62527.8,65863.88,0.361,7,none
2026-08-14 08:51:16,2026-08-14 08:50:00,62877.0,62876.0,63480.0,-0.9499,-0.9515,3.7553,-1.5,62527.8,65863.88,0.365,7,none
2026-08-14 08:56:16,2026-08-14 08:55:00,62902.0,62902.0,63480.0,-0.9105,-0.9105,3.7553,-1.5,62527.8,65863.88,0.368,7,none
2026-08-14 09:01:23,2026-08-14 09:00:00,62915.0,62903.0,63480.0,-0.89,-0.9089,3.7553,-1.5,62527.8,65863.88,0.372,7,none
2026-08-14 09:06:15,2026-08-14 09:05:00,62877.0,62877.0,63480.0,-0.9499,-0.9499,3.7553,-1.5,62527.8,65863.88,0.375,7,none
2026-08-14 09:11:24,2026-08-14 09:10:00,62845.0,62844.0,63480.0,-1.0003,-1.0019,3.7553,-1.5,62527.8,65863.88,0.378,7,none
2026-08-14 09:16:12,2026-08-14 09:15:00,62860.0,62859.0,63480.0,-0.9767,-0.9783,3.7553,-1.5,62527.8,65863.88,0.382,7,none
2026-08-14 09:21:23,2026-08-14 09:20:00,62870.0,62861.0,63480.0,-0.9609,-0.9751,3.7553,-1.5,62527.8,65863.88,0.385,7,none
2026-08-14 09:26:10,2026-08-14 09:25:00,62895.0,62894.0,63480.0,-0.9216,-0.9231,3.7553,-1.5,62527.8,65863.88,0.389,7,none
2026-08-14 09:31:15,2026-08-14 09:30:00,62761.0,62749.0,63480.0,-1.1326,-1.1515,3.7553,-1.5,62527.8,65863.88,0.392,7,none
2026-08-14 09:36:06,2026-08-14 09:35:00,62790.0,62790.0,63480.0,-1.087,-1.087,3.7553,-1.5,62527.8,65863.88,0.396,7,none
2026-08-14 09:41:12,2026-08-14 09:40:00,62740.0,62729.0,63480.0,-1.1657,-1.183,3.7553,-1.5,62527.8,65863.88,0.399,7,none
2026-08-14 09:46:14,2026-08-14 09:45:00,62762.0,62748.0,63480.0,-1.1311,-1.1531,3.7553,-1.5,62527.8,65863.88,0.403,7,none
2026-08-14 09:51:09,2026-08-14 09:50:00,62806.0,62805.0,63480.0,-1.0618,-1.0633,3.7553,-1.5,62527.8,65863.88,0.406,7,none
2026-08-14 09:52:18,2026-08-14 09:51:00,62774.0,62774.0,63480.0,-1.1122,-1.1122,3.7553,-1.5,62527.8,65863.88,0.407,7,none
2026-08-14 09:56:16,2026-08-14 09:55:00,62790.0,62789.0,63480.0,-1.087,-1.0885,3.7553,-1.5,62527.8,65863.88,0.41,7,none
2026-08-14 10:01:22,2026-08-14 10:00:00,62741.0,62741.0,63480.0,-1.1641,-1.1641,3.7553,-1.5,62527.8,65863.88,0.413,7,none
2026-08-14 10:06:13,2026-08-14 10:05:00,62813.0,62811.0,63480.0,-1.0507,-1.0539,3.7553,-1.5,62527.8,65863.88,0.417,7,none
2026-08-14 10:11:18,2026-08-14 10:10:00,62820.0,62800.0,63480.0,-1.0397,-1.0712,3.7553,-1.5,62527.8,65863.88,0.42,7,none
2026-08-14 10:16:18,2026-08-14 10:15:00,62836.0,62833.0,63480.0,-1.0145,-1.0192,3.7553,-1.5,62527.8,65863.88,0.424,7,none
2026-08-14 10:21:20,2026-08-14 10:20:00,62881.0,62881.0,63480.0,-0.9436,-0.9436,3.7553,-1.5,62527.8,65863.88,0.427,7,none
2026-08-14 10:26:16,2026-08-14 10:25:00,62867.0,62867.0,63480.0,-0.9657,-0.9657,3.7553,-1.5,62527.8,65863.88,0.43,7,none
2026-08-14 10:31:24,2026-08-14 10:30:00,62904.0,62872.0,63480.0,-0.9074,-0.9578,3.7553,-1.5,62527.8,65863.88,0.434,7,none
2026-08-14 10:36:12,2026-08-14 10:35:00,62904.0,62898.0,63480.0,-0.9074,-0.9168,3.7553,-1.5,62527.8,65863.88,0.437,7,none
2026-08-14 10:41:10,2026-08-14 10:40:00,62881.0,62881.0,63480.0,-0.9436,-0.9436,3.7553,-1.5,62527.8,65863.88,0.441,7,none
2026-08-14 10:46:25,2026-08-14 10:45:00,62881.0,62865.0,63480.0,-0.9436,-0.9688,3.7553,-1.5,62527.8,65863.88,0.444,7,none
2026-08-14 10:47:42,2026-08-14 10:46:00,62861.0,62861.0,63480.0,-0.9751,-0.9751,3.7553,-1.5,62527.8,65863.88,0.445,7,none
2026-08-14 10:51:11,2026-08-14 10:50:00,62827.0,62826.0,63480.0,-1.0287,-1.0302,3.7553,-1.5,62527.8,65863.88,0.448,7,none
2026-08-14 10:56:05,2026-08-14 10:55:00,62806.0,62806.0,63480.0,-1.0618,-1.0618,3.7553,-1.5,62527.8,65863.88,0.451,7,none
2026-08-14 11:01:20,2026-08-14 11:00:00,62811.0,62806.0,63480.0,-1.0539,-1.0618,3.7553,-1.5,62527.8,65863.88,0.455,7,none
2026-08-14 11:06:09,2026-08-14 11:05:00,62818.0,62817.0,63480.0,-1.0428,-1.0444,3.7553,-1.5,62527.8,65863.88,0.458,7,none
2026-08-14 11:11:30,2026-08-14 11:10:00,62846.0,62845.0,63480.0,-0.9987,-1.0003,3.7553,-1.5,62527.8,65863.88,0.462,7,none
2026-08-14 11:16:20,2026-08-14 11:15:00,62843.0,62831.0,63480.0,-1.0035,-1.0224,3.7553,-1.5,62527.8,65863.88,0.465,7,none
2026-08-14 11:21:13,2026-08-14 11:20:00,62895.0,62894.0,63480.0,-0.9216,-0.9231,3.7553,-1.5,62527.8,65863.88,0.469,7,none
2026-08-14 11:26:15,2026-08-14 11:25:00,62873.0,62868.0,63480.0,-0.9562,-0.9641,3.7553,-1.5,62527.8,65863.88,0.472,7,none
2026-08-14 11:31:18,2026-08-14 11:30:00,62884.0,62884.0,63480.0,-0.9389,-0.9389,3.7553,-1.5,62527.8,65863.88,0.476,7,none
2026-08-14 11:36:11,2026-08-14 11:35:00,62896.0,62883.0,63480.0,-0.92,-0.9405,3.7553,-1.5,62527.8,65863.88,0.479,7,none
2026-08-14 11:41:13,2026-08-14 11:40:00,62836.0,62836.0,63480.0,-1.0145,-1.0145,3.7553,-1.5,62527.8,65863.88,0.483,7,none
2026-08-14 11:46:16,2026-08-14 11:45:00,62876.0,62876.0,63480.0,-0.9515,-0.9515,3.7553,-1.5,62527.8,65863.88,0.486,7,none
2026-08-14 11:51:09,2026-08-14 11:50:00,62885.0,62854.0,63480.0,-0.9373,-0.9861,3.7553,-1.5,62527.8,65863.88,0.489,7,none
2026-08-14 11:56:06,2026-08-14 11:55:00,62917.0,62916.0,63480.0,-0.8869,-0.8885,3.7553,-1.5,62527.8,65863.88,0.493,7,none
2026-08-14 12:01:24,2026-08-14 12:00:00,62874.0,62851.0,63480.0,-0.9546,-0.9909,3.7553,-1.5,62527.8,65863.88,0.497,7,none
2026-08-14 12:06:10,2026-08-14 12:05:00,62831.0,62824.0,63480.0,-1.0224,-1.0334,3.7553,-1.5,62527.8,65863.88,0.5,7,none
2026-08-14 12:11:09,2026-08-14 12:10:00,62781.0,62781.0,63480.0,-1.1011,-1.1011,3.7553,-1.5,62527.8,65863.88,0.503,7,none
2026-08-14 12:16:20,2026-08-14 12:15:00,62845.0,62805.0,63480.0,-1.0003,-1.0633,3.7553,-1.5,62527.8,65863.88,0.507,7,none
2026-08-14 12:21:16,2026-08-14 12:20:00,62828.0,62789.0,63480.0,-1.0271,-1.0885,3.7553,-1.5,62527.8,65863.88,0.51,7,none
2026-08-14 12:26:11,2026-08-14 12:25:00,62867.0,62851.0,63480.0,-0.9657,-0.9909,3.7553,-1.5,62527.8,65863.88,0.514,7,none
2026-08-14 12:31:23,2026-08-14 12:30:00,62843.0,62843.0,63480.0,-1.0035,-1.0035,3.7553,-1.5,62527.8,65863.88,0.517,7,none
2026-08-14 12:36:05,2026-08-14 12:35:00,62827.0,62827.0,63480.0,-1.0287,-1.0287,3.7553,-1.5,62527.8,65863.88,0.521,7,none
2026-08-14 12:38:27,2026-08-14 12:37:00,62834.0,62833.0,63480.0,-1.0176,-1.0192,3.7553,-1.5,62527.8,65863.88,0.522,7,none
2026-08-14 12:41:17,2026-08-14 12:40:00,62786.0,62786.0,63480.0,-1.0933,-1.0933,3.7553,-1.5,62527.8,65863.88,0.524,7,none
2026-08-14 12:46:13,2026-08-14 12:45:00,62760.0,62747.0,63480.0,-1.1342,-1.1547,3.7553,-1.5,62527.8,65863.88,0.528,7,none
2026-08-14 12:51:15,2026-08-14 12:50:00,62797.0,62764.0,63480.0,-1.0759,-1.1279,3.7553,-1.5,62527.8,65863.88,0.531,7,none
2026-08-14 12:56:14,2026-08-14 12:55:00,62767.0,62754.0,63480.0,-1.1232,-1.1437,3.7553,-1.5,62527.8,65863.88,0.535,7,none
2026-08-14 13:01:20,2026-08-14 13:00:00,62709.0,62708.0,63480.0,-1.2146,-1.2161,3.7553,-1.5,62527.8,65863.88,0.538,7,none
2026-08-14 13:06:06,2026-08-14 13:05:00,62711.0,62699.0,63480.0,-1.2114,-1.2303,3.7553,-1.5,62527.8,65863.88,0.541,7,none
2026-08-14 13:11:13,2026-08-14 13:10:00,62623.0,62616.0,63480.0,-1.35,-1.3611,3.7553,-1.5,62527.8,65863.88,0.545,7,none
2026-08-14 13:16:05,2026-08-14 13:15:00,62669.0,62668.0,63480.0,-1.2776,-1.2791,3.7553,-1.5,62527.8,65863.88,0.548,7,none
2026-08-14 13:21:14,2026-08-14 13:20:00,62636.0,62636.0,63480.0,-1.3296,-1.3296,3.7553,-1.5,62527.8,65863.88,0.552,7,none
2026-08-14 13:26:03,2026-08-14 13:25:00,62720.0,62698.0,63480.0,-1.1972,-1.2319,3.7553,-1.5,62527.8,65863.88,0.555,7,none
2026-08-14 13:31:23,2026-08-14 13:30:00,62767.0,62767.0,63480.0,-1.1232,-1.1232,3.7553,-1.5,62527.8,65863.88,0.559,7,none
2026-08-14 13:36:06,2026-08-14 13:35:00,62679.0,62679.0,63480.0,-1.2618,-1.2618,3.7553,-1.5,62527.8,65863.88,0.562,7,none
2026-08-14 13:41:09,2026-08-14 13:40:00,62664.0,62632.0,63480.0,-1.2854,-1.3359,3.7553,-1.5,62527.8,65863.88,0.566,7,none
2026-08-14 13:46:12,2026-08-14 13:45:00,62713.0,62703.0,63480.0,-1.2083,-1.224,3.7553,-1.5,62527.8,65863.88,0.569,7,none
2026-08-14 13:51:10,2026-08-14 13:50:00,62625.0,62625.0,63480.0,-1.3469,-1.3469,3.7553,-1.5,62527.8,65863.88,0.573,7,none
2026-08-14 13:56:08,2026-08-14 13:55:00,62622.0,62589.0,63480.0,-1.3516,-1.4036,3.7553,-1.5,62527.8,65863.88,0.576,7,none
2026-08-14 14:01:29,2026-08-14 14:00:00,62670.0,62641.0,63480.0,-1.276,-1.3217,3.7553,-1.5,62527.8,65863.88,0.58,7,none
2026-08-14 14:06:13,2026-08-14 14:05:00,62647.0,62621.0,63480.0,-1.3122,-1.3532,3.7553,-1.5,62527.8,65863.88,0.583,7,none
2026-08-14 14:08:00,2026-08-14 14:06:00,62695.0,62647.0,63480.0,-1.2366,-1.3122,3.7553,-1.5,62527.8,65863.88,0.584,7,none
2026-08-14 14:11:15,2026-08-14 14:10:00,62633.0,62581.0,63480.0,-1.3343,-1.4162,3.7553,-1.5,62527.8,65863.88,0.587,7,none
2026-08-14 14:16:05,2026-08-14 14:15:00,62634.0,62586.0,63480.0,-1.3327,-1.4083,3.7553,-1.5,62527.8,65863.88,0.59,7,none
2026-08-14 14:21:16,2026-08-14 14:20:00,62565.0,62565.0,63480.0,-1.4414,-1.4414,3.7553,-1.5,62527.8,65863.88,0.594,7,none
2026-08-14 14:26:07,2026-08-14 14:25:00,62624.0,62580.0,63480.0,-1.3485,-1.4178,3.7553,-1.5,62527.8,65863.88,0.597,7,none
2026-08-14 14:31:22,2026-08-14 14:30:00,62641.0,62641.0,63480.0,-1.3217,-1.3217,3.7553,-1.5,62527.8,65863.88,0.601,7,none
2026-08-14 14:36:30,2026-08-14 14:35:00,62717.0,62716.0,63480.0,-1.202,-1.2035,3.7553,-1.5,62527.8,65863.88,0.604,7,none
2026-08-14 14:41:16,2026-08-14 14:40:00,62756.0,62755.0,63480.0,-1.1405,-1.1421,3.7553,-1.5,62527.8,65863.88,0.608,7,none
2026-08-14 14:46:13,2026-08-14 14:45:00,62752.0,62727.0,63480.0,-1.1468,-1.1862,3.7553,-1.5,62527.8,65863.88,0.611,7,none
2026-08-14 14:51:13,2026-08-14 14:50:00,62718.0,62716.0,63480.0,-1.2004,-1.2035,3.7553,-1.5,62527.8,65863.88,0.614,7,none
2026-08-14 14:56:11,2026-08-14 14:55:00,62632.0,62631.0,63480.0,-1.3359,-1.3374,3.7553,-1.5,62527.8,65863.88,0.618,7,none
2026-08-14 15:01:27,2026-08-14 15:00:00,62666.0,62605.0,63480.0,-1.2823,-1.3784,3.7553,-1.5,62527.8,65863.88,0.622,7,none
2026-08-14 15:06:08,2026-08-14 15:05:00,62634.0,62618.0,63480.0,-1.3327,-1.3579,3.7553,-1.5,62527.8,65863.88,0.625,7,none
2026-08-14 15:11:14,2026-08-14 15:10:00,62684.0,62660.0,63480.0,-1.2539,-1.2917,3.7553,-1.5,62527.8,65863.88,0.628,7,none
2026-08-14 15:16:12,2026-08-14 15:15:00,62686.0,62685.0,63480.0,-1.2508,-1.2524,3.7553,-1.5,62527.8,65863.88,0.632,7,none
2026-08-14 15:21:09,2026-08-14 15:20:00,62699.0,62695.0,63480.0,-1.2303,-1.2366,3.7553,-1.5,62527.8,65863.88,0.635,7,none
2026-08-14 15:26:10,2026-08-14 15:25:00,62721.0,62720.0,63480.0,-1.1957,-1.1972,3.7553,-1.5,62527.8,65863.88,0.639,7,none
2026-08-14 15:31:12,2026-08-14 15:30:00,62819.0,62819.0,63480.0,-1.0413,-1.0413,3.7553,-1.5,62527.8,65863.88,0.642,7,none
2026-08-14 15:36:09,2026-08-14 15:35:00,62924.0,62877.0,63480.0,-0.8759,-0.9499,3.7553,-1.5,62527.8,65863.88,0.646,7,none
2026-08-14 15:41:11,2026-08-14 15:40:00,62955.0,62954.0,63480.0,-0.827,-0.8286,3.7553,-1.5,62527.8,65863.88,0.649,7,none
2026-08-14 15:46:07,2026-08-14 15:45:00,62997.0,62960.0,63480.0,-0.7609,-0.8192,3.7553,-1.5,62527.8,65863.88,0.653,7,none
2026-08-14 15:51:16,2026-08-14 15:50:00,62957.0,62946.0,63480.0,-0.8239,-0.8412,3.7553,-1.5,62527.8,65863.88,0.656,7,none
2026-08-14 15:56:14,2026-08-14 15:55:00,63049.0,62984.0,63480.0,-0.679,-0.7813,3.7553,-1.5,62527.8,65863.88,0.66,7,none
2026-08-14 16:01:18,2026-08-14 16:00:00,62972.0,62964.0,63480.0,-0.8003,-0.8129,3.7553,-1.5,62527.8,65863.88,0.663,7,none
2026-08-14 16:06:08,2026-08-14 16:05:00,62965.0,62948.0,63480.0,-0.8113,-0.8381,3.7553,-1.5,62527.8,65863.88,0.667,7,none
2026-08-14 16:11:17,2026-08-14 16:10:00,63040.0,63005.0,63480.0,-0.6931,-0.7483,3.7553,-1.5,62527.8,65863.88,0.67,7,none
2026-08-14 16:16:08,2026-08-14 16:15:00,63011.0,63009.0,63480.0,-0.7388,-0.742,3.7553,-1.5,62527.8,65863.88,0.673,7,none
2026-08-14 16:21:09,2026-08-14 16:20:00,63033.0,63033.0,63480.0,-0.7042,-0.7042,3.7553,-1.5,62527.8,65863.88,0.677,7,none
2026-08-14 16:26:03,2026-08-14 16:25:00,63090.0,63075.0,63480.0,-0.6144,-0.638,3.7553,-1.5,62527.8,65863.88,0.68,7,none
2026-08-14 16:31:23,2026-08-14 16:30:00,63115.0,63096.0,63480.0,-0.575,-0.6049,3.7553,-1.5,62527.8,65863.88,0.684,7,none
2026-08-14 16:36:05,2026-08-14 16:35:00,63148.0,63130.0,63480.0,-0.523,-0.5514,3.7553,-1.5,62527.8,65863.88,0.687,7,none
2026-08-14 16:39:33,2026-08-14 16:38:00,63154.0,63154.0,63480.0,-0.5135,-0.5135,3.7553,-1.5,62527.8,65863.88,0.69,7,none
2026-08-14 16:41:07,2026-08-14 16:40:00,63185.0,63172.0,63480.0,-0.4647,-0.4852,3.7553,-1.5,62527.8,65863.88,0.691,7,none
2026-08-14 16:49:13,2026-08-14 16:48:00,63164.0,63137.0,63480.0,-0.4978,-0.5403,3.7553,-1.5,62527.8,65863.88,0.696,7,none
2026-08-14 16:51:18,2026-08-14 16:50:00,63105.0,63104.0,63480.0,-0.5907,-0.5923,3.7553,-1.5,62527.8,65863.88,0.698,7,none
2026-08-14 16:56:07,2026-08-14 16:55:00,63102.0,63091.0,63480.0,-0.5955,-0.6128,3.7553,-1.5,62527.8,65863.88,0.701,7,none
2026-08-14 17:01:19,2026-08-14 17:00:00,63130.0,63114.0,63480.0,-0.5514,-0.5766,3.7553,-1.5,62527.8,65863.88,0.705,7,none
2026-08-14 17:06:10,2026-08-14 17:05:00,63128.0,63119.0,63480.0,-0.5545,-0.5687,3.7553,-1.5,62527.8,65863.88,0.708,7,none
2026-08-14 17:11:17,2026-08-14 17:10:00,63114.0,63106.0,63480.0,-0.5766,-0.5892,3.7553,-1.5,62527.8,65863.88,0.712,7,none
2026-08-14 17:16:10,2026-08-14 17:15:00,63145.0,63144.0,63480.0,-0.5277,-0.5293,3.7553,-1.5,62527.8,65863.88,0.715,7,none
2026-08-14 17:21:13,2026-08-14 17:20:00,63201.0,63182.0,63480.0,-0.4395,-0.4694,3.7553,-1.5,62527.8,65863.88,0.719,7,none
2026-08-14 17:26:08,2026-08-14 17:25:00,63196.0,63193.0,63480.0,-0.4474,-0.4521,3.7553,-1.5,62527.8,65863.88,0.722,7,none
2026-08-14 17:31:20,2026-08-14 17:30:00,63168.0,63164.0,63480.0,-0.4915,-0.4978,3.7553,-1.5,62527.8,65863.88,0.726,7,none
2026-08-14 17:36:14,2026-08-14 17:35:00,63150.0,63150.0,63480.0,-0.5198,-0.5198,3.7553,-1.5,62527.8,65863.88,0.729,7,none
2026-08-14 17:41:14,2026-08-14 17:40:00,63120.0,63109.0,63480.0,-0.5671,-0.5844,3.7553,-1.5,62527.8,65863.88,0.733,7,none
2026-08-14 17:43:54,2026-08-14 17:42:00,63098.0,63097.0,63480.0,-0.6018,-0.6033,3.7553,-1.5,62527.8,65863.88,0.734,7,none
2026-08-14 17:46:14,2026-08-14 17:45:00,63094.0,63093.0,63480.0,-0.6081,-0.6096,3.7553,-1.5,62527.8,65863.88,0.736,7,none
2026-08-14 17:51:13,2026-08-14 17:50:00,63070.0,63064.0,63480.0,-0.6459,-0.6553,3.7553,-1.5,62527.8,65863.88,0.739,7,none
2026-08-14 17:56:13,2026-08-14 17:55:00,62987.0,62986.0,63480.0,-0.7766,-0.7782,3.7553,-1.5,62527.8,65863.88,0.743,7,none
2026-08-14 18:01:25,2026-08-14 18:00:00,62991.0,62983.0,63480.0,-0.7703,-0.7829,3.7553,-1.5,62527.8,65863.88,0.747,7,none
2026-08-14 18:06:06,2026-08-14 18:05:00,63038.0,63015.0,63480.0,-0.6963,-0.7325,3.7553,-1.5,62527.8,65863.88,0.75,7,none
2026-08-14 18:11:12,2026-08-14 18:10:00,63041.0,63012.0,63480.0,-0.6916,-0.7372,3.7553,-1.5,62527.8,65863.88,0.753,7,none
2026-08-14 18:16:17,2026-08-14 18:15:00,63002.0,62980.0,63480.0,-0.753,-0.7876,3.7553,-1.5,62527.8,65863.88,0.757,7,none
2026-08-14 18:21:08,2026-08-14 18:20:00,63022.0,63018.0,63480.0,-0.7215,-0.7278,3.7553,-1.5,62527.8,65863.88,0.76,7,none
2026-08-14 18:26:12,2026-08-14 18:25:00,63033.0,63024.0,63480.0,-0.7042,-0.7183,3.7553,-1.5,62527.8,65863.88,0.764,7,none
2026-08-14 18:31:22,2026-08-14 18:30:00,63021.0,62998.0,63480.0,-0.7231,-0.7593,3.7553,-1.5,62527.8,65863.88,0.767,7,none
2026-08-14 18:36:14,2026-08-14 18:35:00,62943.0,62937.0,63480.0,-0.8459,-0.8554,3.7553,-1.5,62527.8,65863.88,0.771,7,none
2026-08-14 18:39:34,2026-08-14 18:38:00,62984.0,62960.0,63480.0,-0.7813,-0.8192,3.7553,-1.5,62527.8,65863.88,0.773,7,none
2026-08-14 18:41:17,2026-08-14 18:40:00,62998.0,62976.0,63480.0,-0.7593,-0.794,3.7553,-1.5,62527.8,65863.88,0.774,7,none
2026-08-14 18:46:13,2026-08-14 18:45:00,62947.0,62947.0,63480.0,-0.8396,-0.8396,3.7553,-1.5,62527.8,65863.88,0.778,7,none
2026-08-14 18:51:15,2026-08-14 18:50:00,62886.0,62876.0,63480.0,-0.9357,-0.9515,3.7553,-1.5,62527.8,65863.88,0.781,7,none
2026-08-14 18:56:10,2026-08-14 18:55:00,62902.0,62896.0,63480.0,-0.9105,-0.92,3.7553,-1.5,62527.8,65863.88,0.785,7,none
2026-08-14 19:01:18,2026-08-14 19:00:00,62855.0,62854.0,63480.0,-0.9846,-0.9861,3.7553,-1.5,62527.8,65863.88,0.788,7,none
2026-08-14 19:06:06,2026-08-14 19:05:00,62864.0,62853.0,63480.0,-0.9704,-0.9877,3.7553,-1.5,62527.8,65863.88,0.791,7,none
2026-08-14 19:11:13,2026-08-14 19:10:00,62860.0,62860.0,63480.0,-0.9767,-0.9767,3.7553,-1.5,62527.8,65863.88,0.795,7,none
2026-08-14 19:16:11,2026-08-14 19:15:00,62858.0,62839.0,63480.0,-0.9798,-1.0098,3.7553,-1.5,62527.8,65863.88,0.798,7,none
2026-08-14 19:21:10,2026-08-14 19:20:00,62825.0,62820.0,63480.0,-1.0318,-1.0397,3.7553,-1.5,62527.8,65863.88,0.802,7,none
2026-08-14 19:26:07,2026-08-14 19:25:00,62870.0,62866.0,63480.0,-0.9609,-0.9672,3.7553,-1.5,62527.8,65863.88,0.805,7,none
2026-08-14 19:31:17,2026-08-14 19:30:00,62881.0,62880.0,63480.0,-0.9436,-0.9452,3.7553,-1.5,62527.8,65863.88,0.809,7,none
2026-08-14 19:36:10,2026-08-14 19:35:00,62918.0,62891.0,63480.0,-0.8853,-0.9279,3.7553,-1.5,62527.8,65863.88,0.812,7,none
2026-08-14 19:41:21,2026-08-14 19:40:00,62922.0,62909.0,63480.0,-0.879,-0.8995,3.7553,-1.5,62527.8,65863.88,0.816,7,none
2026-08-14 19:46:17,2026-08-14 19:45:00,62967.0,62966.0,63480.0,-0.8081,-0.8097,3.7553,-1.5,62527.8,65863.88,0.819,7,none
2026-08-14 19:51:10,2026-08-14 19:50:00,62945.0,62944.0,63480.0,-0.8428,-0.8444,3.7553,-1.5,62527.8,65863.88,0.823,7,none
2026-08-14 19:56:25,2026-08-14 19:55:00,62961.0,62960.0,63480.0,-0.8176,-0.8192,3.7553,-1.5,62527.8,65863.88,0.826,7,none
2026-08-14 20:01:22,2026-08-14 20:00:00,62959.0,62951.0,63480.0,-0.8207,-0.8333,3.7553,-1.5,62527.8,65863.88,0.83,7,none
2026-08-14 20:06:07,2026-08-14 20:05:00,62992.0,62987.0,63480.0,-0.7687,-0.7766,3.7553,-1.5,62527.8,65863.88,0.833,7,none
2026-08-14 20:11:10,2026-08-14 20:10:00,63004.0,63004.0,63480.0,-0.7498,-0.7498,3.7553,-1.5,62527.8,65863.88,0.837,7,none
2026-08-14 20:16:12,2026-08-14 20:15:00,62934.0,62934.0,63480.0,-0.8601,-0.8601,3.7553,-1.5,62527.8,65863.88,0.84,7,none
2026-08-14 20:21:09,2026-08-14 20:20:00,62929.0,62924.0,63480.0,-0.868,-0.8759,3.7553,-1.5,62527.8,65863.88,0.844,7,none
2026-08-14 20:26:09,2026-08-14 20:25:00,62930.0,62930.0,63480.0,-0.8664,-0.8664,3.7553,-1.5,62527.8,65863.88,0.847,7,none
2026-08-14 20:31:18,2026-08-14 20:30:00,62937.0,62931.0,63480.0,-0.8554,-0.8648,3.7553,-1.5,62527.8,65863.88,0.851,7,none
2026-08-14 20:36:09,2026-08-14 20:35:00,62904.0,62904.0,63480.0,-0.9074,-0.9074,3.7553,-1.5,62527.8,65863.88,0.854,7,none
2026-08-14 20:41:13,2026-08-14 20:40:00,62894.0,62893.0,63480.0,-0.9231,-0.9247,3.7553,-1.5,62527.8,65863.88,0.858,7,none
2026-08-14 20:46:10,2026-08-14 20:45:00,62908.0,62894.0,63480.0,-0.9011,-0.9231,3.7553,-1.5,62527.8,65863.88,0.861,7,none
2026-08-14 20:51:16,2026-08-14 20:50:00,62907.0,62906.0,63480.0,-0.9026,-0.9042,3.7553,-1.5,62527.8,65863.88,0.865,7,none
2026-08-14 20:56:06,2026-08-14 20:55:00,62894.0,62893.0,63480.0,-0.9231,-0.9247,3.7553,-1.5,62527.8,65863.88,0.868,7,none
2026-08-14 21:01:21,2026-08-14 21:00:00,62916.0,62890.0,63480.0,-0.8885,-0.9294,3.7553,-1.5,62527.8,65863.88,0.872,7,none
2026-08-14 21:06:17,2026-08-14 21:05:00,62906.0,62906.0,63480.0,-0.9042,-0.9042,3.7553,-1.5,62527.8,65863.88,0.875,7,none
2026-08-14 21:11:17,2026-08-14 21:10:00,62887.0,62886.0,63480.0,-0.9342,-0.9357,3.7553,-1.5,62527.8,65863.88,0.878,7,none
2026-08-14 21:15:00,2026-08-14 21:13:00,62900.0,62900.0,63480.0,-0.9137,-0.9137,3.7553,-1.5,62527.8,65863.88,0.881,7,none
2026-08-14 21:16:17,2026-08-14 21:15:00,62896.0,62889.0,63480.0,-0.92,-0.931,3.7553,-1.5,62527.8,65863.88,0.882,7,none
2026-08-14 21:21:12,2026-08-14 21:20:00,62876.0,62875.0,63480.0,-0.9515,-0.9531,3.7553,-1.5,62527.8,65863.88,0.885,7,none
2026-08-14 21:26:11,2026-08-14 21:25:00,62895.0,62889.0,63480.0,-0.9216,-0.931,3.7553,-1.5,62527.8,65863.88,0.889,7,none
2026-08-14 21:31:19,2026-08-14 21:30:00,62877.0,62875.0,63480.0,-0.9499,-0.9531,3.7553,-1.5,62527.8,65863.88,0.892,7,none
2026-08-14 21:51:23,2026-08-14 21:50:00,62904.0,62903.0,63480.0,-0.9074,-0.9089,3.7553,-1.5,62527.8,65863.88,0.906,7,none
2026-08-14 21:56:08,2026-08-14 21:55:00,62872.0,62872.0,63480.0,-0.9578,-0.9578,3.7553,-1.5,62527.8,65863.88,0.91,7,none
2026-08-14 22:01:25,2026-08-14 22:00:00,62927.0,62904.0,63480.0,-0.8711,-0.9074,3.7553,-1.5,62527.8,65863.88,0.913,7,none
2026-08-14 22:06:12,2026-08-14 22:05:00,62934.0,62932.0,63480.0,-0.8601,-0.8633,3.7553,-1.5,62527.8,65863.88,0.917,7,none
2026-08-14 22:11:09,2026-08-14 22:10:00,62882.0,62882.0,63480.0,-0.942,-0.942,3.7553,-1.5,62527.8,65863.88,0.92,7,none
2026-08-14 22:16:17,2026-08-14 22:15:00,62793.0,62789.0,63480.0,-1.0822,-1.0885,3.7553,-1.5,62527.8,65863.88,0.924,7,none
2026-08-14 22:21:12,2026-08-14 22:20:00,62811.0,62810.0,63480.0,-1.0539,-1.0555,3.7553,-1.5,62527.8,65863.88,0.927,7,none
2026-08-14 22:26:05,2026-08-14 22:25:00,62806.0,62806.0,63480.0,-1.0618,-1.0618,3.7553,-1.5,62527.8,65863.88,0.93,7,none
2026-08-14 22:31:21,2026-08-14 22:30:00,62825.0,62806.0,63480.0,-1.0318,-1.0618,3.7553,-1.5,62527.8,65863.88,0.934,7,none
2026-08-14 22:36:07,2026-08-14 22:35:00,62853.0,62850.0,63480.0,-0.9877,-0.9924,3.7553,-1.5,62527.8,65863.88,0.937,7,none
2026-08-14 22:41:13,2026-08-14 22:40:00,62853.0,62852.0,63480.0,-0.9877,-0.9893,3.7553,-1.5,62527.8,65863.88,0.941,7,none
2026-08-14 22:46:14,2026-08-14 22:45:00,62876.0,62861.0,63480.0,-0.9515,-0.9751,3.7553,-1.5,62527.8,65863.88,0.944,7,none
2026-08-14 22:51:10,2026-08-14 22:50:00,62860.0,62859.0,63480.0,-0.9767,-0.9783,3.7553,-1.5,62527.8,65863.88,0.948,7,none
2026-08-14 22:56:08,2026-08-14 22:55:00,62845.0,62845.0,63480.0,-1.0003,-1.0003,3.7553,-1.5,62527.8,65863.88,0.951,7,none
2026-08-14 23:01:19,2026-08-14 23:00:00,62861.0,62859.0,63480.0,-0.9751,-0.9783,3.7553,-1.5,62527.8,65863.88,0.955,7,none
2026-08-14 23:06:13,2026-08-14 23:05:00,62870.0,62870.0,63480.0,-0.9609,-0.9609,3.7553,-1.5,62527.8,65863.88,0.958,7,none
2026-08-14 23:11:11,2026-08-14 23:10:00,62882.0,62870.0,63480.0,-0.942,-0.9609,3.7553,-1.5,62527.8,65863.88,0.962,7,none
2026-08-14 23:16:10,2026-08-14 23:15:00,62923.0,62912.0,63480.0,-0.8774,-0.8948,3.7553,-1.5,62527.8,65863.88,0.965,7,none
2026-08-14 23:21:13,2026-08-14 23:20:00,62858.0,62858.0,63480.0,-0.9798,-0.9798,3.7553,-1.5,62527.8,65863.88,0.969,7,none
2026-08-14 23:26:11,2026-08-14 23:25:00,62926.0,62926.0,63480.0,-0.8727,-0.8727,3.7553,-1.5,62527.8,65863.88,0.972,7,none
2026-08-14 23:31:12,2026-08-14 23:30:00,62936.0,62928.0,63480.0,-0.857,-0.8696,3.7553,-1.5,62527.8,65863.88,0.976,7,none
2026-08-14 23:36:11,2026-08-14 23:35:00,62905.0,62904.0,63480.0,-0.9058,-0.9074,3.7553,-1.5,62527.8,65863.88,0.979,7,none
2026-08-14 23:41:11,2026-08-14 23:40:00,62968.0,62954.0,63480.0,-0.8066,-0.8286,3.7553,-1.5,62527.8,65863.88,0.983,7,none
2026-08-14 23:46:12,2026-08-14 23:45:00,63000.0,62993.0,63480.0,-0.7561,-0.7672,3.7553,-1.5,62527.8,65863.88,0.986,7,none
2026-08-14 23:51:06,2026-08-14 23:50:00,63011.0,63006.0,63480.0,-0.7388,-0.7467,3.7553,-1.5,62527.8,65863.88,0.989,7,none
2026-08-14 23:56:11,2026-08-14 23:55:00,63030.0,63029.0,63480.0,-0.7089,-0.7105,3.7553,-1.5,62527.8,65863.88,0.993,7,none
2026-08-15 00:01:19,2026-08-15 00:00:00,63020.0,63016.0,63480.0,-0.7246,-0.7309,3.7553,-1.5,62527.8,65863.88,0.996,7,none
2026-08-15 00:06:30,2026-08-15 00:05:00,63006.0,63006.0,63480.0,-0.7467,-0.7467,3.7553,-1.5,62527.8,65863.88,1.0,7,none
2026-08-15 00:11:14,2026-08-15 00:10:00,63004.0,63004.0,63480.0,-0.7498,-0.7498,3.7553,-1.5,62527.8,65863.88,1.003,7,none
2026-08-15 00:16:16,2026-08-15 00:15:00,62999.0,62998.0,63480.0,-0.7577,-0.7593,3.7553,-1.5,62527.8,65863.88,1.007,7,none
2026-08-15 00:21:10,2026-08-15 00:20:00,63009.0,63008.0,63480.0,-0.742,-0.7435,3.7553,-1.5,62527.8,65863.88,1.01,7,none
2026-08-15 00:26:07,2026-08-15 00:25:00,63009.0,63009.0,63480.0,-0.742,-0.742,3.7553,-1.5,62527.8,65863.88,1.014,7,none
2026-08-15 00:31:19,2026-08-15 00:30:00,63003.0,63000.0,63480.0,-0.7514,-0.7561,3.7553,-1.5,62527.8,65863.88,1.017,7,none
2026-08-15 00:34:48,2026-08-15 00:33:00,63012.0,63007.0,63480.0,-0.7372,-0.7451,3.7553,-1.5,62527.8,65863.88,1.02,7,none
2026-08-15 00:36:07,2026-08-15 00:35:00,63001.0,63000.0,63480.0,-0.7546,-0.7561,3.7553,-1.5,62527.8,65863.88,1.021,7,none
2026-08-15 00:41:16,2026-08-15 00:40:00,63003.0,63001.0,63480.0,-0.7514,-0.7546,3.7553,-1.5,62527.8,65863.88,1.024,7,none
2026-08-15 00:46:08,2026-08-15 00:45:00,63008.0,63007.0,63480.0,-0.7435,-0.7451,3.7553,-1.5,62527.8,65863.88,1.028,7,none
2026-08-15 00:51:16,2026-08-15 00:50:00,63002.0,63002.0,63480.0,-0.753,-0.753,3.7553,-1.5,62527.8,65863.88,1.031,7,none
2026-08-15 00:56:06,2026-08-15 00:55:00,62991.0,62990.0,63480.0,-0.7703,-0.7719,3.7553,-1.5,62527.8,65863.88,1.035,7,none
2026-08-15 01:01:25,2026-08-15 01:00:00,63005.0,63004.0,63480.0,-0.7483,-0.7498,3.7553,-1.5,62527.8,65863.88,1.038,7,none
2026-08-15 01:06:11,2026-08-15 01:05:00,62985.0,62985.0,63480.0,-0.7798,-0.7798,3.7553,-1.5,62527.8,65863.88,1.042,7,none
2026-08-15 01:11:11,2026-08-15 01:10:00,62994.0,62993.0,63480.0,-0.7656,-0.7672,3.7553,-1.5,62527.8,65863.88,1.045,7,none
2026-08-15 01:16:17,2026-08-15 01:15:00,63001.0,63001.0,63480.0,-0.7546,-0.7546,3.7553,-1.5,62527.8,65863.88,1.049,7,none
2026-08-15 01:21:17,2026-08-15 01:20:00,62996.0,62992.0,63480.0,-0.7624,-0.7687,3.7553,-1.5,62527.8,65863.88,1.052,7,none
2026-08-15 01:26:09,2026-08-15 01:25:00,63029.0,63029.0,63480.0,-0.7105,-0.7105,3.7553,-1.5,62527.8,65863.88,1.055,7,none
2026-08-15 01:31:20,2026-08-15 01:30:00,63018.0,63017.0,63480.0,-0.7278,-0.7294,3.7553,-1.5,62527.8,65863.88,1.059,7,none
2026-08-15 01:36:09,2026-08-15 01:35:00,63033.0,63031.0,63480.0,-0.7042,-0.7073,3.7553,-1.5,62527.8,65863.88,1.062,7,none
2026-08-15 01:41:18,2026-08-15 01:40:00,63031.0,63025.0,63480.0,-0.7073,-0.7168,3.7553,-1.5,62527.8,65863.88,1.066,7,none
2026-08-15 01:46:06,2026-08-15 01:45:00,63018.0,63017.0,63480.0,-0.7278,-0.7294,3.7553,-1.5,62527.8,65863.88,1.069,7,none
2026-08-15 01:51:08,2026-08-15 01:50:00,63019.0,63018.0,63480.0,-0.7262,-0.7278,3.7553,-1.5,62527.8,65863.88,1.073,7,none
2026-08-15 01:56:24,2026-08-15 01:55:00,63019.0,63018.0,63480.0,-0.7262,-0.7278,3.7553,-1.5,62527.8,65863.88,1.076,7,none
2026-08-15 02:01:25,2026-08-15 02:00:00,63030.0,63022.0,63480.0,-0.7089,-0.7215,3.7553,-1.5,62527.8,65863.88,1.08,7,none
2026-08-15 02:06:07,2026-08-15 02:05:00,63051.0,63051.0,63480.0,-0.6758,-0.6758,3.7553,-1.5,62527.8,65863.88,1.083,7,none
2026-08-15 02:07:49,2026-08-15 02:06:00,63036.0,63035.0,63480.0,-0.6994,-0.701,3.7553,-1.5,62527.8,65863.88,1.084,7,none
2026-08-15 02:11:18,2026-08-15 02:10:00,63039.0,63032.0,63480.0,-0.6947,-0.7057,3.7553,-1.5,62527.8,65863.88,1.087,7,none
2026-08-15 02:16:13,2026-08-15 02:15:00,63057.0,63043.0,63480.0,-0.6664,-0.6884,3.7553,-1.5,62527.8,65863.88,1.09,7,none
2026-08-15 02:21:07,2026-08-15 02:20:00,63075.0,63074.0,63480.0,-0.638,-0.6396,3.7553,-1.5,62527.8,65863.88,1.094,7,none
2026-08-15 02:26:08,2026-08-15 02:25:00,63104.0,63089.0,63480.0,-0.5923,-0.6159,3.7553,-1.5,62527.8,65863.88,1.097,7,none
2026-08-15 02:31:19,2026-08-15 02:30:00,63092.0,63091.0,63480.0,-0.6112,-0.6128,3.7553,-1.5,62527.8,65863.88,1.101,7,none
2026-08-15 02:36:13,2026-08-15 02:35:00,63114.0,63113.0,63480.0,-0.5766,-0.5781,3.7553,-1.5,62527.8,65863.88,1.104,7,none
2026-08-15 02:41:08,2026-08-15 02:40:00,63116.0,63115.0,63480.0,-0.5734,-0.575,3.7553,-1.5,62527.8,65863.88,1.107,7,none
2026-08-15 02:46:15,2026-08-15 02:45:00,63105.0,63105.0,63480.0,-0.5907,-0.5907,3.7553,-1.5,62527.8,65863.88,1.111,7,none
2026-08-15 02:51:13,2026-08-15 02:50:00,63119.0,63119.0,63480.0,-0.5687,-0.5687,3.7553,-1.5,62527.8,65863.88,1.114,7,none
2026-08-15 02:56:11,2026-08-15 02:55:00,63116.0,63113.0,63480.0,-0.5734,-0.5781,3.7553,-1.5,62527.8,65863.88,1.118,7,none
2026-08-15 03:01:19,2026-08-15 03:00:00,63130.0,63130.0,63480.0,-0.5514,-0.5514,3.7553,-1.5,62527.8,65863.88,1.121,7,none
2026-08-15 03:06:05,2026-08-15 03:05:00,63131.0,63122.0,63480.0,-0.5498,-0.564,3.7553,-1.5,62527.8,65863.88,1.125,7,none
2026-08-15 03:11:24,2026-08-15 03:10:00,63120.0,63120.0,63480.0,-0.5671,-0.5671,3.7553,-1.5,62527.8,65863.88,1.128,7,none
2026-08-15 03:16:23,2026-08-15 03:15:00,63153.0,63139.0,63480.0,-0.5151,-0.5372,3.7553,-1.5,62527.8,65863.88,1.132,7,none
2026-08-15 03:21:13,2026-08-15 03:20:00,63101.0,63101.0,63480.0,-0.597,-0.597,3.7553,-1.5,62527.8,65863.88,1.135,7,none
2026-08-15 03:26:12,2026-08-15 03:25:00,63079.0,63079.0,63480.0,-0.6317,-0.6317,3.7553,-1.5,62527.8,65863.88,1.139,7,none
2026-08-15 03:29:26,2026-08-15 03:28:00,63074.0,63072.0,63480.0,-0.6396,-0.6427,3.7553,-1.5,62527.8,65863.88,1.141,7,none
2026-08-15 03:31:13,2026-08-15 03:30:00,63074.0,63073.0,63480.0,-0.6396,-0.6411,3.7553,-1.5,62527.8,65863.88,1.142,7,none
2026-08-15 03:36:08,2026-08-15 03:35:00,63056.0,63055.0,63480.0,-0.6679,-0.6695,3.7553,-1.5,62527.8,65863.88,1.146,7,none
2026-08-15 03:41:12,2026-08-15 03:40:00,63045.0,63036.0,63480.0,-0.6853,-0.6994,3.7553,-1.5,62527.8,65863.88,1.149,7,none
2026-08-15 03:46:12,2026-08-15 03:45:00,63045.0,63045.0,63480.0,-0.6853,-0.6853,3.7553,-1.5,62527.8,65863.88,1.153,7,none
2026-08-15 03:51:14,2026-08-15 03:50:00,63039.0,63039.0,63480.0,-0.6947,-0.6947,3.7553,-1.5,62527.8,65863.88,1.156,7,none
2026-08-15 03:56:12,2026-08-15 03:55:00,63063.0,63063.0,63480.0,-0.6569,-0.6569,3.7553,-1.5,62527.8,65863.88,1.16,7,none
2026-08-15 04:01:24,2026-08-15 04:00:00,63049.0,63036.0,63480.0,-0.679,-0.6994,3.7553,-1.5,62527.8,65863.88,1.163,7,none
2026-08-15 04:06:09,2026-08-15 04:05:00,63059.0,63057.0,63480.0,-0.6632,-0.6664,3.7553,-1.5,62527.8,65863.88,1.167,7,none
2026-08-15 04:11:10,2026-08-15 04:10:00,63054.0,63053.0,63480.0,-0.6711,-0.6727,3.7553,-1.5,62527.8,65863.88,1.17,7,none
2026-08-15 04:16:09,2026-08-15 04:15:00,63100.0,63089.0,63480.0,-0.5986,-0.6159,3.7553,-1.5,62527.8,65863.88,1.173,7,none
2026-08-15 04:19:45,2026-08-15 04:18:00,63102.0,63089.0,63480.0,-0.5955,-0.6159,3.7553,-1.5,62527.8,65863.88,1.176,7,none
2026-08-15 04:21:14,2026-08-15 04:20:00,63110.0,63110.0,63480.0,-0.5829,-0.5829,3.7553,-1.5,62527.8,65863.88,1.177,7,none
2026-08-15 04:26:11,2026-08-15 04:25:00,63111.0,63109.0,63480.0,-0.5813,-0.5844,3.7553,-1.5,62527.8,65863.88,1.18,7,none
2026-08-15 04:31:15,2026-08-15 04:30:00,63116.0,63116.0,63480.0,-0.5734,-0.5734,3.7553,-1.5,62527.8,65863.88,1.184,7,none
2026-08-15 04:36:08,2026-08-15 04:35:00,63127.0,63118.0,63480.0,-0.5561,-0.5703,3.7553,-1.5,62527.8,65863.88,1.187,7,none
2026-08-15 04:41:09,2026-08-15 04:40:00,63128.0,63124.0,63480.0,-0.5545,-0.5608,3.7553,-1.5,62527.8,65863.88,1.191,7,none
2026-08-15 04:46:13,2026-08-15 04:45:00,63139.0,63138.0,63480.0,-0.5372,-0.5388,3.7553,-1.5,62527.8,65863.88,1.194,7,none
2026-08-15 04:51:13,2026-08-15 04:50:00,63128.0,63127.0,63480.0,-0.5545,-0.5561,3.7553,-1.5,62527.8,65863.88,1.198,7,none
2026-08-15 04:56:06,2026-08-15 04:55:00,63105.0,63105.0,63480.0,-0.5907,-0.5907,3.7553,-1.5,62527.8,65863.88,1.201,7,none
2026-08-15 05:01:34,2026-08-15 05:00:00,63108.0,63107.0,63480.0,-0.586,-0.5876,3.7553,-1.5,62527.8,65863.88,1.205,7,none
2026-08-15 05:06:08,2026-08-15 05:05:00,63112.0,63112.0,63480.0,-0.5797,-0.5797,3.7553,-1.5,62527.8,65863.88,1.208,7,none
2026-08-15 05:11:08,2026-08-15 05:10:00,63132.0,63127.0,63480.0,-0.5482,-0.5561,3.7553,-1.5,62527.8,65863.88,1.212,7,none
2026-08-15 05:15:37,2026-08-15 05:14:00,63136.0,63135.0,63480.0,-0.5419,-0.5435,3.7553,-1.5,62527.8,65863.88,1.215,7,none
2026-08-15 05:21:23,2026-08-15 05:20:00,63139.0,63139.0,63480.0,-0.5372,-0.5372,3.7553,-1.5,62527.8,65863.88,1.219,7,none
2026-08-15 05:26:08,2026-08-15 05:25:00,63116.0,63115.0,63480.0,-0.5734,-0.575,3.7553,-1.5,62527.8,65863.88,1.222,7,none
2026-08-15 05:31:16,2026-08-15 05:30:00,63107.0,63107.0,63480.0,-0.5876,-0.5876,3.7553,-1.5,62527.8,65863.88,1.226,7,none
2026-08-15 05:36:06,2026-08-15 05:35:00,63090.0,63089.0,63480.0,-0.6144,-0.6159,3.7553,-1.5,62527.8,65863.88,1.229,7,none
2026-08-15 05:41:17,2026-08-15 05:40:00,63035.0,63034.0,63480.0,-0.701,-0.7026,3.7553,-1.5,62527.8,65863.88,1.233,7,none
2026-08-15 05:46:22,2026-08-15 05:45:00,63073.0,63062.0,63480.0,-0.6411,-0.6585,3.7553,-1.5,62527.8,65863.88,1.236,7,none
2026-08-15 05:51:12,2026-08-15 05:50:00,63040.0,63040.0,63480.0,-0.6931,-0.6931,3.7553,-1.5,62527.8,65863.88,1.239,7,none
2026-08-15 05:56:10,2026-08-15 05:55:00,63041.0,63041.0,63480.0,-0.6916,-0.6916,3.7553,-1.5,62527.8,65863.88,1.243,7,none
2026-08-15 06:01:21,2026-08-15 06:00:00,63069.0,63068.0,63480.0,-0.6474,-0.649,3.7553,-1.5,62527.8,65863.88,1.247,7,none
2026-08-15 06:06:02,2026-08-15 06:05:00,63069.0,63068.0,63480.0,-0.6474,-0.649,3.7553,-1.5,62527.8,65863.88,1.25,7,none
2026-08-15 06:11:11,2026-08-15 06:10:00,63069.0,63068.0,63480.0,-0.6474,-0.649,3.7553,-1.5,62527.8,65863.88,1.253,7,none
2026-08-15 06:16:10,2026-08-15 06:15:00,63030.0,63030.0,63480.0,-0.7089,-0.7089,3.7553,-1.5,62527.8,65863.88,1.257,7,none
2026-08-15 06:18:37,2026-08-15 06:17:00,63030.0,63030.0,63480.0,-0.7089,-0.7089,3.7553,-1.5,62527.8,65863.88,1.259,7,none
2026-08-15 06:21:07,2026-08-15 06:20:00,63030.0,63030.0,63480.0,-0.7089,-0.7089,3.7553,-1.5,62527.8,65863.88,1.26,7,none
2026-08-15 06:26:07,2026-08-15 06:25:00,63045.0,63041.0,63480.0,-0.6853,-0.6916,3.7553,-1.5,62527.8,65863.88,1.264,7,none
2026-08-15 06:31:22,2026-08-15 06:30:00,63032.0,63014.0,63480.0,-0.7057,-0.7341,3.7553,-1.5,62527.8,65863.88,1.267,7,none
2026-08-15 06:36:13,2026-08-15 06:35:00,63035.0,63033.0,63480.0,-0.701,-0.7042,3.7553,-1.5,62527.8,65863.88,1.271,7,none
2026-08-15 06:41:12,2026-08-15 06:40:00,63039.0,63033.0,63480.0,-0.6947,-0.7042,3.7553,-1.5,62527.8,65863.88,1.274,7,none
2026-08-15 06:46:11,2026-08-15 06:45:00,63048.0,63047.0,63480.0,-0.6805,-0.6821,3.7553,-1.5,62527.8,65863.88,1.278,7,none
2026-08-15 06:51:14,2026-08-15 06:50:00,63067.0,63052.0,63480.0,-0.6506,-0.6742,3.7553,-1.5,62527.8,65863.88,1.281,7,none
2026-08-15 06:56:10,2026-08-15 06:55:00,63108.0,63102.0,63480.0,-0.586,-0.5955,3.7553,-1.5,62527.8,65863.88,1.285,7,none
2026-08-15 07:01:22,2026-08-15 07:00:00,63089.0,63089.0,63480.0,-0.6159,-0.6159,3.7553,-1.5,62527.8,65863.88,1.288,7,none
2026-08-15 07:06:02,2026-08-15 07:05:00,63093.0,63093.0,63480.0,-0.6096,-0.6096,3.7553,-1.5,62527.8,65863.88,1.291,7,none
2026-08-15 07:11:17,2026-08-15 07:10:00,63045.0,63045.0,63480.0,-0.6853,-0.6853,3.7553,-1.5,62527.8,65863.88,1.295,7,none
2026-08-15 07:16:12,2026-08-15 07:15:00,63099.0,63098.0,63480.0,-0.6002,-0.6018,3.7553,-1.5,62527.8,65863.88,1.298,7,none
2026-08-15 07:21:15,2026-08-15 07:20:00,63077.0,63077.0,63480.0,-0.6348,-0.6348,3.7553,-1.5,62527.8,65863.88,1.302,7,none
2026-08-15 07:26:02,2026-08-15 07:25:00,63077.0,63069.0,63480.0,-0.6348,-0.6474,3.7553,-1.5,62527.8,65863.88,1.305,7,none
2026-08-15 07:31:13,2026-08-15 07:30:00,63048.0,63048.0,63480.0,-0.6805,-0.6805,3.7553,-1.5,62527.8,65863.88,1.309,7,none
2026-08-15 07:36:07,2026-08-15 07:35:00,63065.0,63054.0,63480.0,-0.6537,-0.6711,3.7553,-1.5,62527.8,65863.88,1.312,7,none
2026-08-15 07:41:11,2026-08-15 07:40:00,63066.0,63066.0,63480.0,-0.6522,-0.6522,3.7553,-1.5,62527.8,65863.88,1.316,7,none
2026-08-15 07:46:10,2026-08-15 07:45:00,63060.0,63059.0,63480.0,-0.6616,-0.6632,3.7553,-1.5,62527.8,65863.88,1.319,7,none
2026-08-15 07:51:05,2026-08-15 07:50:00,63057.0,63056.0,63480.0,-0.6664,-0.6679,3.7553,-1.5,62527.8,65863.88,1.323,7,none
2026-08-15 07:56:08,2026-08-15 07:55:00,63032.0,63032.0,63480.0,-0.7057,-0.7057,3.7553,-1.5,62527.8,65863.88,1.326,7,none
2026-08-15 08:01:19,2026-08-15 08:00:00,63063.0,63050.0,63480.0,-0.6569,-0.6774,3.7553,-1.5,62527.8,65863.88,1.33,7,none
2026-08-15 08:11:13,2026-08-15 08:10:00,63042.0,63042.0,63480.0,-0.69,-0.69,3.7553,-1.5,62527.8,65863.88,1.337,7,none
2026-08-15 08:15:30,2026-08-15 08:14:00,63033.0,63032.0,63480.0,-0.7042,-0.7057,3.7553,-1.5,62527.8,65863.88,1.34,7,none
2026-08-15 08:21:14,2026-08-15 08:20:00,63036.0,63036.0,63480.0,-0.6994,-0.6994,3.7553,-1.5,62527.8,65863.88,1.344,7,none
2026-08-15 08:26:21,2026-08-15 08:25:00,63030.0,63030.0,63480.0,-0.7089,-0.7089,3.7553,-1.5,62527.8,65863.88,1.347,7,none
2026-08-15 08:31:17,2026-08-15 08:30:00,63023.0,63022.0,63480.0,-0.7199,-0.7215,3.7553,-1.5,62527.8,65863.88,1.351,7,none
2026-08-15 08:36:03,2026-08-15 08:35:00,63008.0,63008.0,63480.0,-0.7435,-0.7435,3.7553,-1.5,62527.8,65863.88,1.354,7,none
2026-08-15 08:41:18,2026-08-15 08:40:00,62993.0,62993.0,63480.0,-0.7672,-0.7672,3.7553,-1.5,62527.8,65863.88,1.358,7,none
2026-08-15 08:46:02,2026-08-15 08:45:00,62994.0,62988.0,63480.0,-0.7656,-0.775,3.7553,-1.5,62527.8,65863.88,1.361,7,none
2026-08-15 08:51:00,2026-08-15 08:50:00,63019.0,63019.0,63480.0,-0.7262,-0.7262,3.7553,-1.5,62527.8,65863.88,1.364,7,none
2026-08-15 08:56:11,2026-08-15 08:55:00,62951.0,62939.0,63480.0,-0.8333,-0.8522,3.7553,-1.5,62527.8,65863.88,1.368,7,none
2026-08-15 09:01:21,2026-08-15 09:00:00,62916.0,62906.0,63480.0,-0.8885,-0.9042,3.7553,-1.5,62527.8,65863.88,1.372,7,none
2026-08-15 09:06:10,2026-08-15 09:05:00,62897.0,62896.0,63480.0,-0.9184,-0.92,3.7553,-1.5,62527.8,65863.88,1.375,7,none
2026-08-15 09:11:05,2026-08-15 09:10:00,62938.0,62920.0,63480.0,-0.8538,-0.8822,3.7553,-1.5,62527.8,65863.88,1.378,7,none
2026-08-15 09:15:40,2026-08-15 09:14:00,62938.0,62937.0,63480.0,-0.8538,-0.8554,3.7553,-1.5,62527.8,65863.88,1.381,7,none
2026-08-15 09:21:25,2026-08-15 09:20:00,62946.0,62945.0,63480.0,-0.8412,-0.8428,3.7553,-1.5,62527.8,65863.88,1.385,7,none
2026-08-15 09:26:08,2026-08-15 09:25:00,62938.0,62938.0,63480.0,-0.8538,-0.8538,3.7553,-1.5,62527.8,65863.88,1.389,7,none
2026-08-15 09:31:19,2026-08-15 09:30:00,62966.0,62964.0,63480.0,-0.8097,-0.8129,3.7553,-1.5,62527.8,65863.88,1.392,7,none
2026-08-15 09:36:02,2026-08-15 09:35:00,62973.0,62969.0,63480.0,-0.7987,-0.805,3.7553,-1.5,62527.8,65863.88,1.396,7,none
2026-08-15 09:41:12,2026-08-15 09:40:00,62988.0,62987.0,63480.0,-0.775,-0.7766,3.7553,-1.5,62527.8,65863.88,1.399,7,none
2026-08-15 09:46:12,2026-08-15 09:45:00,63004.0,63003.0,63480.0,-0.7498,-0.7514,3.7553,-1.5,62527.8,65863.88,1.403,7,none
2026-08-15 09:51:07,2026-08-15 09:50:00,63005.0,63004.0,63480.0,-0.7483,-0.7498,3.7553,-1.5,62527.8,65863.88,1.406,7,none
2026-08-15 09:56:04,2026-08-15 09:55:00,63023.0,63019.0,63480.0,-0.7199,-0.7262,3.7553,-1.5,62527.8,65863.88,1.41,7,none
2026-08-15 10:01:19,2026-08-15 10:00:00,63013.0,63010.0,63480.0,-0.7357,-0.7404,3.7553,-1.5,62527.8,65863.88,1.413,7,none
2026-08-15 10:06:09,2026-08-15 10:05:00,62979.0,62978.0,63480.0,-0.7892,-0.7908,3.7553,-1.5,62527.8,65863.88,1.417,7,none
2026-08-15 10:11:13,2026-08-15 10:10:00,62991.0,62991.0,63480.0,-0.7703,-0.7703,3.7553,-1.5,62527.8,65863.88,1.42,7,none
2026-08-15 10:16:07,2026-08-15 10:15:00,62992.0,62991.0,63480.0,-0.7687,-0.7703,3.7553,-1.5,62527.8,65863.88,1.423,7,none
2026-08-15 10:21:12,2026-08-15 10:20:00,62992.0,62991.0,63480.0,-0.7687,-0.7703,3.7553,-1.5,62527.8,65863.88,1.427,7,none
2026-08-15 10:26:08,2026-08-15 10:25:00,62994.0,62993.0,63480.0,-0.7656,-0.7672,3.7553,-1.5,62527.8,65863.88,1.43,7,none
2026-08-15 10:31:12,2026-08-15 10:30:00,62993.0,62992.0,63480.0,-0.7672,-0.7687,3.7553,-1.5,62527.8,65863.88,1.434,7,none
2026-08-15 10:36:07,2026-08-15 10:35:00,63001.0,63001.0,63480.0,-0.7546,-0.7546,3.7553,-1.5,62527.8,65863.88,1.437,7,none
2026-08-15 10:41:11,2026-08-15 10:40:00,63010.0,63010.0,63480.0,-0.7404,-0.7404,3.7553,-1.5,62527.8,65863.88,1.441,7,none
2026-08-15 10:46:06,2026-08-15 10:45:00,63017.0,63014.0,63480.0,-0.7294,-0.7341,3.7553,-1.5,62527.8,65863.88,1.444,7,none
2026-08-15 10:51:11,2026-08-15 10:50:00,63029.0,63027.0,63480.0,-0.7105,-0.7136,3.7553,-1.5,62527.8,65863.88,1.448,7,none
2026-08-15 10:56:16,2026-08-15 10:55:00,63009.0,63009.0,63480.0,-0.742,-0.742,3.7553,-1.5,62527.8,65863.88,1.451,7,none
2026-08-15 11:01:16,2026-08-15 11:00:00,63010.0,63010.0,63480.0,-0.7404,-0.7404,3.7553,-1.5,62527.8,65863.88,1.455,7,none
2026-08-15 11:06:10,2026-08-15 11:05:00,63011.0,63010.0,63480.0,-0.7388,-0.7404,3.7553,-1.5,62527.8,65863.88,1.458,7,none
2026-08-15 11:09:54,2026-08-15 11:08:00,63017.0,63016.0,63480.0,-0.7294,-0.7309,3.7553,-1.5,62527.8,65863.88,1.461,7,none
2026-08-15 11:11:08,2026-08-15 11:10:00,63016.0,63016.0,63480.0,-0.7309,-0.7309,3.7553,-1.5,62527.8,65863.88,1.462,7,none
2026-08-15 11:16:16,2026-08-15 11:15:00,63005.0,63004.0,63480.0,-0.7483,-0.7498,3.7553,-1.5,62527.8,65863.88,1.465,7,none
2026-08-15 11:21:10,2026-08-15 11:20:00,63007.0,63007.0,63480.0,-0.7451,-0.7451,3.7553,-1.5,62527.8,65863.88,1.469,7,none
2026-08-15 11:26:07,2026-08-15 11:25:00,63006.0,63006.0,63480.0,-0.7467,-0.7467,3.7553,-1.5,62527.8,65863.88,1.472,7,none
2026-08-15 11:31:17,2026-08-15 11:30:00,63012.0,63007.0,63480.0,-0.7372,-0.7451,3.7553,-1.5,62527.8,65863.88,1.476,7,none
2026-08-15 11:36:08,2026-08-15 11:35:00,63013.0,63012.0,63480.0,-0.7357,-0.7372,3.7553,-1.5,62527.8,65863.88,1.479,7,none
2026-08-15 11:41:12,2026-08-15 11:40:00,63011.0,63010.0,63480.0,-0.7388,-0.7404,3.7553,-1.5,62527.8,65863.88,1.483,7,none
2026-08-15 11:46:11,2026-08-15 11:45:00,63033.0,63028.0,63480.0,-0.7042,-0.712,3.7553,-1.5,62527.8,65863.88,1.486,7,none
2026-08-15 11:51:11,2026-08-15 11:50:00,62981.0,62980.0,63480.0,-0.7861,-0.7876,3.7553,-1.5,62527.8,65863.88,1.489,7,none
2026-08-15 11:56:04,2026-08-15 11:55:00,63000.0,62999.0,63480.0,-0.7561,-0.7577,3.7553,-1.5,62527.8,65863.88,1.493,7,none
2026-08-15 12:01:17,2026-08-15 12:00:00,62989.0,62989.0,63480.0,-0.7735,-0.7735,3.7553,-1.5,62527.8,65863.88,1.496,7,none
2026-08-15 12:06:10,2026-08-15 12:05:00,62972.0,62971.0,63480.0,-0.8003,-0.8018,3.7553,-1.5,62527.8,65863.88,1.5,7,none
2026-08-15 12:11:13,2026-08-15 12:10:00,62976.0,62975.0,63480.0,-0.794,-0.7955,3.7553,-1.5,62527.8,65863.88,1.503,7,none
2026-08-15 12:15:26,2026-08-15 12:14:00,62961.0,62961.0,63480.0,-0.8176,-0.8176,3.7553,-1.5,62527.8,65863.88,1.506,7,none
2026-08-15 12:21:13,2026-08-15 12:20:00,62961.0,62960.0,63480.0,-0.8176,-0.8192,3.7553,-1.5,62527.8,65863.88,1.51,7,none
2026-08-15 12:26:11,2026-08-15 12:25:00,62965.0,62964.0,63480.0,-0.8113,-0.8129,3.7553,-1.5,62527.8,65863.88,1.514,7,none
2026-08-15 12:31:15,2026-08-15 12:30:00,62965.0,62964.0,63480.0,-0.8113,-0.8129,3.7553,-1.5,62527.8,65863.88,1.517,7,none
2026-08-15 12:36:09,2026-08-15 12:35:00,62958.0,62958.0,63480.0,-0.8223,-0.8223,3.7553,-1.5,62527.8,65863.88,1.521,7,none
2026-08-15 12:41:09,2026-08-15 12:40:00,62947.0,62946.0,63480.0,-0.8396,-0.8412,3.7553,-1.5,62527.8,65863.88,1.524,7,none
2026-08-15 12:46:10,2026-08-15 12:45:00,62927.0,62926.0,63480.0,-0.8711,-0.8727,3.7553,-1.5,62527.8,65863.88,1.528,7,none
2026-08-15 12:51:10,2026-08-15 12:50:00,62931.0,62930.0,63480.0,-0.8648,-0.8664,3.7553,-1.5,62527.8,65863.88,1.531,7,none
2026-08-15 12:56:08,2026-08-15 12:55:00,62948.0,62933.0,63480.0,-0.8381,-0.8617,3.7553,-1.5,62527.8,65863.88,1.535,7,none
2026-08-15 13:01:18,2026-08-15 13:00:00,63019.0,63018.0,63480.0,-0.7262,-0.7278,3.7553,-1.5,62527.8,65863.88,1.538,7,none
2026-08-15 13:06:13,2026-08-15 13:05:00,63062.0,63049.0,63480.0,-0.6585,-0.679,3.7553,-1.5,62527.8,65863.88,1.542,7,none
2026-08-15 13:11:12,2026-08-15 13:10:00,63026.0,63026.0,63480.0,-0.7152,-0.7152,3.7553,-1.5,62527.8,65863.88,1.545,7,none
2026-08-15 13:16:06,2026-08-15 13:15:00,63054.0,63054.0,63480.0,-0.6711,-0.6711,3.7553,-1.5,62527.8,65863.88,1.548,7,none
2026-08-15 13:21:11,2026-08-15 13:20:00,63028.0,63028.0,63480.0,-0.712,-0.712,3.7553,-1.5,62527.8,65863.88,1.552,7,none
2026-08-15 13:22:44,2026-08-15 13:21:00,63015.0,63014.0,63480.0,-0.7325,-0.7341,3.7553,-1.5,62527.8,65863.88,1.553,7,none
2026-08-15 13:26:15,2026-08-15 13:25:00,63017.0,63016.0,63480.0,-0.7294,-0.7309,3.7553,-1.5,62527.8,65863.88,1.555,7,none
2026-08-15 13:31:16,2026-08-15 13:30:00,63006.0,63005.0,63480.0,-0.7467,-0.7483,3.7553,-1.5,62527.8,65863.88,1.559,7,none
2026-08-15 13:36:06,2026-08-15 13:35:00,63015.0,63014.0,63480.0,-0.7325,-0.7341,3.7553,-1.5,62527.8,65863.88,1.562,7,none
2026-08-15 13:41:08,2026-08-15 13:40:00,63011.0,63010.0,63480.0,-0.7388,-0.7404,3.7553,-1.5,62527.8,65863.88,1.566,7,none
2026-08-15 13:46:05,2026-08-15 13:45:00,63003.0,63002.0,63480.0,-0.7514,-0.753,3.7553,-1.5,62527.8,65863.88,1.569,7,none
2026-08-15 13:51:24,2026-08-15 13:50:00,63019.0,63018.0,63480.0,-0.7262,-0.7278,3.7553,-1.5,62527.8,65863.88,1.573,7,none
2026-08-15 13:56:08,2026-08-15 13:55:00,63020.0,63020.0,63480.0,-0.7246,-0.7246,3.7553,-1.5,62527.8,65863.88,1.576,7,none
2026-08-15 14:01:20,2026-08-15 14:00:00,63021.0,63020.0,63480.0,-0.7231,-0.7246,3.7553,-1.5,62527.8,65863.88,1.58,7,none
2026-08-15 14:06:11,2026-08-15 14:05:00,63014.0,63011.0,63480.0,-0.7341,-0.7388,3.7553,-1.5,62527.8,65863.88,1.583,7,none
2026-08-15 14:11:15,2026-08-15 14:10:00,63014.0,63014.0,63480.0,-0.7341,-0.7341,3.7553,-1.5,62527.8,65863.88,1.587,7,none
2026-08-15 14:16:07,2026-08-15 14:15:00,63015.0,63014.0,63480.0,-0.7325,-0.7341,3.7553,-1.5,62527.8,65863.88,1.59,7,none
2026-08-15 14:21:10,2026-08-15 14:20:00,63002.0,63001.0,63480.0,-0.753,-0.7546,3.7553,-1.5,62527.8,65863.88,1.594,7,none
2026-08-15 14:26:14,2026-08-15 14:25:00,63002.0,62982.0,63480.0,-0.753,-0.7845,3.7553,-1.5,62527.8,65863.88,1.597,7,none
2026-08-15 14:31:15,2026-08-15 14:30:00,63010.0,63009.0,63480.0,-0.7404,-0.742,3.7553,-1.5,62527.8,65863.88,1.601,7,none
2026-08-15 14:36:09,2026-08-15 14:35:00,63011.0,63009.0,63480.0,-0.7388,-0.742,3.7553,-1.5,62527.8,65863.88,1.604,7,none
2026-08-15 14:41:07,2026-08-15 14:40:00,63015.0,63007.0,63480.0,-0.7325,-0.7451,3.7553,-1.5,62527.8,65863.88,1.607,7,none
2026-08-15 14:46:05,2026-08-15 14:45:00,63015.0,63014.0,63480.0,-0.7325,-0.7341,3.7553,-1.5,62527.8,65863.88,1.611,7,none
2026-08-15 14:51:14,2026-08-15 14:50:00,63014.0,63014.0,63480.0,-0.7341,-0.7341,3.7553,-1.5,62527.8,65863.88,1.614,7,none
2026-08-15 14:56:10,2026-08-15 14:55:00,63024.0,63021.0,63480.0,-0.7183,-0.7231,3.7553,-1.5,62527.8,65863.88,1.618,7,none
2026-08-15 15:01:28,2026-08-15 15:00:00,63017.0,63013.0,63480.0,-0.7294,-0.7357,3.7553,-1.5,62527.8,65863.88,1.622,7,none
2026-08-15 15:06:13,2026-08-15 15:05:00,63017.0,63016.0,63480.0,-0.7294,-0.7309,3.7553,-1.5,62527.8,65863.88,1.625,7,none
2026-08-15 15:09:56,2026-08-15 15:08:00,63017.0,63016.0,63480.0,-0.7294,-0.7309,3.7553,-1.5,62527.8,65863.88,1.627,7,none
2026-08-15 15:11:10,2026-08-15 15:10:00,63017.0,63016.0,63480.0,-0.7294,-0.7309,3.7553,-1.5,62527.8,65863.88,1.628,7,none
2026-08-15 15:16:13,2026-08-15 15:15:00,63007.0,63006.0,63480.0,-0.7451,-0.7467,3.7553,-1.5,62527.8,65863.88,1.632,7,none
2026-08-15 15:21:13,2026-08-15 15:20:00,63055.0,63055.0,63480.0,-0.6695,-0.6695,3.7553,-1.5,62527.8,65863.88,1.635,7,none
2026-08-15 15:26:07,2026-08-15 15:25:00,63038.0,63038.0,63480.0,-0.6963,-0.6963,3.7553,-1.5,62527.8,65863.88,1.639,7,none
2026-08-15 15:31:11,2026-08-15 15:30:00,63050.0,63050.0,63480.0,-0.6774,-0.6774,3.7553,-1.5,62527.8,65863.88,1.642,7,none
2026-08-15 15:36:11,2026-08-15 15:35:00,63089.0,63069.0,63480.0,-0.6159,-0.6474,3.7553,-1.5,62527.8,65863.88,1.646,7,none
2026-08-15 15:41:20,2026-08-15 15:40:00,63100.0,63100.0,63480.0,-0.5986,-0.5986,3.7553,-1.5,62527.8,65863.88,1.649,7,none
2026-08-15 15:46:09,2026-08-15 15:45:00,63093.0,63092.0,63480.0,-0.6096,-0.6112,3.7553,-1.5,62527.8,65863.88,1.653,7,none
2026-08-15 15:51:11,2026-08-15 15:50:00,63091.0,63091.0,63480.0,-0.6128,-0.6128,3.7553,-1.5,62527.8,65863.88,1.656,7,none
2026-08-15 15:56:10,2026-08-15 15:55:00,63074.0,63074.0,63480.0,-0.6396,-0.6396,3.7553,-1.5,62527.8,65863.88,1.66,7,none
2026-08-15 16:01:20,2026-08-15 16:00:00,63075.0,63074.0,63480.0,-0.638,-0.6396,3.7553,-1.5,62527.8,65863.88,1.663,7,none
2026-08-15 16:06:10,2026-08-15 16:05:00,63066.0,63066.0,63480.0,-0.6522,-0.6522,3.7553,-1.5,62527.8,65863.88,1.667,7,none
2026-08-15 16:11:21,2026-08-15 16:10:00,63074.0,63066.0,63480.0,-0.6396,-0.6522,3.7553,-1.5,62527.8,65863.88,1.67,7,none
2026-08-15 16:16:12,2026-08-15 16:15:00,63048.0,63048.0,63480.0,-0.6805,-0.6805,3.7553,-1.5,62527.8,65863.88,1.673,7,none
2026-08-15 16:21:09,2026-08-15 16:20:00,63055.0,63055.0,63480.0,-0.6695,-0.6695,3.7553,-1.5,62527.8,65863.88,1.677,7,none
2026-08-15 16:26:09,2026-08-15 16:25:00,63079.0,63079.0,63480.0,-0.6317,-0.6317,3.7553,-1.5,62527.8,65863.88,1.68,7,none
2026-08-15 16:31:11,2026-08-15 16:30:00,63090.0,63089.0,63480.0,-0.6144,-0.6159,3.7553,-1.5,62527.8,65863.88,1.684,7,none
2026-08-15 16:36:13,2026-08-15 16:35:00,63073.0,63073.0,63480.0,-0.6411,-0.6411,3.7553,-1.5,62527.8,65863.88,1.687,7,none
2026-08-15 16:41:13,2026-08-15 16:40:00,63071.0,63070.0,63480.0,-0.6443,-0.6459,3.7553,-1.5,62527.8,65863.88,1.691,7,none
2026-08-15 16:46:11,2026-08-15 16:45:00,63070.0,63070.0,63480.0,-0.6459,-0.6459,3.7553,-1.5,62527.8,65863.88,1.694,7,none
2026-08-15 16:51:11,2026-08-15 16:50:00,63083.0,63082.0,63480.0,-0.6254,-0.627,3.7553,-1.5,62527.8,65863.88,1.698,7,none
2026-08-15 16:56:03,2026-08-15 16:55:00,63083.0,63082.0,63480.0,-0.6254,-0.627,3.7553,-1.5,62527.8,65863.88,1.701,7,none
2026-08-15 17:01:22,2026-08-15 17:00:00,63083.0,63082.0,63480.0,-0.6254,-0.627,3.7553,-1.5,62527.8,65863.88,1.705,7,none
2026-08-15 17:06:04,2026-08-15 17:05:00,63083.0,63082.0,63480.0,-0.6254,-0.627,3.7553,-1.5,62527.8,65863.88,1.708,7,none
2026-08-15 17:11:12,2026-08-15 17:10:00,63082.0,63082.0,63480.0,-0.627,-0.627,3.7553,-1.5,62527.8,65863.88,1.712,7,none
2026-08-15 17:16:11,2026-08-15 17:15:00,63084.0,63084.0,63480.0,-0.6238,-0.6238,3.7553,-1.5,62527.8,65863.88,1.715,7,none
2026-08-15 17:21:17,2026-08-15 17:20:00,63084.0,63084.0,63480.0,-0.6238,-0.6238,3.7553,-1.5,62527.8,65863.88,1.719,7,none
2026-08-15 17:26:04,2026-08-15 17:25:00,63045.0,63043.0,63480.0,-0.6853,-0.6884,3.7553,-1.5,62527.8,65863.88,1.722,7,none
2026-08-15 17:31:15,2026-08-15 17:30:00,63043.0,63043.0,63480.0,-0.6884,-0.6884,3.7553,-1.5,62527.8,65863.88,1.726,7,none
2026-08-15 17:36:06,2026-08-15 17:35:00,63050.0,63043.0,63480.0,-0.6774,-0.6884,3.7553,-1.5,62527.8,65863.88,1.729,7,none
2026-08-15 17:41:11,2026-08-15 17:40:00,63041.0,63041.0,63480.0,-0.6916,-0.6916,3.7553,-1.5,62527.8,65863.88,1.733,7,none
2026-08-15 17:46:13,2026-08-15 17:45:00,63038.0,63037.0,63480.0,-0.6963,-0.6979,3.7553,-1.5,62527.8,65863.88,1.736,7,none
2026-08-15 17:51:10,2026-08-15 17:50:00,63039.0,63038.0,63480.0,-0.6947,-0.6963,3.7553,-1.5,62527.8,65863.88,1.739,7,none
2026-08-15 17:56:09,2026-08-15 17:55:00,63041.0,63041.0,63480.0,-0.6916,-0.6916,3.7553,-1.5,62527.8,65863.88,1.743,7,none
2026-08-15 18:01:18,2026-08-15 18:00:00,63043.0,63042.0,63480.0,-0.6884,-0.69,3.7553,-1.5,62527.8,65863.88,1.746,7,none
2026-08-15 18:06:16,2026-08-15 18:05:00,63043.0,63043.0,63480.0,-0.6884,-0.6884,3.7553,-1.5,62527.8,65863.88,1.75,7,none
2026-08-15 18:11:15,2026-08-15 18:10:00,63068.0,63051.0,63480.0,-0.649,-0.6758,3.7553,-1.5,62527.8,65863.88,1.753,7,none
2026-08-15 18:12:38,2026-08-15 18:11:00,63075.0,63067.0,63480.0,-0.638,-0.6506,3.7553,-1.5,62527.8,65863.88,1.754,7,none
2026-08-15 18:16:16,2026-08-15 18:15:00,63070.0,63070.0,63480.0,-0.6459,-0.6459,3.7553,-1.5,62527.8,65863.88,1.757,7,none
2026-08-15 18:21:10,2026-08-15 18:20:00,63022.0,63022.0,63480.0,-0.7215,-0.7215,3.7553,-1.5,62527.8,65863.88,1.76,7,none
2026-08-15 18:26:12,2026-08-15 18:25:00,63035.0,63034.0,63480.0,-0.701,-0.7026,3.7553,-1.5,62527.8,65863.88,1.764,7,none
2026-08-15 18:31:12,2026-08-15 18:30:00,63018.0,63018.0,63480.0,-0.7278,-0.7278,3.7553,-1.5,62527.8,65863.88,1.767,7,none
2026-08-15 18:36:07,2026-08-15 18:35:00,63018.0,63017.0,63480.0,-0.7278,-0.7294,3.7553,-1.5,62527.8,65863.88,1.771,7,none
2026-08-15 18:41:18,2026-08-15 18:40:00,63018.0,63017.0,63480.0,-0.7278,-0.7294,3.7553,-1.5,62527.8,65863.88,1.774,7,none
2026-08-15 18:46:09,2026-08-15 18:45:00,63021.0,63021.0,63480.0,-0.7231,-0.7231,3.7553,-1.5,62527.8,65863.88,1.778,7,none
2026-08-15 18:51:12,2026-08-15 18:50:00,63021.0,63021.0,63480.0,-0.7231,-0.7231,3.7553,-1.5,62527.8,65863.88,1.781,7,none
2026-08-15 18:56:10,2026-08-15 18:55:00,63021.0,63021.0,63480.0,-0.7231,-0.7231,3.7553,-1.5,62527.8,65863.88,1.785,7,none
2026-08-15 19:01:22,2026-08-15 19:00:00,63026.0,63025.0,63480.0,-0.7152,-0.7168,3.7553,-1.5,62527.8,65863.88,1.788,7,none
2026-08-15 19:06:06,2026-08-15 19:05:00,63039.0,63038.0,63480.0,-0.6947,-0.6963,3.7553,-1.5,62527.8,65863.88,1.791,7,none
2026-08-15 19:11:17,2026-08-15 19:10:00,63065.0,63064.0,63480.0,-0.6537,-0.6553,3.7553,-1.5,62527.8,65863.88,1.795,7,none
2026-08-15 19:13:58,2026-08-15 19:12:00,63065.0,63064.0,63480.0,-0.6537,-0.6553,3.7553,-1.5,62527.8,65863.88,1.797,7,none
2026-08-15 19:16:11,2026-08-15 19:15:00,63064.0,63064.0,63480.0,-0.6553,-0.6553,3.7553,-1.5,62527.8,65863.88,1.798,7,none
2026-08-15 19:21:09,2026-08-15 19:20:00,63070.0,63070.0,63480.0,-0.6459,-0.6459,3.7553,-1.5,62527.8,65863.88,1.802,7,none
2026-08-15 19:26:04,2026-08-15 19:25:00,63095.0,63094.0,63480.0,-0.6065,-0.6081,3.7553,-1.5,62527.8,65863.88,1.805,7,none
2026-08-15 19:31:13,2026-08-15 19:30:00,63076.0,63075.0,63480.0,-0.6364,-0.638,3.7553,-1.5,62527.8,65863.88,1.809,7,none
2026-08-15 19:36:04,2026-08-15 19:35:00,63074.0,63073.0,63480.0,-0.6396,-0.6411,3.7553,-1.5,62527.8,65863.88,1.812,7,none
2026-08-15 19:41:10,2026-08-15 19:40:00,63084.0,63084.0,63480.0,-0.6238,-0.6238,3.7553,-1.5,62527.8,65863.88,1.816,7,none
2026-08-15 19:46:13,2026-08-15 19:45:00,63085.0,63084.0,63480.0,-0.6222,-0.6238,3.7553,-1.5,62527.8,65863.88,1.819,7,none
2026-08-15 19:51:15,2026-08-15 19:50:00,63096.0,63096.0,63480.0,-0.6049,-0.6049,3.7553,-1.5,62527.8,65863.88,1.823,7,none
2026-08-15 19:56:07,2026-08-15 19:55:00,63097.0,63096.0,63480.0,-0.6033,-0.6049,3.7553,-1.5,62527.8,65863.88,1.826,7,none
2026-08-15 20:01:19,2026-08-15 20:00:00,63096.0,63096.0,63480.0,-0.6049,-0.6049,3.7553,-1.5,62527.8,65863.88,1.83,7,none
2026-08-15 20:06:13,2026-08-15 20:05:00,63087.0,63087.0,63480.0,-0.6191,-0.6191,3.7553,-1.5,62527.8,65863.88,1.833,7,none
2026-08-15 20:10:08,2026-08-15 20:09:00,63061.0,63061.0,63480.0,-0.6601,-0.6601,3.7553,-1.5,62527.8,65863.88,1.836,7,none
2026-08-15 20:11:06,2026-08-15 20:10:00,63051.0,63051.0,63480.0,-0.6758,-0.6758,3.7553,-1.5,62527.8,65863.88,1.837,7,none
2026-08-15 20:16:12,2026-08-15 20:15:00,63050.0,63050.0,63480.0,-0.6774,-0.6774,3.7553,-1.5,62527.8,65863.88,1.84,7,none
2026-08-15 20:21:10,2026-08-15 20:20:00,63048.0,63048.0,63480.0,-0.6805,-0.6805,3.7553,-1.5,62527.8,65863.88,1.844,7,none
2026-08-15 20:26:05,2026-08-15 20:25:00,63049.0,63048.0,63480.0,-0.679,-0.6805,3.7553,-1.5,62527.8,65863.88,1.847,7,none
2026-08-15 20:31:18,2026-08-15 20:30:00,63048.0,63048.0,63480.0,-0.6805,-0.6805,3.7553,-1.5,62527.8,65863.88,1.851,7,none
2026-08-15 20:36:08,2026-08-15 20:35:00,63048.0,63048.0,63480.0,-0.6805,-0.6805,3.7553,-1.5,62527.8,65863.88,1.854,7,none
2026-08-15 20:41:14,2026-08-15 20:40:00,63048.0,63048.0,63480.0,-0.6805,-0.6805,3.7553,-1.5,62527.8,65863.88,1.858,7,none
2026-08-15 20:46:09,2026-08-15 20:45:00,63054.0,63054.0,63480.0,-0.6711,-0.6711,3.7553,-1.5,62527.8,65863.88,1.861,7,none
2026-08-15 20:51:14,2026-08-15 20:50:00,63072.0,63072.0,63480.0,-0.6427,-0.6427,3.7553,-1.5,62527.8,65863.88,1.864,7,none
2026-08-15 20:56:07,2026-08-15 20:54:00,63072.0,63072.0,63480.0,-0.6427,-0.6427,3.7553,-1.5,62527.8,65863.88,1.868,7,none
2026-08-15 21:01:20,2026-08-15 21:00:00,63073.0,63072.0,63480.0,-0.6411,-0.6427,3.7553,-1.5,62527.8,65863.88,1.871,7,none
2026-08-15 21:06:05,2026-08-15 21:05:00,63073.0,63072.0,63480.0,-0.6411,-0.6427,3.7553,-1.5,62527.8,65863.88,1.875,7,none
2026-08-15 21:11:04,2026-08-15 21:10:00,63072.0,63072.0,63480.0,-0.6427,-0.6427,3.7553,-1.5,62527.8,65863.88,1.878,7,none
2026-08-15 21:16:14,2026-08-15 21:15:00,63073.0,63072.0,63480.0,-0.6411,-0.6427,3.7553,-1.5,62527.8,65863.88,1.882,7,none
2026-08-15 21:21:19,2026-08-15 21:20:00,63073.0,63072.0,63480.0,-0.6411,-0.6427,3.7553,-1.5,62527.8,65863.88,1.885,7,none
2026-08-15 21:26:04,2026-08-15 21:25:00,63124.0,63094.0,63480.0,-0.5608,-0.6081,3.7553,-1.5,62527.8,65863.88,1.889,7,none
2026-08-15 21:31:17,2026-08-15 21:30:00,63118.0,63117.0,63480.0,-0.5703,-0.5718,3.7553,-1.5,62527.8,65863.88,1.892,7,none
2026-08-15 21:36:13,2026-08-15 21:35:00,63116.0,63115.0,63480.0,-0.5734,-0.575,3.7553,-1.5,62527.8,65863.88,1.896,7,none
2026-08-15 21:41:11,2026-08-15 21:40:00,63137.0,63122.0,63480.0,-0.5403,-0.564,3.7553,-1.5,62527.8,65863.88,1.899,7,none
2026-08-15 21:46:08,2026-08-15 21:45:00,63133.0,63131.0,63480.0,-0.5466,-0.5498,3.7553,-1.5,62527.8,65863.88,1.903,7,none
2026-08-15 21:51:11,2026-08-15 21:50:00,63132.0,63132.0,63480.0,-0.5482,-0.5482,3.7553,-1.5,62527.8,65863.88,1.906,7,none
2026-08-15 21:56:07,2026-08-15 21:55:00,63133.0,63132.0,63480.0,-0.5466,-0.5482,3.7553,-1.5,62527.8,65863.88,1.91,7,none
2026-08-15 22:01:21,2026-08-15 22:00:00,63137.0,63134.0,63480.0,-0.5403,-0.5451,3.7553,-1.5,62527.8,65863.88,1.913,7,none
2026-08-15 22:06:07,2026-08-15 22:05:00,63132.0,63128.0,63480.0,-0.5482,-0.5545,3.7553,-1.5,62527.8,65863.88,1.916,7,none
2026-08-15 22:09:41,2026-08-15 22:08:00,63131.0,63130.0,63480.0,-0.5498,-0.5514,3.7553,-1.5,62527.8,65863.88,1.919,7,none
2026-08-15 22:11:16,2026-08-15 22:10:00,63130.0,63130.0,63480.0,-0.5514,-0.5514,3.7553,-1.5,62527.8,65863.88,1.92,7,none
2026-08-15 22:16:08,2026-08-15 22:15:00,63113.0,63113.0,63480.0,-0.5781,-0.5781,3.7553,-1.5,62527.8,65863.88,1.923,7,none
2026-08-15 22:21:09,2026-08-15 22:20:00,63111.0,63110.0,63480.0,-0.5813,-0.5829,3.7553,-1.5,62527.8,65863.88,1.927,7,none
2026-08-15 22:26:04,2026-08-15 22:25:00,63115.0,63115.0,63480.0,-0.575,-0.575,3.7553,-1.5,62527.8,65863.88,1.93,7,none
2026-08-15 22:31:18,2026-08-15 22:30:00,63122.0,63121.0,63480.0,-0.564,-0.5655,3.7553,-1.5,62527.8,65863.88,1.934,7,none
2026-08-15 22:36:08,2026-08-15 22:35:00,63125.0,63125.0,63480.0,-0.5592,-0.5592,3.7553,-1.5,62527.8,65863.88,1.937,7,none
2026-08-15 22:41:04,2026-08-15 22:40:00,63124.0,63124.0,63480.0,-0.5608,-0.5608,3.7553,-1.5,62527.8,65863.88,1.941,7,none
2026-08-15 22:46:08,2026-08-15 22:45:00,63125.0,63124.0,63480.0,-0.5592,-0.5608,3.7553,-1.5,62527.8,65863.88,1.944,7,none
2026-08-15 22:51:09,2026-08-15 22:50:00,63136.0,63135.0,63480.0,-0.5419,-0.5435,3.7553,-1.5,62527.8,65863.88,1.948,7,none
2026-08-15 22:56:06,2026-08-15 22:55:00,63108.0,63107.0,63480.0,-0.586,-0.5876,3.7553,-1.5,62527.8,65863.88,1.951,7,none
2026-08-15 23:01:21,2026-08-15 23:00:00,63106.0,63106.0,63480.0,-0.5892,-0.5892,3.7553,-1.5,62527.8,65863.88,1.955,7,none
2026-08-15 23:06:04,2026-08-15 23:05:00,63110.0,63109.0,63480.0,-0.5829,-0.5844,3.7553,-1.5,62527.8,65863.88,1.958,7,none
2026-08-15 23:10:12,2026-08-15 23:08:00,63110.0,63109.0,63480.0,-0.5829,-0.5844,3.7553,-1.5,62527.8,65863.88,1.961,7,none
2026-08-15 23:16:07,2026-08-15 23:15:00,63104.0,63103.0,63480.0,-0.5923,-0.5939,3.7553,-1.5,62527.8,65863.88,1.965,7,none
2026-08-15 23:21:13,2026-08-15 23:19:00,63100.0,63100.0,63480.0,-0.5986,-0.5986,3.7553,-1.5,62527.8,65863.88,1.969,7,none
2026-08-15 23:26:07,2026-08-15 23:25:00,63086.0,63086.0,63480.0,-0.6207,-0.6207,3.7553,-1.5,62527.8,65863.88,1.972,7,none
2026-08-15 23:31:14,2026-08-15 23:30:00,63087.0,63086.0,63480.0,-0.6191,-0.6207,3.7553,-1.5,62527.8,65863.88,1.976,7,none
2026-08-15 23:36:04,2026-08-15 23:34:00,63078.0,63077.0,63480.0,-0.6333,-0.6348,3.7553,-1.5,62527.8,65863.88,1.979,7,none
2026-08-15 23:41:10,2026-08-15 23:40:00,63080.0,63080.0,63480.0,-0.6301,-0.6301,3.7553,-1.5,62527.8,65863.88,1.982,7,none
2026-08-15 23:46:08,2026-08-15 23:45:00,63085.0,63083.0,63480.0,-0.6222,-0.6254,3.7553,-1.5,62527.8,65863.88,1.986,7,none
2026-08-15 23:51:09,2026-08-15 23:50:00,63079.0,63078.0,63480.0,-0.6317,-0.6333,3.7553,-1.5,62527.8,65863.88,1.989,7,none
2026-08-15 23:56:06,2026-08-15 23:54:00,63056.0,63056.0,63480.0,-0.6679,-0.6679,3.7553,-1.5,62527.8,65863.88,1.993,7,none
2026-08-16 00:01:24,2026-08-16 00:00:00,63052.0,63052.0,63480.0,-0.6742,-0.6742,3.7553,-1.5,62527.8,65863.88,1.997,7,none
2026-08-16 00:06:24,2026-08-16 00:05:00,63043.0,63043.0,63480.0,-0.6884,-0.6884,3.7553,-1.5,62527.8,65863.88,2.0,7,none
2026-08-16 00:11:13,2026-08-16 00:10:00,63044.0,63043.0,63480.0,-0.6868,-0.6884,3.7553,-1.5,62527.8,65863.88,2.003,7,none
2026-08-16 00:16:09,2026-08-16 00:15:00,63044.0,63044.0,63480.0,-0.6868,-0.6868,3.7553,-1.5,62527.8,65863.88,2.007,7,none
2026-08-16 00:21:12,2026-08-16 00:20:00,63045.0,63044.0,63480.0,-0.6853,-0.6868,3.7553,-1.5,62527.8,65863.88,2.01,7,none
2026-08-16 00:26:05,2026-08-16 00:25:00,63045.0,63044.0,63480.0,-0.6853,-0.6868,3.7553,-1.5,62527.8,65863.88,2.014,7,none
2026-08-16 00:31:16,2026-08-16 00:30:00,63045.0,63044.0,63480.0,-0.6853,-0.6868,3.7553,-1.5,62527.8,65863.88,2.017,7,none
2026-08-16 00:36:04,2026-08-16 00:35:00,63036.0,63035.0,63480.0,-0.6994,-0.701,3.7553,-1.5,62527.8,65863.88,2.021,7,none
2026-08-16 00:41:12,2026-08-16 00:40:00,63050.0,63050.0,63480.0,-0.6774,-0.6774,3.7553,-1.5,62527.8,65863.88,2.024,7,none
2026-08-16 00:46:11,2026-08-16 00:45:00,63051.0,63050.0,63480.0,-0.6758,-0.6774,3.7553,-1.5,62527.8,65863.88,2.028,7,none
2026-08-16 00:51:10,2026-08-16 00:50:00,63049.0,63048.0,63480.0,-0.679,-0.6805,3.7553,-1.5,62527.8,65863.88,2.031,7,none
2026-08-16 00:56:10,2026-08-16 00:55:00,63050.0,63050.0,63480.0,-0.6774,-0.6774,3.7553,-1.5,62527.8,65863.88,2.035,7,none
2026-08-16 01:01:23,2026-08-16 01:00:00,63052.0,63051.0,63480.0,-0.6742,-0.6758,3.7553,-1.5,62527.8,65863.88,2.038,7,none
2026-08-16 01:06:09,2026-08-16 01:05:00,63051.0,63051.0,63480.0,-0.6758,-0.6758,3.7553,-1.5,62527.8,65863.88,2.042,7,none
2026-08-16 01:11:13,2026-08-16 01:10:00,63025.0,63025.0,63480.0,-0.7168,-0.7168,3.7553,-1.5,62527.8,65863.88,2.045,7,none
2026-08-16 01:16:14,2026-08-16 01:15:00,63026.0,63025.0,63480.0,-0.7152,-0.7168,3.7553,-1.5,62527.8,65863.88,2.049,7,none
2026-08-16 01:21:21,2026-08-16 01:20:00,63027.0,63027.0,63480.0,-0.7136,-0.7136,3.7553,-1.5,62527.8,65863.88,2.052,7,none
2026-08-16 01:26:09,2026-08-16 01:25:00,63054.0,63053.0,63480.0,-0.6711,-0.6727,3.7553,-1.5,62527.8,65863.88,2.055,7,none
2026-08-16 01:31:17,2026-08-16 01:30:00,63034.0,63033.0,63480.0,-0.7026,-0.7042,3.7553,-1.5,62527.8,65863.88,2.059,7,none
2026-08-16 01:36:14,2026-08-16 01:35:00,63038.0,63038.0,63480.0,-0.6963,-0.6963,3.7553,-1.5,62527.8,65863.88,2.062,7,none
2026-08-16 01:41:14,2026-08-16 01:40:00,63001.0,62985.0,63480.0,-0.7546,-0.7798,3.7553,-1.5,62527.8,65863.88,2.066,7,none
2026-08-16 01:46:13,2026-08-16 01:45:00,63042.0,63042.0,63480.0,-0.69,-0.69,3.7553,-1.5,62527.8,65863.88,2.069,7,none
2026-08-16 01:51:11,2026-08-16 01:50:00,63042.0,63042.0,63480.0,-0.69,-0.69,3.7553,-1.5,62527.8,65863.88,2.073,7,none
2026-08-16 01:55:59,2026-08-16 01:54:00,63034.0,63033.0,63480.0,-0.7026,-0.7042,3.7553,-1.5,62527.8,65863.88,2.076,7,none
2026-08-16 02:01:20,2026-08-16 02:00:00,63055.0,63053.0,63480.0,-0.6695,-0.6727,3.7553,-1.5,62527.8,65863.88,2.08,7,none
2026-08-16 02:06:11,2026-08-16 02:05:00,63024.0,63024.0,63480.0,-0.7183,-0.7183,3.7553,-1.5,62527.8,65863.88,2.083,7,none
2026-08-16 02:11:16,2026-08-16 02:10:00,63006.0,63005.0,63480.0,-0.7467,-0.7483,3.7553,-1.5,62527.8,65863.88,2.087,7,none
2026-08-16 02:14:56,2026-08-16 02:13:00,63001.0,63000.0,63480.0,-0.7546,-0.7561,3.7553,-1.5,62527.8,65863.88,2.089,7,none
2026-08-16 02:16:13,2026-08-16 02:15:00,63002.0,63001.0,63480.0,-0.753,-0.7546,3.7553,-1.5,62527.8,65863.88,2.09,7,none
2026-08-16 02:21:09,2026-08-16 02:20:00,63052.0,63017.0,63480.0,-0.6742,-0.7294,3.7553,-1.5,62527.8,65863.88,2.094,7,none
2026-08-16 02:26:07,2026-08-16 02:25:00,63095.0,63086.0,63480.0,-0.6065,-0.6207,3.7553,-1.5,62527.8,65863.88,2.097,7,none
2026-08-16 02:31:23,2026-08-16 02:30:00,63097.0,63095.0,63480.0,-0.6033,-0.6065,3.7553,-1.5,62527.8,65863.88,2.101,7,none
2026-08-16 02:36:07,2026-08-16 02:35:00,63103.0,63096.0,63480.0,-0.5939,-0.6049,3.7553,-1.5,62527.8,65863.88,2.104,7,none
2026-08-16 02:41:16,2026-08-16 02:40:00,63105.0,63099.0,63480.0,-0.5907,-0.6002,3.7553,-1.5,62527.8,65863.88,2.108,7,none
2026-08-16 02:46:09,2026-08-16 02:45:00,63117.0,63116.0,63480.0,-0.5718,-0.5734,3.7553,-1.5,62527.8,65863.88,2.111,7,none
2026-08-16 02:51:14,2026-08-16 02:50:00,63113.0,63112.0,63480.0,-0.5781,-0.5797,3.7553,-1.5,62527.8,65863.88,2.114,7,none
2026-08-16 02:56:06,2026-08-16 02:55:00,63098.0,63097.0,63480.0,-0.6018,-0.6033,3.7553,-1.5,62527.8,65863.88,2.118,7,none
2026-08-16 03:01:17,2026-08-16 03:00:00,63098.0,63097.0,63480.0,-0.6018,-0.6033,3.7553,-1.5,62527.8,65863.88,2.121,7,none
2026-08-16 03:06:08,2026-08-16 03:05:00,63102.0,63101.0,63480.0,-0.5955,-0.597,3.7553,-1.5,62527.8,65863.88,2.125,7,none
2026-08-16 03:11:15,2026-08-16 03:10:00,63102.0,63101.0,63480.0,-0.5955,-0.597,3.7553,-1.5,62527.8,65863.88,2.128,7,none
2026-08-16 03:16:12,2026-08-16 03:15:00,63101.0,63100.0,63480.0,-0.597,-0.5986,3.7553,-1.5,62527.8,65863.88,2.132,7,none
2026-08-16 03:21:08,2026-08-16 03:20:00,63098.0,63097.0,63480.0,-0.6018,-0.6033,3.7553,-1.5,62527.8,65863.88,2.135,7,none
2026-08-16 03:26:04,2026-08-16 03:24:00,63098.0,63097.0,63480.0,-0.6018,-0.6033,3.7553,-1.5,62527.8,65863.88,2.139,7,none
2026-08-16 03:31:12,2026-08-16 03:30:00,63100.0,63099.0,63480.0,-0.5986,-0.6002,3.7553,-1.5,62527.8,65863.88,2.142,7,none
2026-08-16 03:36:04,2026-08-16 03:35:00,63099.0,63099.0,63480.0,-0.6002,-0.6002,3.7553,-1.5,62527.8,65863.88,2.146,7,none
2026-08-16 03:39:16,2026-08-16 03:38:00,63100.0,63099.0,63480.0,-0.5986,-0.6002,3.7553,-1.5,62527.8,65863.88,2.148,7,none
2026-08-16 03:41:06,2026-08-16 03:40:00,63101.0,63100.0,63480.0,-0.597,-0.5986,3.7553,-1.5,62527.8,65863.88,2.149,7,none
2026-08-16 03:46:08,2026-08-16 03:45:00,63102.0,63100.0,63480.0,-0.5955,-0.5986,3.7553,-1.5,62527.8,65863.88,2.153,7,none
2026-08-16 03:51:11,2026-08-16 03:50:00,63102.0,63101.0,63480.0,-0.5955,-0.597,3.7553,-1.5,62527.8,65863.88,2.156,7,none
2026-08-16 03:56:07,2026-08-16 03:55:00,63102.0,63101.0,63480.0,-0.5955,-0.597,3.7553,-1.5,62527.8,65863.88,2.16,7,none
2026-08-16 04:01:20,2026-08-16 04:00:00,63102.0,63101.0,63480.0,-0.5955,-0.597,3.7553,-1.5,62527.8,65863.88,2.163,7,none
2026-08-16 04:06:06,2026-08-16 04:05:00,63101.0,63101.0,63480.0,-0.597,-0.597,3.7553,-1.5,62527.8,65863.88,2.166,7,none
2026-08-16 04:11:12,2026-08-16 04:10:00,63108.0,63107.0,63480.0,-0.586,-0.5876,3.7553,-1.5,62527.8,65863.88,2.17,7,none
2026-08-16 04:16:09,2026-08-16 04:14:00,63107.0,63107.0,63480.0,-0.5876,-0.5876,3.7553,-1.5,62527.8,65863.88,2.173,7,none
2026-08-16 04:21:18,2026-08-16 04:20:00,63123.0,63122.0,63480.0,-0.5624,-0.564,3.7553,-1.5,62527.8,65863.88,2.177,7,none
2026-08-16 04:25:18,2026-08-16 04:24:00,63123.0,63122.0,63480.0,-0.5624,-0.564,3.7553,-1.5,62527.8,65863.88,2.18,7,none
2026-08-16 04:31:19,2026-08-16 04:30:00,63127.0,63127.0,63480.0,-0.5561,-0.5561,3.7553,-1.5,62527.8,65863.88,2.184,7,none
2026-08-16 04:36:03,2026-08-16 04:35:00,63099.0,63099.0,63480.0,-0.6002,-0.6002,3.7553,-1.5,62527.8,65863.88,2.187,7,none
2026-08-16 04:41:04,2026-08-16 04:40:00,63100.0,63099.0,63480.0,-0.5986,-0.6002,3.7553,-1.5,62527.8,65863.88,2.191,7,none
2026-08-16 04:46:15,2026-08-16 04:45:00,63097.0,63097.0,63480.0,-0.6033,-0.6033,3.7553,-1.5,62527.8,65863.88,2.194,7,none
2026-08-16 04:51:10,2026-08-16 04:50:00,63097.0,63096.0,63480.0,-0.6033,-0.6049,3.7553,-1.5,62527.8,65863.88,2.198,7,none
2026-08-16 04:56:06,2026-08-16 04:54:00,63094.0,63093.0,63480.0,-0.6081,-0.6096,3.7553,-1.5,62527.8,65863.88,2.201,7,none
2026-08-16 05:01:16,2026-08-16 05:00:00,63050.0,63049.0,63480.0,-0.6774,-0.679,3.7553,-1.5,62527.8,65863.88,2.205,7,none
2026-08-16 05:06:09,2026-08-16 05:05:00,63063.0,63063.0,63480.0,-0.6569,-0.6569,3.7553,-1.5,62527.8,65863.88,2.208,7,none
2026-08-16 05:11:16,2026-08-16 05:10:00,63065.0,63065.0,63480.0,-0.6537,-0.6537,3.7553,-1.5,62527.8,65863.88,2.212,7,none
2026-08-16 05:16:11,2026-08-16 05:15:00,63065.0,63065.0,63480.0,-0.6537,-0.6537,3.7553,-1.5,62527.8,65863.88,2.215,7,none
2026-08-16 05:18:35,2026-08-16 05:17:00,63057.0,63057.0,63480.0,-0.6664,-0.6664,3.7553,-1.5,62527.8,65863.88,2.217,7,none
2026-08-16 05:21:13,2026-08-16 05:20:00,63042.0,63041.0,63480.0,-0.69,-0.6916,3.7553,-1.5,62527.8,65863.88,2.219,7,none
2026-08-16 05:26:05,2026-08-16 05:24:00,63042.0,63041.0,63480.0,-0.69,-0.6916,3.7553,-1.5,62527.8,65863.88,2.222,7,none
2026-08-16 05:31:19,2026-08-16 05:30:00,63041.0,63041.0,63480.0,-0.6916,-0.6916,3.7553,-1.5,62527.8,65863.88,2.226,7,none
2026-08-16 05:36:08,2026-08-16 05:35:00,63042.0,63041.0,63480.0,-0.69,-0.6916,3.7553,-1.5,62527.8,65863.88,2.229,7,none
2026-08-16 05:41:06,2026-08-16 05:40:00,63045.0,63044.0,63480.0,-0.6853,-0.6868,3.7553,-1.5,62527.8,65863.88,2.232,7,none
2026-08-16 05:46:08,2026-08-16 05:45:00,63022.0,63022.0,63480.0,-0.7215,-0.7215,3.7553,-1.5,62527.8,65863.88,2.236,7,none
2026-08-16 05:51:04,2026-08-16 05:50:00,63022.0,63021.0,63480.0,-0.7215,-0.7231,3.7553,-1.5,62527.8,65863.88,2.239,7,none
2026-08-16 05:56:13,2026-08-16 05:55:00,63028.0,63027.0,63480.0,-0.712,-0.7136,3.7553,-1.5,62527.8,65863.88,2.243,7,none
2026-08-16 06:01:22,2026-08-16 06:00:00,63035.0,63034.0,63480.0,-0.701,-0.7026,3.7553,-1.5,62527.8,65863.88,2.247,7,none
2026-08-16 06:06:06,2026-08-16 06:05:00,63038.0,63037.0,63480.0,-0.6963,-0.6979,3.7553,-1.5,62527.8,65863.88,2.25,7,none
2026-08-16 06:11:14,2026-08-16 06:10:00,63039.0,63039.0,63480.0,-0.6947,-0.6947,3.7553,-1.5,62527.8,65863.88,2.253,7,none
2026-08-16 06:16:08,2026-08-16 06:15:00,63031.0,63030.0,63480.0,-0.7073,-0.7089,3.7553,-1.5,62527.8,65863.88,2.257,7,none
2026-08-16 06:20:53,2026-08-16 06:19:00,63032.0,63031.0,63480.0,-0.7057,-0.7073,3.7553,-1.5,62527.8,65863.88,2.26,7,none
2026-08-16 06:26:04,2026-08-16 06:24:00,63031.0,63030.0,63480.0,-0.7073,-0.7089,3.7553,-1.5,62527.8,65863.88,2.264,7,none
2026-08-16 06:31:15,2026-08-16 06:30:00,63036.0,63035.0,63480.0,-0.6994,-0.701,3.7553,-1.5,62527.8,65863.88,2.267,7,none
2026-08-16 06:36:03,2026-08-16 06:34:00,63036.0,63035.0,63480.0,-0.6994,-0.701,3.7553,-1.5,62527.8,65863.88,2.271,7,none
2026-08-16 06:41:10,2026-08-16 06:39:00,63038.0,63036.0,63480.0,-0.6963,-0.6994,3.7553,-1.5,62527.8,65863.88,2.274,7,none
2026-08-16 06:46:13,2026-08-16 06:45:00,63047.0,63038.0,63480.0,-0.6821,-0.6963,3.7553,-1.5,62527.8,65863.88,2.278,7,none
2026-08-16 06:51:13,2026-08-16 06:50:00,63052.0,63051.0,63480.0,-0.6742,-0.6758,3.7553,-1.5,62527.8,65863.88,2.281,7,none
2026-08-16 06:56:04,2026-08-16 06:54:00,63043.0,63042.0,63480.0,-0.6884,-0.69,3.7553,-1.5,62527.8,65863.88,2.285,7,none
2026-08-16 07:01:18,2026-08-16 07:00:00,63041.0,63040.0,63480.0,-0.6916,-0.6931,3.7553,-1.5,62527.8,65863.88,2.288,7,none
2026-08-16 07:06:11,2026-08-16 07:05:00,63037.0,63036.0,63480.0,-0.6979,-0.6994,3.7553,-1.5,62527.8,65863.88,2.292,7,none
2026-08-16 07:11:16,2026-08-16 07:10:00,63037.0,63036.0,63480.0,-0.6979,-0.6994,3.7553,-1.5,62527.8,65863.88,2.295,7,none
2026-08-16 07:16:07,2026-08-16 07:15:00,63037.0,63036.0,63480.0,-0.6979,-0.6994,3.7553,-1.5,62527.8,65863.88,2.298,7,none
2026-08-16 07:21:11,2026-08-16 07:20:00,63037.0,63036.0,63480.0,-0.6979,-0.6994,3.7553,-1.5,62527.8,65863.88,2.302,7,none
2026-08-16 07:22:31,2026-08-16 07:21:00,63038.0,63036.0,63480.0,-0.6963,-0.6994,3.7553,-1.5,62527.8,65863.88,2.303,7,none
2026-08-16 07:26:08,2026-08-16 07:25:00,63038.0,63037.0,63480.0,-0.6963,-0.6979,3.7553,-1.5,62527.8,65863.88,2.305,7,none
2026-08-16 07:31:14,2026-08-16 07:30:00,63038.0,63037.0,63480.0,-0.6963,-0.6979,3.7553,-1.5,62527.8,65863.88,2.309,7,none
2026-08-16 07:36:06,2026-08-16 07:35:00,63038.0,63037.0,63480.0,-0.6963,-0.6979,3.7553,-1.5,62527.8,65863.88,2.312,7,none
2026-08-16 07:41:11,2026-08-16 07:40:00,63038.0,63037.0,63480.0,-0.6963,-0.6979,3.7553,-1.5,62527.8,65863.88,2.316,7,none
2026-08-16 07:46:13,2026-08-16 07:45:00,63040.0,63039.0,63480.0,-0.6931,-0.6947,3.7553,-1.5,62527.8,65863.88,2.319,7,none
2026-08-16 07:51:10,2026-08-16 07:50:00,63040.0,63039.0,63480.0,-0.6931,-0.6947,3.7553,-1.5,62527.8,65863.88,2.323,7,none
2026-08-16 07:56:05,2026-08-16 07:54:00,63040.0,63039.0,63480.0,-0.6931,-0.6947,3.7553,-1.5,62527.8,65863.88,2.326,7,none
2026-08-16 08:01:12,2026-08-16 08:00:00,63040.0,63039.0,63480.0,-0.6931,-0.6947,3.7553,-1.5,62527.8,65863.88,2.33,7,none
2026-08-16 08:06:08,2026-08-16 08:04:00,63047.0,63045.0,63480.0,-0.6821,-0.6853,3.7553,-1.5,62527.8,65863.88,2.333,7,none
2026-08-16 08:11:12,2026-08-16 08:10:00,63041.0,63040.0,63480.0,-0.6916,-0.6931,3.7553,-1.5,62527.8,65863.88,2.337,7,none
2026-08-16 08:16:14,2026-08-16 08:15:00,63041.0,63040.0,63480.0,-0.6916,-0.6931,3.7553,-1.5,62527.8,65863.88,2.34,7,none
2026-08-16 08:21:11,2026-08-16 08:20:00,63041.0,63040.0,63480.0,-0.6916,-0.6931,3.7553,-1.5,62527.8,65863.88,2.344,7,none
2026-08-16 08:26:06,2026-08-16 08:25:00,63048.0,63046.0,63480.0,-0.6805,-0.6837,3.7553,-1.5,62527.8,65863.88,2.347,7,none
2026-08-16 08:31:13,2026-08-16 08:30:00,63051.0,63050.0,63480.0,-0.6758,-0.6774,3.7553,-1.5,62527.8,65863.88,2.351,7,none
2026-08-16 08:36:08,2026-08-16 08:35:00,63052.0,63051.0,63480.0,-0.6742,-0.6758,3.7553,-1.5,62527.8,65863.88,2.354,7,none
2026-08-16 08:41:13,2026-08-16 08:40:00,63052.0,63051.0,63480.0,-0.6742,-0.6758,3.7553,-1.5,62527.8,65863.88,2.358,7,none
2026-08-16 08:46:12,2026-08-16 08:45:00,63052.0,63051.0,63480.0,-0.6742,-0.6758,3.7553,-1.5,62527.8,65863.88,2.361,7,none
2026-08-16 08:51:13,2026-08-16 08:50:00,63052.0,63051.0,63480.0,-0.6742,-0.6758,3.7553,-1.5,62527.8,65863.88,2.364,7,none
2026-08-16 08:56:05,2026-08-16 08:55:00,63052.0,63051.0,63480.0,-0.6742,-0.6758,3.7553,-1.5,62527.8,65863.88,2.368,7,none
2026-08-16 09:01:20,2026-08-16 09:00:00,63051.0,63051.0,63480.0,-0.6758,-0.6758,3.7553,-1.5,62527.8,65863.88,2.372,7,none
2026-08-16 09:06:09,2026-08-16 09:05:00,63052.0,63051.0,63480.0,-0.6742,-0.6758,3.7553,-1.5,62527.8,65863.88,2.375,7,none
2026-08-16 09:11:10,2026-08-16 09:10:00,63052.0,63051.0,63480.0,-0.6742,-0.6758,3.7553,-1.5,62527.8,65863.88,2.378,7,none
2026-08-16 09:16:03,2026-08-16 09:15:00,63052.0,63051.0,63480.0,-0.6742,-0.6758,3.7553,-1.5,62527.8,65863.88,2.382,7,none
2026-08-16 09:21:10,2026-08-16 09:20:00,63051.0,63051.0,63480.0,-0.6758,-0.6758,3.7553,-1.5,62527.8,65863.88,2.385,7,none
2026-08-16 09:26:06,2026-08-16 09:25:00,63048.0,63048.0,63480.0,-0.6805,-0.6805,3.7553,-1.5,62527.8,65863.88,2.389,7,none
2026-08-16 09:31:17,2026-08-16 09:30:00,63048.0,63048.0,63480.0,-0.6805,-0.6805,3.7553,-1.5,62527.8,65863.88,2.392,7,none
2026-08-16 09:36:09,2026-08-16 09:35:00,63025.0,63024.0,63480.0,-0.7168,-0.7183,3.7553,-1.5,62527.8,65863.88,2.396,7,none
2026-08-16 09:41:15,2026-08-16 09:40:00,63024.0,63023.0,63480.0,-0.7183,-0.7199,3.7553,-1.5,62527.8,65863.88,2.399,7,none
2026-08-16 09:46:13,2026-08-16 09:45:00,62951.0,62950.0,63480.0,-0.8333,-0.8349,3.7553,-1.5,62527.8,65863.88,2.403,7,none
2026-08-16 09:51:14,2026-08-16 09:50:00,62990.0,62979.0,63480.0,-0.7719,-0.7892,3.7553,-1.5,62527.8,65863.88,2.406,7,none
2026-08-16 09:56:06,2026-08-16 09:55:00,62987.0,62986.0,63480.0,-0.7766,-0.7782,3.7553,-1.5,62527.8,65863.88,2.41,7,none
2026-08-16 10:01:23,2026-08-16 10:00:00,62943.0,62942.0,63480.0,-0.8459,-0.8475,3.7553,-1.5,62527.8,65863.88,2.413,7,none
2026-08-16 10:06:02,2026-08-16 10:05:00,62950.0,62950.0,63480.0,-0.8349,-0.8349,3.7553,-1.5,62527.8,65863.88,2.416,7,none
2026-08-16 10:11:10,2026-08-16 10:10:00,62961.0,62960.0,63480.0,-0.8176,-0.8192,3.7553,-1.5,62527.8,65863.88,2.42,7,none
2026-08-16 10:16:09,2026-08-16 10:15:00,62961.0,62961.0,63480.0,-0.8176,-0.8176,3.7553,-1.5,62527.8,65863.88,2.423,7,none
2026-08-16 10:21:05,2026-08-16 10:20:00,62962.0,62961.0,63480.0,-0.816,-0.8176,3.7553,-1.5,62527.8,65863.88,2.427,7,none
2026-08-16 10:26:04,2026-08-16 10:25:00,62973.0,62961.0,63480.0,-0.7987,-0.8176,3.7553,-1.5,62527.8,65863.88,2.43,7,none
2026-08-16 10:31:17,2026-08-16 10:30:00,62982.0,62981.0,63480.0,-0.7845,-0.7861,3.7553,-1.5,62527.8,65863.88,2.434,7,none
2026-08-16 10:36:16,2026-08-16 10:35:00,62981.0,62980.0,63480.0,-0.7861,-0.7876,3.7553,-1.5,62527.8,65863.88,2.437,7,none
2026-08-16 10:41:18,2026-08-16 10:40:00,62981.0,62980.0,63480.0,-0.7861,-0.7876,3.7553,-1.5,62527.8,65863.88,2.441,7,none
2026-08-16 10:46:12,2026-08-16 10:45:00,62981.0,62980.0,63480.0,-0.7861,-0.7876,3.7553,-1.5,62527.8,65863.88,2.444,7,none
2026-08-16 10:51:12,2026-08-16 10:50:00,62981.0,62980.0,63480.0,-0.7861,-0.7876,3.7553,-1.5,62527.8,65863.88,2.448,7,none
2026-08-16 10:56:11,2026-08-16 10:54:00,62981.0,62980.0,63480.0,-0.7861,-0.7876,3.7553,-1.5,62527.8,65863.88,2.451,7,none
2026-08-16 11:01:15,2026-08-16 11:00:00,62988.0,62980.0,63480.0,-0.775,-0.7876,3.7553,-1.5,62527.8,65863.88,2.455,7,none
2026-08-16 11:06:04,2026-08-16 11:05:00,62989.0,62988.0,63480.0,-0.7735,-0.775,3.7553,-1.5,62527.8,65863.88,2.458,7,none
2026-08-16 11:10:43,2026-08-16 11:09:00,62988.0,62988.0,63480.0,-0.775,-0.775,3.7553,-1.5,62527.8,65863.88,2.461,7,none
2026-08-16 11:16:12,2026-08-16 11:15:00,62979.0,62978.0,63480.0,-0.7892,-0.7908,3.7553,-1.5,62527.8,65863.88,2.465,7,none
2026-08-16 11:21:09,2026-08-16 11:20:00,62978.0,62978.0,63480.0,-0.7908,-0.7908,3.7553,-1.5,62527.8,65863.88,2.469,7,none
2026-08-16 11:26:09,2026-08-16 11:25:00,62964.0,62964.0,63480.0,-0.8129,-0.8129,3.7553,-1.5,62527.8,65863.88,2.472,7,none
2026-08-16 11:31:16,2026-08-16 11:30:00,62960.0,62959.0,63480.0,-0.8192,-0.8207,3.7553,-1.5,62527.8,65863.88,2.476,7,none
2026-08-16 11:36:03,2026-08-16 11:35:00,62960.0,62959.0,63480.0,-0.8192,-0.8207,3.7553,-1.5,62527.8,65863.88,2.479,7,none
2026-08-16 11:41:08,2026-08-16 11:40:00,62965.0,62964.0,63480.0,-0.8113,-0.8129,3.7553,-1.5,62527.8,65863.88,2.482,7,none
2026-08-16 11:46:08,2026-08-16 11:45:00,62965.0,62964.0,63480.0,-0.8113,-0.8129,3.7553,-1.5,62527.8,65863.88,2.486,7,none
2026-08-16 11:51:13,2026-08-16 11:50:00,62956.0,62956.0,63480.0,-0.8255,-0.8255,3.7553,-1.5,62527.8,65863.88,2.489,7,none
2026-08-16 11:56:04,2026-08-16 11:54:00,62964.0,62956.0,63480.0,-0.8129,-0.8255,3.7553,-1.5,62527.8,65863.88,2.493,7,none
2026-08-16 12:01:22,2026-08-16 12:00:00,62998.0,62992.0,63480.0,-0.7593,-0.7687,3.7553,-1.5,62527.8,65863.88,2.497,7,none
2026-08-16 12:06:09,2026-08-16 12:05:00,62997.0,62992.0,63480.0,-0.7609,-0.7687,3.7553,-1.5,62527.8,65863.88,2.5,7,none
2026-08-16 12:11:13,2026-08-16 12:10:00,62997.0,62996.0,63480.0,-0.7609,-0.7624,3.7553,-1.5,62527.8,65863.88,2.503,7,none
2026-08-16 12:16:06,2026-08-16 12:15:00,62997.0,62996.0,63480.0,-0.7609,-0.7624,3.7553,-1.5,62527.8,65863.88,2.507,7,none
2026-08-16 12:21:14,2026-08-16 12:20:00,62996.0,62996.0,63480.0,-0.7624,-0.7624,3.7553,-1.5,62527.8,65863.88,2.51,7,none
2026-08-16 12:26:09,2026-08-16 12:25:00,62990.0,62990.0,63480.0,-0.7719,-0.7719,3.7553,-1.5,62527.8,65863.88,2.514,7,none
2026-08-16 12:31:20,2026-08-16 12:30:00,62991.0,62990.0,63480.0,-0.7703,-0.7719,3.7553,-1.5,62527.8,65863.88,2.517,7,none
2026-08-16 12:36:12,2026-08-16 12:35:00,62980.0,62979.0,63480.0,-0.7876,-0.7892,3.7553,-1.5,62527.8,65863.88,2.521,7,none
2026-08-16 12:41:09,2026-08-16 12:40:00,62981.0,62980.0,63480.0,-0.7861,-0.7876,3.7553,-1.5,62527.8,65863.88,2.524,7,none
2026-08-16 12:46:10,2026-08-16 12:45:00,62966.0,62966.0,63480.0,-0.8097,-0.8097,3.7553,-1.5,62527.8,65863.88,2.528,7,none
2026-08-16 12:51:13,2026-08-16 12:50:00,62973.0,62972.0,63480.0,-0.7987,-0.8003,3.7553,-1.5,62527.8,65863.88,2.531,7,none
2026-08-16 12:56:04,2026-08-16 12:55:00,62979.0,62979.0,63480.0,-0.7892,-0.7892,3.7553,-1.5,62527.8,65863.88,2.535,7,none
2026-08-16 13:01:12,2026-08-16 13:00:00,62989.0,62987.0,63480.0,-0.7735,-0.7766,3.7553,-1.5,62527.8,65863.88,2.538,7,none
2026-08-16 13:06:11,2026-08-16 13:05:00,62991.0,62988.0,63480.0,-0.7703,-0.775,3.7553,-1.5,62527.8,65863.88,2.542,7,none
2026-08-16 13:11:11,2026-08-16 13:10:00,63041.0,63037.0,63480.0,-0.6916,-0.6979,3.7553,-1.5,62527.8,65863.88,2.545,7,none
2026-08-16 13:16:13,2026-08-16 13:15:00,63037.0,63036.0,63480.0,-0.6979,-0.6994,3.7553,-1.5,62527.8,65863.88,2.549,7,none
2026-08-16 13:21:12,2026-08-16 13:20:00,63045.0,63045.0,63480.0,-0.6853,-0.6853,3.7553,-1.5,62527.8,65863.88,2.552,7,none
2026-08-16 13:23:31,2026-08-16 13:22:00,63045.0,63045.0,63480.0,-0.6853,-0.6853,3.7553,-1.5,62527.8,65863.88,2.554,7,none
2026-08-16 13:26:11,2026-08-16 13:25:00,63042.0,63042.0,63480.0,-0.69,-0.69,3.7553,-1.5,62527.8,65863.88,2.555,7,none
2026-08-16 13:31:11,2026-08-16 13:30:00,63041.0,63040.0,63480.0,-0.6916,-0.6931,3.7553,-1.5,62527.8,65863.88,2.559,7,none
2026-08-16 13:36:06,2026-08-16 13:35:00,63041.0,63040.0,63480.0,-0.6916,-0.6931,3.7553,-1.5,62527.8,65863.88,2.562,7,none
2026-08-16 13:41:06,2026-08-16 13:40:00,63037.0,63037.0,63480.0,-0.6979,-0.6979,3.7553,-1.5,62527.8,65863.88,2.566,7,none
2026-08-16 13:46:06,2026-08-16 13:45:00,63044.0,63039.0,63480.0,-0.6868,-0.6947,3.7553,-1.5,62527.8,65863.88,2.569,7,none
2026-08-16 13:51:09,2026-08-16 13:50:00,63044.0,63043.0,63480.0,-0.6868,-0.6884,3.7553,-1.5,62527.8,65863.88,2.573,7,none
2026-08-16 13:56:07,2026-08-16 13:55:00,63044.0,63043.0,63480.0,-0.6868,-0.6884,3.7553,-1.5,62527.8,65863.88,2.576,7,none
2026-08-16 14:01:18,2026-08-16 14:00:00,63040.0,63040.0,63480.0,-0.6931,-0.6931,3.7553,-1.5,62527.8,65863.88,2.58,7,none
2026-08-16 14:06:17,2026-08-16 14:05:00,63036.0,63035.0,63480.0,-0.6994,-0.701,3.7553,-1.5,62527.8,65863.88,2.583,7,none
2026-08-16 14:11:08,2026-08-16 14:10:00,63035.0,63035.0,63480.0,-0.701,-0.701,3.7553,-1.5,62527.8,65863.88,2.587,7,none
2026-08-16 14:12:29,2026-08-16 14:11:00,63035.0,63035.0,63480.0,-0.701,-0.701,3.7553,-1.5,62527.8,65863.88,2.588,7,none
2026-08-16 14:16:07,2026-08-16 14:15:00,63036.0,63035.0,63480.0,-0.6994,-0.701,3.7553,-1.5,62527.8,65863.88,2.59,7,none
2026-08-16 14:21:06,2026-08-16 14:20:00,63064.0,63039.0,63480.0,-0.6553,-0.6947,3.7553,-1.5,62527.8,65863.88,2.594,7,none
2026-08-16 14:26:02,2026-08-16 14:24:00,63071.0,63070.0,63480.0,-0.6443,-0.6459,3.7553,-1.5,62527.8,65863.88,2.597,7,none
2026-08-16 14:31:13,2026-08-16 14:30:00,63049.0,63049.0,63480.0,-0.679,-0.679,3.7553,-1.5,62527.8,65863.88,2.601,7,none
2026-08-16 14:36:05,2026-08-16 14:35:00,63069.0,63069.0,63480.0,-0.6474,-0.6474,3.7553,-1.5,62527.8,65863.88,2.604,7,none
2026-08-16 14:41:09,2026-08-16 14:40:00,63070.0,63069.0,63480.0,-0.6459,-0.6474,3.7553,-1.5,62527.8,65863.88,2.607,7,none
2026-08-16 14:46:06,2026-08-16 14:45:00,63070.0,63069.0,63480.0,-0.6459,-0.6474,3.7553,-1.5,62527.8,65863.88,2.611,7,none
2026-08-16 14:51:12,2026-08-16 14:50:00,63070.0,63070.0,63480.0,-0.6459,-0.6459,3.7553,-1.5,62527.8,65863.88,2.614,7,none
2026-08-16 14:56:10,2026-08-16 14:55:00,63073.0,63071.0,63480.0,-0.6411,-0.6443,3.7553,-1.5,62527.8,65863.88,2.618,7,none
2026-08-16 15:01:20,2026-08-16 15:00:00,63080.0,63077.0,63480.0,-0.6301,-0.6348,3.7553,-1.5,62527.8,65863.88,2.621,7,none
2026-08-16 15:06:09,2026-08-16 15:05:00,63087.0,63087.0,63480.0,-0.6191,-0.6191,3.7553,-1.5,62527.8,65863.88,2.625,7,none
2026-08-16 15:11:01,2026-08-16 15:10:00,63092.0,63089.0,63480.0,-0.6112,-0.6159,3.7553,-1.5,62527.8,65863.88,2.628,7,none
2026-08-16 15:16:09,2026-08-16 15:15:00,63085.0,63085.0,63480.0,-0.6222,-0.6222,3.7553,-1.5,62527.8,65863.88,2.632,7,none
2026-08-16 15:21:09,2026-08-16 15:20:00,63085.0,63085.0,63480.0,-0.6222,-0.6222,3.7553,-1.5,62527.8,65863.88,2.635,7,none
2026-08-16 15:26:05,2026-08-16 15:25:00,63085.0,63085.0,63480.0,-0.6222,-0.6222,3.7553,-1.5,62527.8,65863.88,2.639,7,none
2026-08-16 15:31:20,2026-08-16 15:30:00,63096.0,63094.0,63480.0,-0.6049,-0.6081,3.7553,-1.5,62527.8,65863.88,2.642,7,none
2026-08-16 15:36:01,2026-08-16 15:34:00,63106.0,63106.0,63480.0,-0.5892,-0.5892,3.7553,-1.5,62527.8,65863.88,2.646,7,none
2026-08-16 15:41:17,2026-08-16 15:40:00,63111.0,63111.0,63480.0,-0.5813,-0.5813,3.7553,-1.5,62527.8,65863.88,2.649,7,none
2026-08-16 15:46:09,2026-08-16 15:45:00,63097.0,63090.0,63480.0,-0.6033,-0.6144,3.7553,-1.5,62527.8,65863.88,2.653,7,none
2026-08-16 15:51:06,2026-08-16 15:50:00,63113.0,63111.0,63480.0,-0.5781,-0.5813,3.7553,-1.5,62527.8,65863.88,2.656,7,none
2026-08-16 15:56:04,2026-08-16 15:54:00,63103.0,63103.0,63480.0,-0.5939,-0.5939,3.7553,-1.5,62527.8,65863.88,2.66,7,none
2026-08-16 16:01:21,2026-08-16 16:00:00,63114.0,63113.0,63480.0,-0.5766,-0.5781,3.7553,-1.5,62527.8,65863.88,2.663,7,none
2026-08-16 16:06:07,2026-08-16 16:05:00,63107.0,63106.0,63480.0,-0.5876,-0.5892,3.7553,-1.5,62527.8,65863.88,2.666,7,none
2026-08-16 16:11:12,2026-08-16 16:10:00,63120.0,63120.0,63480.0,-0.5671,-0.5671,3.7553,-1.5,62527.8,65863.88,2.67,7,none
2026-08-16 16:16:05,2026-08-16 16:15:00,63192.0,63179.0,63480.0,-0.4537,-0.4742,3.7553,-1.5,62527.8,65863.88,2.673,7,none
2026-08-16 16:21:15,2026-08-16 16:20:00,63285.0,63276.0,63480.0,-0.3072,-0.3214,3.7553,-1.5,62527.8,65863.88,2.677,7,none
2026-08-16 16:26:10,2026-08-16 16:25:00,63305.0,63287.0,63480.0,-0.2757,-0.304,3.7553,-1.5,62527.8,65863.88,2.68,7,none
2026-08-16 16:31:21,2026-08-16 16:30:00,63345.0,63295.0,63480.0,-0.2127,-0.2914,3.7553,-1.5,62527.8,65863.88,2.684,7,none
2026-08-16 16:36:07,2026-08-16 16:35:00,63349.0,63332.0,63480.0,-0.2064,-0.2331,3.7553,-1.5,62527.8,65863.88,2.687,7,none
2026-08-16 16:41:17,2026-08-16 16:40:00,63270.0,63270.0,63480.0,-0.3308,-0.3308,3.7553,-1.5,62527.8,65863.88,2.691,7,none
2026-08-16 16:46:11,2026-08-16 16:45:00,63264.0,63264.0,63480.0,-0.3403,-0.3403,3.7553,-1.5,62527.8,65863.88,2.694,7,none
2026-08-16 16:51:07,2026-08-16 16:50:00,63250.0,63249.0,63480.0,-0.3623,-0.3639,3.7553,-1.5,62527.8,65863.88,2.698,7,none
2026-08-16 16:56:04,2026-08-16 16:55:00,63219.0,63211.0,63480.0,-0.4112,-0.4238,3.7553,-1.5,62527.8,65863.88,2.701,7,none
2026-08-16 17:01:16,2026-08-16 17:00:00,63233.0,63229.0,63480.0,-0.3891,-0.3954,3.7553,-1.5,62527.8,65863.88,2.705,7,none
2026-08-16 17:06:06,2026-08-16 17:05:00,63246.0,63245.0,63480.0,-0.3686,-0.3702,3.7553,-1.5,62527.8,65863.88,2.708,7,none
2026-08-16 17:10:48,2026-08-16 17:09:00,63238.0,63237.0,63480.0,-0.3812,-0.3828,3.7553,-1.5,62527.8,65863.88,2.711,7,none
2026-08-16 17:16:10,2026-08-16 17:15:00,63190.0,63189.0,63480.0,-0.4568,-0.4584,3.7553,-1.5,62527.8,65863.88,2.715,7,none
2026-08-16 17:21:19,2026-08-16 17:20:00,63182.0,63182.0,63480.0,-0.4694,-0.4694,3.7553,-1.5,62527.8,65863.88,2.719,7,none
2026-08-16 17:26:04,2026-08-16 17:25:00,63178.0,63178.0,63480.0,-0.4757,-0.4757,3.7553,-1.5,62527.8,65863.88,2.722,7,none
2026-08-16 17:31:17,2026-08-16 17:30:00,63165.0,63164.0,63480.0,-0.4962,-0.4978,3.7553,-1.5,62527.8,65863.88,2.726,7,none
2026-08-16 17:36:02,2026-08-16 17:35:00,63141.0,63114.0,63480.0,-0.534,-0.5766,3.7553,-1.5,62527.8,65863.88,2.729,7,none
2026-08-16 17:41:09,2026-08-16 17:40:00,63165.0,63164.0,63480.0,-0.4962,-0.4978,3.7553,-1.5,62527.8,65863.88,2.732,7,none
2026-08-16 17:46:12,2026-08-16 17:45:00,63110.0,63095.0,63480.0,-0.5829,-0.6065,3.7553,-1.5,62527.8,65863.88,2.736,7,none
2026-08-16 17:51:13,2026-08-16 17:50:00,63125.0,63124.0,63480.0,-0.5592,-0.5608,3.7553,-1.5,62527.8,65863.88,2.739,7,none
2026-08-16 17:56:10,2026-08-16 17:55:00,63138.0,63137.0,63480.0,-0.5388,-0.5403,3.7553,-1.5,62527.8,65863.88,2.743,7,none
2026-08-16 18:01:17,2026-08-16 18:00:00,63136.0,63135.0,63480.0,-0.5419,-0.5435,3.7553,-1.5,62527.8,65863.88,2.746,7,none
2026-08-16 18:06:07,2026-08-16 18:05:00,63142.0,63141.0,63480.0,-0.5325,-0.534,3.7553,-1.5,62527.8,65863.88,2.75,7,none
2026-08-16 18:11:10,2026-08-16 18:10:00,63136.0,63136.0,63480.0,-0.5419,-0.5419,3.7553,-1.5,62527.8,65863.88,2.753,7,none
2026-08-16 18:12:26,2026-08-16 18:11:00,63139.0,63136.0,63480.0,-0.5372,-0.5419,3.7553,-1.5,62527.8,65863.88,2.754,7,none
2026-08-16 18:16:13,2026-08-16 18:15:00,63109.0,63109.0,63480.0,-0.5844,-0.5844,3.7553,-1.5,62527.8,65863.88,2.757,7,none
2026-08-16 18:21:13,2026-08-16 18:20:00,63142.0,63135.0,63480.0,-0.5325,-0.5435,3.7553,-1.5,62527.8,65863.88,2.76,7,none
2026-08-16 18:26:10,2026-08-16 18:25:00,63144.0,63144.0,63480.0,-0.5293,-0.5293,3.7553,-1.5,62527.8,65863.88,2.764,7,none
2026-08-16 18:31:16,2026-08-16 18:30:00,63129.0,63129.0,63480.0,-0.5529,-0.5529,3.7553,-1.5,62527.8,65863.88,2.767,7,none
2026-08-16 18:36:09,2026-08-16 18:35:00,63129.0,63129.0,63480.0,-0.5529,-0.5529,3.7553,-1.5,62527.8,65863.88,2.771,7,none
2026-08-16 18:41:16,2026-08-16 18:40:00,63121.0,63120.0,63480.0,-0.5655,-0.5671,3.7553,-1.5,62527.8,65863.88,2.774,7,none
2026-08-16 18:46:11,2026-08-16 18:45:00,63120.0,63120.0,63480.0,-0.5671,-0.5671,3.7553,-1.5,62527.8,65863.88,2.778,7,none
2026-08-16 18:51:14,2026-08-16 18:50:00,63121.0,63120.0,63480.0,-0.5655,-0.5671,3.7553,-1.5,62527.8,65863.88,2.781,7,none
2026-08-16 18:56:12,2026-08-16 18:55:00,63121.0,63120.0,63480.0,-0.5655,-0.5671,3.7553,-1.5,62527.8,65863.88,2.785,7,none
2026-08-16 19:01:15,2026-08-16 19:00:00,63121.0,63120.0,63480.0,-0.5655,-0.5671,3.7553,-1.5,62527.8,65863.88,2.788,7,none
2026-08-16 19:06:03,2026-08-16 19:05:00,63131.0,63130.0,63480.0,-0.5498,-0.5514,3.7553,-1.5,62527.8,65863.88,2.791,7,none
2026-08-16 19:11:14,2026-08-16 19:10:00,63140.0,63140.0,63480.0,-0.5356,-0.5356,3.7553,-1.5,62527.8,65863.88,2.795,7,none
2026-08-16 19:12:54,2026-08-16 19:11:00,63158.0,63140.0,63480.0,-0.5072,-0.5356,3.7553,-1.5,62527.8,65863.88,2.796,7,none
2026-08-16 19:16:08,2026-08-16 19:15:00,63163.0,63163.0,63480.0,-0.4994,-0.4994,3.7553,-1.5,62527.8,65863.88,2.798,7,none
2026-08-16 19:21:14,2026-08-16 19:20:00,63181.0,63165.0,63480.0,-0.471,-0.4962,3.7553,-1.5,62527.8,65863.88,2.802,7,none
2026-08-16 19:26:11,2026-08-16 19:25:00,63170.0,63155.0,63480.0,-0.4883,-0.512,3.7553,-1.5,62527.8,65863.88,2.805,7,none
2026-08-16 19:31:17,2026-08-16 19:30:00,63193.0,63192.0,63480.0,-0.4521,-0.4537,3.7553,-1.5,62527.8,65863.88,2.809,7,none
2026-08-16 19:36:09,2026-08-16 19:35:00,63190.0,63185.0,63480.0,-0.4568,-0.4647,3.7553,-1.5,62527.8,65863.88,2.812,7,none
2026-08-16 19:41:07,2026-08-16 19:40:00,63191.0,63191.0,63480.0,-0.4553,-0.4553,3.7553,-1.5,62527.8,65863.88,2.816,7,none
2026-08-16 19:46:13,2026-08-16 19:45:00,63144.0,63132.0,63480.0,-0.5293,-0.5482,3.7553,-1.5,62527.8,65863.88,2.819,7,none
2026-08-16 19:51:11,2026-08-16 19:50:00,63123.0,63105.0,63480.0,-0.5624,-0.5907,3.7553,-1.5,62527.8,65863.88,2.823,7,none
2026-08-16 19:56:05,2026-08-16 19:55:00,63084.0,63079.0,63480.0,-0.6238,-0.6317,3.7553,-1.5,62527.8,65863.88,2.826,7,none
2026-08-16 20:01:20,2026-08-16 20:00:00,63081.0,63081.0,63480.0,-0.6285,-0.6285,3.7553,-1.5,62527.8,65863.88,2.83,7,none
2026-08-16 20:06:07,2026-08-16 20:05:00,63082.0,63081.0,63480.0,-0.627,-0.6285,3.7553,-1.5,62527.8,65863.88,2.833,7,none
2026-08-16 20:09:42,2026-08-16 20:08:00,63103.0,63102.0,63480.0,-0.5939,-0.5955,3.7553,-1.5,62527.8,65863.88,2.836,7,none
2026-08-16 20:11:11,2026-08-16 20:10:00,63103.0,63102.0,63480.0,-0.5939,-0.5955,3.7553,-1.5,62527.8,65863.88,2.837,7,none
2026-08-16 20:16:13,2026-08-16 20:15:00,63104.0,63104.0,63480.0,-0.5923,-0.5923,3.7553,-1.5,62527.8,65863.88,2.84,7,none
2026-08-16 20:21:18,2026-08-16 20:20:00,63096.0,63095.0,63480.0,-0.6049,-0.6065,3.7553,-1.5,62527.8,65863.88,2.844,7,none
2026-08-16 20:26:03,2026-08-16 20:25:00,63064.0,63064.0,63480.0,-0.6553,-0.6553,3.7553,-1.5,62527.8,65863.88,2.847,7,none
2026-08-16 20:31:09,2026-08-16 20:30:00,63062.0,63062.0,63480.0,-0.6585,-0.6585,3.7553,-1.5,62527.8,65863.88,2.851,7,none
2026-08-16 20:36:00,2026-08-16 20:34:00,63075.0,63075.0,63480.0,-0.638,-0.638,3.7553,-1.5,62527.8,65863.88,2.854,7,none
2026-08-16 20:41:11,2026-08-16 20:40:00,63068.0,63068.0,63480.0,-0.649,-0.649,3.7553,-1.5,62527.8,65863.88,2.858,7,none
2026-08-16 20:46:09,2026-08-16 20:45:00,63037.0,63037.0,63480.0,-0.6979,-0.6979,3.7553,-1.5,62527.8,65863.88,2.861,7,none
2026-08-16 20:51:12,2026-08-16 20:50:00,63008.0,63008.0,63480.0,-0.7435,-0.7435,3.7553,-1.5,62527.8,65863.88,2.864,7,none
2026-08-16 20:56:03,2026-08-16 20:54:00,63045.0,63030.0,63480.0,-0.6853,-0.7089,3.7553,-1.5,62527.8,65863.88,2.868,7,none
2026-08-16 21:01:21,2026-08-16 21:00:00,63030.0,63029.0,63480.0,-0.7089,-0.7105,3.7553,-1.5,62527.8,65863.88,2.872,7,none
2026-08-16 21:06:08,2026-08-16 21:05:00,63017.0,63000.0,63480.0,-0.7294,-0.7561,3.7553,-1.5,62527.8,65863.88,2.875,7,none
2026-08-16 21:10:28,2026-08-16 21:09:00,63026.0,63026.0,63480.0,-0.7152,-0.7152,3.7553,-1.5,62527.8,65863.88,2.878,7,none
2026-08-16 21:16:08,2026-08-16 21:15:00,63034.0,63034.0,63480.0,-0.7026,-0.7026,3.7553,-1.5,62527.8,65863.88,2.882,7,none
2026-08-16 21:21:09,2026-08-16 21:20:00,63037.0,63037.0,63480.0,-0.6979,-0.6979,3.7553,-1.5,62527.8,65863.88,2.885,7,none
2026-08-16 21:26:14,2026-08-16 21:25:00,63020.0,63020.0,63480.0,-0.7246,-0.7246,3.7553,-1.5,62527.8,65863.88,2.889,7,none
2026-08-16 21:31:14,2026-08-16 21:30:00,62990.0,62990.0,63480.0,-0.7719,-0.7719,3.7553,-1.5,62527.8,65863.88,2.892,7,none
2026-08-16 21:36:07,2026-08-16 21:35:00,63009.0,63003.0,63480.0,-0.742,-0.7514,3.7553,-1.5,62527.8,65863.88,2.896,7,none
2026-08-16 21:41:08,2026-08-16 21:40:00,62822.0,62737.0,63480.0,-1.0365,-1.1704,3.7553,-1.5,62527.8,65863.88,2.899,7,none
2026-08-16 21:46:17,2026-08-16 21:45:00,62875.0,62875.0,63480.0,-0.9531,-0.9531,3.7553,-1.5,62527.8,65863.88,2.903,7,none
2026-08-16 21:51:08,2026-08-16 21:50:00,62948.0,62936.0,63480.0,-0.8381,-0.857,3.7553,-1.5,62527.8,65863.88,2.906,7,none
2026-08-16 21:56:08,2026-08-16 21:55:00,62939.0,62900.0,63480.0,-0.8522,-0.9137,3.7553,-1.5,62527.8,65863.88,2.91,7,none
2026-08-16 22:01:26,2026-08-16 22:00:00,62806.0,62806.0,63480.0,-1.0618,-1.0618,3.7553,-1.5,62527.8,65863.88,2.913,7,none
2026-08-16 22:06:06,2026-08-16 22:05:00,62855.0,62837.0,63480.0,-0.9846,-1.0129,3.7553,-1.5,62527.8,65863.88,2.916,7,none
2026-08-16 22:09:29,2026-08-16 22:08:00,62882.0,62848.0,63480.0,-0.942,-0.9956,3.7553,-1.5,62527.8,65863.88,2.919,7,none
2026-08-16 22:11:13,2026-08-16 22:10:00,62897.0,62871.0,63480.0,-0.9184,-0.9594,3.7553,-1.5,62527.8,65863.88,2.92,7,none
2026-08-16 22:16:07,2026-08-16 22:15:00,62908.0,62896.0,63480.0,-0.9011,-0.92,3.7553,-1.5,62527.8,65863.88,2.923,7,none
2026-08-16 22:21:08,2026-08-16 22:20:00,62873.0,62872.0,63480.0,-0.9562,-0.9578,3.7553,-1.5,62527.8,65863.88,2.927,7,none
2026-08-16 22:26:13,2026-08-16 22:25:00,62819.0,62819.0,63480.0,-1.0413,-1.0413,3.7553,-1.5,62527.8,65863.88,2.93,7,none
2026-08-16 22:31:12,2026-08-16 22:30:00,62809.0,62791.0,63480.0,-1.057,-1.0854,3.7553,-1.5,62527.8,65863.88,2.934,7,none
2026-08-16 22:36:03,2026-08-16 22:35:00,62750.0,62749.0,63480.0,-1.15,-1.1515,3.7553,-1.5,62527.8,65863.88,2.937,7,none
2026-08-16 22:41:08,2026-08-16 22:40:00,62686.0,62678.0,63480.0,-1.2508,-1.2634,3.7553,-1.5,62527.8,65863.88,2.941,7,none
2026-08-16 22:46:10,2026-08-16 22:45:00,62716.0,62706.0,63480.0,-1.2035,-1.2193,3.7553,-1.5,62527.8,65863.88,2.944,7,none
2026-08-16 22:51:12,2026-08-16 22:50:00,62787.0,62768.0,63480.0,-1.0917,-1.1216,3.7553,-1.5,62527.8,65863.88,2.948,7,none
2026-08-16 22:56:04,2026-08-16 22:55:00,62798.0,62798.0,63480.0,-1.0744,-1.0744,3.7553,-1.5,62527.8,65863.88,2.951,7,none
2026-08-16 23:01:20,2026-08-16 23:00:00,62906.0,62887.0,63480.0,-0.9042,-0.9342,3.7553,-1.5,62527.8,65863.88,2.955,7,none
2026-08-16 23:06:17,2026-08-16 23:05:00,62920.0,62906.0,63480.0,-0.8822,-0.9042,3.7553,-1.5,62527.8,65863.88,2.958,7,none
2026-08-16 23:10:11,2026-08-16 23:09:00,62926.0,62926.0,63480.0,-0.8727,-0.8727,3.7553,-1.5,62527.8,65863.88,2.961,7,none
2026-08-16 23:16:12,2026-08-16 23:15:00,62861.0,62817.0,63480.0,-0.9751,-1.0444,3.7553,-1.5,62527.8,65863.88,2.965,7,none
2026-08-16 23:21:13,2026-08-16 23:20:00,62846.0,62846.0,63480.0,-0.9987,-0.9987,3.7553,-1.5,62527.8,65863.88,2.969,7,none
2026-08-16 23:26:07,2026-08-16 23:25:00,62828.0,62827.0,63480.0,-1.0271,-1.0287,3.7553,-1.5,62527.8,65863.88,2.972,7,none
2026-08-16 23:31:16,2026-08-16 23:30:00,62814.0,62814.0,63480.0,-1.0491,-1.0491,3.7553,-1.5,62527.8,65863.88,2.976,7,none
2026-08-16 23:36:05,2026-08-16 23:35:00,62865.0,62822.0,63480.0,-0.9688,-1.0365,3.7553,-1.5,62527.8,65863.88,2.979,7,none
2026-08-16 23:41:11,2026-08-16 23:40:00,62835.0,62835.0,63480.0,-1.0161,-1.0161,3.7553,-1.5,62527.8,65863.88,2.983,7,none
2026-08-16 23:46:07,2026-08-16 23:45:00,62875.0,62875.0,63480.0,-0.9531,-0.9531,3.7553,-1.5,62527.8,65863.88,2.986,7,none
2026-08-16 23:51:10,2026-08-16 23:50:00,62906.0,62893.0,63480.0,-0.9042,-0.9247,3.7553,-1.5,62527.8,65863.88,2.989,7,none
2026-08-16 23:56:06,2026-08-16 23:55:00,62883.0,62859.0,63480.0,-0.9405,-0.9783,3.7553,-1.5,62527.8,65863.88,2.993,7,none
2026-08-17 00:01:19,2026-08-17 00:00:00,62873.0,62873.0,63480.0,-0.9562,-0.9562,3.7553,-1.5,62527.8,65863.88,2.996,7,none
2026-08-17 00:06:19,2026-08-17 00:05:00,62878.0,62878.0,63480.0,-0.9483,-0.9483,3.7553,-1.5,62527.8,65863.88,3.0,7,none
2026-08-17 00:11:09,2026-08-17 00:10:00,62855.0,62851.0,63480.0,-0.9846,-0.9909,3.7553,-1.5,62527.8,65863.88,3.003,7,none
2026-08-17 00:16:04,2026-08-17 00:15:00,62862.0,62862.0,63480.0,-0.9735,-0.9735,3.7553,-1.5,62527.8,65863.88,3.007,7,none
2026-08-17 00:21:07,2026-08-17 00:20:00,62843.0,62809.0,63480.0,-1.0035,-1.057,3.7553,-1.5,62527.8,65863.88,3.01,7,none
2026-08-17 00:26:24,2026-08-17 00:25:00,62756.0,62733.0,63480.0,-1.1405,-1.1767,3.7553,-1.5,62527.8,65863.88,3.014,7,none
2026-08-17 00:31:20,2026-08-17 00:30:00,62794.0,62794.0,63480.0,-1.0807,-1.0807,3.7553,-1.5,62527.8,65863.88,3.017,7,none
2026-08-17 00:33:50,2026-08-17 00:32:00,62766.0,62740.0,63480.0,-1.1248,-1.1657,3.7553,-1.5,62527.8,65863.88,3.019,7,none
2026-08-17 00:36:12,2026-08-17 00:35:00,62760.0,62760.0,63480.0,-1.1342,-1.1342,3.7553,-1.5,62527.8,65863.88,3.021,7,none
2026-08-17 00:41:10,2026-08-17 00:40:00,62761.0,62761.0,63480.0,-1.1326,-1.1326,3.7553,-1.5,62527.8,65863.88,3.024,7,none
2026-08-17 00:46:13,2026-08-17 00:45:00,62911.0,62881.0,63480.0,-0.8963,-0.9436,3.7553,-1.5,62527.8,65863.88,3.028,7,none
2026-08-17 00:51:10,2026-08-17 00:50:00,62852.0,62842.0,63480.0,-0.9893,-1.005,3.7553,-1.5,62527.8,65863.88,3.031,7,none
2026-08-17 00:56:11,2026-08-17 00:55:00,62878.0,62867.0,63480.0,-0.9483,-0.9657,3.7553,-1.5,62527.8,65863.88,3.035,7,none
2026-08-17 01:01:22,2026-08-17 01:00:00,62945.0,62873.0,63480.0,-0.8428,-0.9562,3.7553,-1.5,62527.8,65863.88,3.038,7,none
2026-08-17 01:06:05,2026-08-17 01:05:00,63075.0,63065.0,63480.0,-0.638,-0.6537,3.7553,-1.5,62527.8,65863.88,3.041,7,none
2026-08-17 01:11:10,2026-08-17 01:10:00,63080.0,63079.0,63480.0,-0.6301,-0.6317,3.7553,-1.5,62527.8,65863.88,3.045,7,none
2026-08-17 01:16:15,2026-08-17 01:15:00,63009.0,62991.0,63480.0,-0.742,-0.7703,3.7553,-1.5,62527.8,65863.88,3.049,7,none
2026-08-17 01:21:07,2026-08-17 01:20:00,63039.0,63024.0,63480.0,-0.6947,-0.7183,3.7553,-1.5,62527.8,65863.88,3.052,7,none
2026-08-17 01:26:09,2026-08-17 01:25:00,63106.0,63099.0,63480.0,-0.5892,-0.6002,3.7553,-1.5,62527.8,65863.88,3.055,7,none
2026-08-17 01:31:14,2026-08-17 01:30:00,63205.0,63087.0,63480.0,-0.4332,-0.6191,3.7553,-1.5,62527.8,65863.88,3.059,7,none
2026-08-17 01:36:08,2026-08-17 01:35:00,63199.0,63161.0,63480.0,-0.4427,-0.5025,3.7553,-1.5,62527.8,65863.88,3.062,7,none
2026-08-17 01:41:13,2026-08-17 01:40:00,63198.0,63149.0,63480.0,-0.4442,-0.5214,3.7553,-1.5,62527.8,65863.88,3.066,7,none
2026-08-17 01:46:12,2026-08-17 01:45:00,63174.0,63174.0,63480.0,-0.482,-0.482,3.7553,-1.5,62527.8,65863.88,3.069,7,none
2026-08-17 01:51:12,2026-08-17 01:50:00,63158.0,63158.0,63480.0,-0.5072,-0.5072,3.7553,-1.5,62527.8,65863.88,3.073,7,none
2026-08-17 01:56:03,2026-08-17 01:55:00,63099.0,63088.0,63480.0,-0.6002,-0.6175,3.7553,-1.5,62527.8,65863.88,3.076,7,none
2026-08-17 02:01:18,2026-08-17 02:00:00,63079.0,63078.0,63480.0,-0.6317,-0.6333,3.7553,-1.5,62527.8,65863.88,3.08,7,none
2026-08-17 02:06:02,2026-08-17 02:05:00,63025.0,63006.0,63480.0,-0.7168,-0.7467,3.7553,-1.5,62527.8,65863.88,3.083,7,none
2026-08-17 02:11:10,2026-08-17 02:10:00,63042.0,63033.0,63480.0,-0.69,-0.7042,3.7553,-1.5,62527.8,65863.88,3.087,7,none
2026-08-17 02:12:41,2026-08-17 02:11:00,63051.0,63042.0,63480.0,-0.6758,-0.69,3.7553,-1.5,62527.8,65863.88,3.088,7,none
2026-08-17 02:16:10,2026-08-17 02:15:00,63035.0,63027.0,63480.0,-0.701,-0.7136,3.7553,-1.5,62527.8,65863.88,3.09,7,none
2026-08-17 02:21:11,2026-08-17 02:20:00,63077.0,63055.0,63480.0,-0.6348,-0.6695,3.7553,-1.5,62527.8,65863.88,3.094,7,none
2026-08-17 02:26:04,2026-08-17 02:25:00,63124.0,63092.0,63480.0,-0.5608,-0.6112,3.7553,-1.5,62527.8,65863.88,3.097,7,none
2026-08-17 02:31:08,2026-08-17 02:30:00,63135.0,63135.0,63480.0,-0.5435,-0.5435,3.7553,-1.5,62527.8,65863.88,3.101,7,none
2026-08-17 02:36:06,2026-08-17 02:35:00,63264.0,63260.0,63480.0,-0.3403,-0.3466,3.7553,-1.5,62527.8,65863.88,3.104,7,none
2026-08-17 02:41:11,2026-08-17 02:40:00,63239.0,63234.0,63480.0,-0.3796,-0.3875,3.7553,-1.5,62527.8,65863.88,3.108,7,none
2026-08-17 02:46:06,2026-08-17 02:45:00,63225.0,63225.0,63480.0,-0.4017,-0.4017,3.7553,-1.5,62527.8,65863.88,3.111,7,none
2026-08-17 02:51:10,2026-08-17 02:50:00,63284.0,63254.0,63480.0,-0.3088,-0.356,3.7553,-1.5,62527.8,65863.88,3.114,7,none
2026-08-17 02:56:05,2026-08-17 02:55:00,63379.0,63367.0,63480.0,-0.1591,-0.178,3.7553,-1.5,62527.8,65863.88,3.118,7,none
2026-08-17 03:01:17,2026-08-17 03:00:00,63390.0,63371.0,63480.0,-0.1418,-0.1717,3.7553,-1.5,62527.8,65863.88,3.121,7,none
2026-08-17 03:06:08,2026-08-17 03:05:00,63354.0,63353.0,63480.0,-0.1985,-0.2001,3.7553,-1.5,62527.8,65863.88,3.125,7,none
2026-08-17 03:11:10,2026-08-17 03:10:00,63359.0,63358.0,63480.0,-0.1906,-0.1922,3.7553,-1.5,62527.8,65863.88,3.128,7,none
2026-08-17 03:16:21,2026-08-17 03:15:00,63387.0,63383.0,63480.0,-0.1465,-0.1528,3.7553,-1.5,62527.8,65863.88,3.132,7,none
2026-08-17 03:21:16,2026-08-17 03:20:00,63339.0,63316.0,63480.0,-0.2221,-0.2583,3.7553,-1.5,62527.8,65863.88,3.135,7,none
2026-08-17 03:26:02,2026-08-17 03:25:00,63317.0,63317.0,63480.0,-0.2568,-0.2568,3.7553,-1.5,62527.8,65863.88,3.139,7,none
2026-08-17 03:31:11,2026-08-17 03:30:00,63328.0,63327.0,63480.0,-0.2394,-0.241,3.7553,-1.5,62527.8,65863.88,3.142,7,none
2026-08-17 03:36:08,2026-08-17 03:35:00,63326.0,63321.0,63480.0,-0.2426,-0.2505,3.7553,-1.5,62527.8,65863.88,3.146,7,none
2026-08-17 03:40:14,2026-08-17 03:39:00,63344.0,63344.0,63480.0,-0.2142,-0.2142,3.7553,-1.5,62527.8,65863.88,3.149,7,none
2026-08-17 03:46:08,2026-08-17 03:45:00,63323.0,63322.0,63480.0,-0.2473,-0.2489,3.7553,-1.5,62527.8,65863.88,3.153,7,none
2026-08-17 03:51:08,2026-08-17 03:50:00,63366.0,63349.0,63480.0,-0.1796,-0.2064,3.7553,-1.5,62527.8,65863.88,3.156,7,none
2026-08-17 03:56:09,2026-08-17 03:55:00,63487.0,63460.0,63480.0,0.011,-0.0315,3.7553,-1.5,62527.8,65863.88,3.16,7,none
2026-08-17 04:01:17,2026-08-17 04:00:00,63484.0,63402.0,63480.0,0.0063,-0.1229,3.7553,-1.5,62527.8,65863.88,3.163,7,none
2026-08-17 04:06:07,2026-08-17 04:05:00,63474.0,63465.0,63480.0,-0.0095,-0.0236,3.7553,-1.5,62527.8,65863.88,3.166,7,none
2026-08-17 04:11:11,2026-08-17 04:10:00,63470.0,63455.0,63480.0,-0.0158,-0.0394,3.7553,-1.5,62527.8,65863.88,3.17,7,none
2026-08-17 04:16:11,2026-08-17 04:15:00,63465.0,63458.0,63480.0,-0.0236,-0.0347,3.7553,-1.5,62527.8,65863.88,3.173,7,none
2026-08-17 04:21:07,2026-08-17 04:20:00,63459.0,63454.0,63480.0,-0.0331,-0.041,3.7553,-1.5,62527.8,65863.88,3.177,7,none
2026-08-17 04:26:02,2026-08-17 04:25:00,63474.0,63466.0,63480.0,-0.0095,-0.0221,3.7553,-1.5,62527.8,65863.88,3.18,7,none
2026-08-17 04:30:52,2026-08-17 04:29:00,63483.0,63461.0,63480.0,0.0047,-0.0299,3.7553,-1.5,62527.8,65863.88,3.184,7,none
2026-08-17 04:36:05,2026-08-17 04:35:00,63475.0,63469.0,63480.0,-0.0079,-0.0173,3.7553,-1.5,62527.8,65863.88,3.187,7,none
2026-08-17 04:41:16,2026-08-17 04:40:00,63476.0,63475.0,63480.0,-0.0063,-0.0079,3.7553,-1.5,62527.8,65863.88,3.191,7,none
2026-08-17 04:46:09,2026-08-17 04:45:00,63488.0,63465.0,63480.0,0.0126,-0.0236,3.7553,-1.5,62527.8,65863.88,3.194,7,none
2026-08-17 04:51:12,2026-08-17 04:50:00,63526.0,63518.0,63480.0,0.0725,0.0599,3.7553,-1.5,62527.8,65863.88,3.198,7,none
2026-08-17 04:56:09,2026-08-17 04:55:00,63522.0,63492.0,63480.0,0.0662,0.0189,3.7553,-1.5,62527.8,65863.88,3.201,7,none
2026-08-17 05:01:24,2026-08-17 05:00:00,63505.0,63505.0,63480.0,0.0394,0.0394,3.7553,-1.5,62527.8,65863.88,3.205,7,none
2026-08-17 05:06:10,2026-08-17 05:05:00,63483.0,63482.0,63480.0,0.0047,0.0032,3.7553,-1.5,62527.8,65863.88,3.208,7,none
2026-08-17 05:11:13,2026-08-17 05:10:00,63447.0,63446.0,63480.0,-0.052,-0.0536,3.7553,-1.5,62527.8,65863.88,3.212,7,none
2026-08-17 05:16:14,2026-08-17 05:15:00,63496.0,63495.0,63480.0,0.0252,0.0236,3.7553,-1.5,62527.8,65863.88,3.215,7,none
2026-08-17 05:21:15,2026-08-17 05:20:00,63533.0,63529.0,63480.0,0.0835,0.0772,3.7553,-1.5,62527.8,65863.88,3.219,7,none
2026-08-17 05:25:51,2026-08-17 05:24:00,63546.0,63546.0,63480.0,0.104,0.104,3.7553,-1.5,62527.8,65863.88,3.222,7,none
2026-08-17 05:31:14,2026-08-17 05:30:00,63461.0,63459.0,63480.0,-0.0299,-0.0331,3.7553,-1.5,62527.8,65863.88,3.226,7,none
2026-08-17 05:36:12,2026-08-17 05:35:00,63443.0,63442.0,63480.0,-0.0583,-0.0599,3.7553,-1.5,62527.8,65863.88,3.229,7,none
2026-08-17 05:41:13,2026-08-17 05:40:00,63416.0,63416.0,63480.0,-0.1008,-0.1008,3.7553,-1.5,62527.8,65863.88,3.233,7,none
2026-08-17 05:46:17,2026-08-17 05:45:00,63430.0,63430.0,63480.0,-0.0788,-0.0788,3.7553,-1.5,62527.8,65863.88,3.236,7,none
2026-08-17 05:51:13,2026-08-17 05:50:00,63478.0,63473.0,63480.0,-0.0032,-0.011,3.7553,-1.5,62527.8,65863.88,3.239,7,none
2026-08-17 05:56:12,2026-08-17 05:55:00,63493.0,63493.0,63480.0,0.0205,0.0205,3.7553,-1.5,62527.8,65863.88,3.243,7,none
2026-08-17 06:01:21,2026-08-17 06:00:00,63488.0,63475.0,63480.0,0.0126,-0.0079,3.7553,-1.5,62527.8,65863.88,3.247,7,none
2026-08-17 06:06:03,2026-08-17 06:05:00,63502.0,63484.0,63480.0,0.0347,0.0063,3.7553,-1.5,62527.8,65863.88,3.25,7,none
2026-08-17 06:11:17,2026-08-17 06:10:00,63571.0,63550.0,63480.0,0.1434,0.1103,3.7553,-1.5,62527.8,65863.88,3.253,7,none
2026-08-17 06:16:11,2026-08-17 06:15:00,63549.0,63542.0,63480.0,0.1087,0.0977,3.7553,-1.5,62527.8,65863.88,3.257,7,none
2026-08-17 06:21:12,2026-08-17 06:20:00,63533.0,63532.0,63480.0,0.0835,0.0819,3.7553,-1.5,62527.8,65863.88,3.26,7,none
2026-08-17 06:26:04,2026-08-17 06:25:00,63533.0,63532.0,63480.0,0.0835,0.0819,3.7553,-1.5,62527.8,65863.88,3.264,7,none
2026-08-17 06:30:41,2026-08-17 06:29:00,63553.0,63540.0,63480.0,0.115,0.0945,3.7553,-1.5,62527.8,65863.88,3.267,7,none
2026-08-17 06:36:06,2026-08-17 06:35:00,63566.0,63546.0,63480.0,0.1355,0.104,3.7553,-1.5,62527.8,65863.88,3.271,7,none
2026-08-17 06:41:07,2026-08-17 06:40:00,63564.0,63564.0,63480.0,0.1323,0.1323,3.7553,-1.5,62527.8,65863.88,3.274,7,none
2026-08-17 06:46:06,2026-08-17 06:45:00,63589.0,63570.0,63480.0,0.1717,0.1418,3.7553,-1.5,62527.8,65863.88,3.278,7,none
2026-08-17 06:51:21,2026-08-17 06:50:00,63636.0,63626.0,63480.0,0.2457,0.23,3.7553,-1.5,62527.8,65863.88,3.281,7,none
2026-08-17 06:56:16,2026-08-17 06:55:00,63587.0,63577.0,63480.0,0.1686,0.1528,3.7553,-1.5,62527.8,65863.88,3.285,7,none
2026-08-17 07:01:23,2026-08-17 07:00:00,63610.0,63609.0,63480.0,0.2048,0.2032,3.7553,-1.5,62527.8,65863.88,3.288,7,none
2026-08-17 07:06:05,2026-08-17 07:05:00,63572.0,63547.0,63480.0,0.1449,0.1055,3.7553,-1.5,62527.8,65863.88,3.291,7,none
2026-08-17 07:11:13,2026-08-17 07:10:00,63573.0,63554.0,63480.0,0.1465,0.1166,3.7553,-1.5,62527.8,65863.88,3.295,7,none
2026-08-17 07:16:11,2026-08-17 07:15:00,63534.0,63533.0,63480.0,0.0851,0.0835,3.7553,-1.5,62527.8,65863.88,3.298,7,none
2026-08-17 07:21:15,2026-08-17 07:20:00,63522.0,63521.0,63480.0,0.0662,0.0646,3.7553,-1.5,62527.8,65863.88,3.302,7,none
2026-08-17 07:26:07,2026-08-17 07:25:00,63534.0,63530.0,63480.0,0.0851,0.0788,3.7553,-1.5,62527.8,65863.88,3.305,7,none
2026-08-17 07:31:19,2026-08-17 07:30:00,63539.0,63539.0,63480.0,0.0929,0.0929,3.7553,-1.5,62527.8,65863.88,3.309,7,none
2026-08-17 07:36:05,2026-08-17 07:35:00,63525.0,63525.0,63480.0,0.0709,0.0709,3.7553,-1.5,62527.8,65863.88,3.312,7,none
2026-08-17 07:41:12,2026-08-17 07:40:00,63513.0,63513.0,63480.0,0.052,0.052,3.7553,-1.5,62527.8,65863.88,3.316,7,none
2026-08-17 07:42:35,2026-08-17 07:41:00,63510.0,63510.0,63480.0,0.0473,0.0473,3.7553,-1.5,62527.8,65863.88,3.317,7,none
2026-08-17 07:46:16,2026-08-17 07:45:00,63516.0,63503.0,63480.0,0.0567,0.0362,3.7553,-1.5,62527.8,65863.88,3.319,7,none
2026-08-17 07:51:08,2026-08-17 07:50:00,63495.0,63495.0,63480.0,0.0236,0.0236,3.7553,-1.5,62527.8,65863.88,3.323,7,none
2026-08-17 07:56:11,2026-08-17 07:55:00,63511.0,63503.0,63480.0,0.0488,0.0362,3.7553,-1.5,62527.8,65863.88,3.326,7,none
2026-08-17 08:01:22,2026-08-17 08:00:00,63514.0,63492.0,63480.0,0.0536,0.0189,3.7553,-1.5,62527.8,65863.88,3.33,7,none
2026-08-17 08:06:12,2026-08-17 08:05:00,63436.0,63436.0,63480.0,-0.0693,-0.0693,3.7553,-1.5,62527.8,65863.88,3.333,7,none
2026-08-17 08:11:12,2026-08-17 08:10:00,63421.0,63420.0,63480.0,-0.0929,-0.0945,3.7553,-1.5,62527.8,65863.88,3.337,7,none
2026-08-17 08:16:20,2026-08-17 08:15:00,63390.0,63389.0,63480.0,-0.1418,-0.1434,3.7553,-1.5,62527.8,65863.88,3.34,7,none
2026-08-17 08:21:13,2026-08-17 08:20:00,63384.0,63384.0,63480.0,-0.1512,-0.1512,3.7553,-1.5,62527.8,65863.88,3.344,7,none
2026-08-17 08:26:04,2026-08-17 08:25:00,63400.0,63388.0,63480.0,-0.126,-0.1449,3.7553,-1.5,62527.8,65863.88,3.347,7,none
2026-08-17 08:30:15,2026-08-17 08:29:00,63392.0,63386.0,63480.0,-0.1386,-0.1481,3.7553,-1.5,62527.8,65863.88,3.35,7,none
2026-08-17 08:36:06,2026-08-17 08:35:00,63380.0,63379.0,63480.0,-0.1575,-0.1591,3.7553,-1.5,62527.8,65863.88,3.354,7,none
2026-08-17 08:41:17,2026-08-17 08:40:00,63351.0,63332.0,63480.0,-0.2032,-0.2331,3.7553,-1.5,62527.8,65863.88,3.358,7,none
2026-08-17 08:46:14,2026-08-17 08:45:00,63350.0,63350.0,63480.0,-0.2048,-0.2048,3.7553,-1.5,62527.8,65863.88,3.361,7,none
2026-08-17 08:51:09,2026-08-17 08:50:00,63332.0,63331.0,63480.0,-0.2331,-0.2347,3.7553,-1.5,62527.8,65863.88,3.364,7,none
2026-08-17 08:56:06,2026-08-17 08:55:00,63356.0,63341.0,63480.0,-0.1953,-0.219,3.7553,-1.5,62527.8,65863.88,3.368,7,none
2026-08-17 09:01:15,2026-08-17 09:00:00,63374.0,63350.0,63480.0,-0.167,-0.2048,3.7553,-1.5,62527.8,65863.88,3.371,7,none
2026-08-17 09:06:05,2026-08-17 09:05:00,63366.0,63363.0,63480.0,-0.1796,-0.1843,3.7553,-1.5,62527.8,65863.88,3.375,7,none
2026-08-17 09:11:28,2026-08-17 09:10:00,63385.0,63384.0,63480.0,-0.1497,-0.1512,3.7553,-1.5,62527.8,65863.88,3.379,7,none
2026-08-17 09:16:07,2026-08-17 09:15:00,63400.0,63394.0,63480.0,-0.126,-0.1355,3.7553,-1.5,62527.8,65863.88,3.382,7,none
2026-08-17 09:21:13,2026-08-17 09:20:00,63349.0,63349.0,63480.0,-0.2064,-0.2064,3.7553,-1.5,62527.8,65863.88,3.385,7,none
2026-08-17 09:26:08,2026-08-17 09:25:00,63329.0,63320.0,63480.0,-0.2379,-0.252,3.7553,-1.5,62527.8,65863.88,3.389,7,none
2026-08-17 09:29:15,2026-08-17 09:28:00,63341.0,63332.0,63480.0,-0.219,-0.2331,3.7553,-1.5,62527.8,65863.88,3.391,7,none
2026-08-17 09:31:23,2026-08-17 09:30:00,63339.0,63339.0,63480.0,-0.2221,-0.2221,3.7553,-1.5,62527.8,65863.88,3.392,7,none
2026-08-17 09:36:04,2026-08-17 09:35:00,63306.0,63306.0,63480.0,-0.2741,-0.2741,3.7553,-1.5,62527.8,65863.88,3.396,7,none
2026-08-17 09:41:18,2026-08-17 09:40:00,63288.0,63288.0,63480.0,-0.3025,-0.3025,3.7553,-1.5,62527.8,65863.88,3.399,7,none
2026-08-17 09:46:11,2026-08-17 09:45:00,63274.0,63271.0,63480.0,-0.3245,-0.3292,3.7553,-1.5,62527.8,65863.88,3.403,7,none
2026-08-17 09:51:11,2026-08-17 09:50:00,63271.0,63264.0,63480.0,-0.3292,-0.3403,3.7553,-1.5,62527.8,65863.88,3.406,7,none
2026-08-17 09:56:13,2026-08-17 09:55:00,63274.0,63273.0,63480.0,-0.3245,-0.3261,3.7553,-1.5,62527.8,65863.88,3.41,7,none
2026-08-17 10:01:23,2026-08-17 10:00:00,63286.0,63282.0,63480.0,-0.3056,-0.3119,3.7553,-1.5,62527.8,65863.88,3.413,7,none
2026-08-17 10:06:08,2026-08-17 10:05:00,63294.0,63292.0,63480.0,-0.293,-0.2962,3.7553,-1.5,62527.8,65863.88,3.417,7,none
2026-08-17 10:11:08,2026-08-17 10:10:00,63283.0,63266.0,63480.0,-0.3103,-0.3371,3.7553,-1.5,62527.8,65863.88,3.42,7,none
2026-08-17 10:16:12,2026-08-17 10:15:00,63302.0,63302.0,63480.0,-0.2804,-0.2804,3.7553,-1.5,62527.8,65863.88,3.423,7,none
2026-08-17 10:20:38,2026-08-17 10:19:00,63270.0,63270.0,63480.0,-0.3308,-0.3308,3.7553,-1.5,62527.8,65863.88,3.427,7,none
2026-08-17 10:26:14,2026-08-17 10:25:00,63312.0,63296.0,63480.0,-0.2647,-0.2899,3.7553,-1.5,62527.8,65863.88,3.43,7,none
2026-08-17 10:31:18,2026-08-17 10:30:00,63437.0,63419.0,63480.0,-0.0677,-0.0961,3.7553,-1.5,62527.8,65863.88,3.434,7,none
2026-08-17 10:36:06,2026-08-17 10:35:00,63473.0,63441.0,63480.0,-0.011,-0.0614,3.7553,-1.5,62527.8,65863.88,3.437,7,none
2026-08-17 10:41:09,2026-08-17 10:40:00,63500.0,63485.0,63480.0,0.0315,0.0079,3.7553,-1.5,62527.8,65863.88,3.441,7,none
2026-08-17 10:46:25,2026-08-17 10:45:00,63574.0,63573.0,63480.0,0.1481,0.1465,3.7553,-1.5,62527.8,65863.88,3.444,7,none
2026-08-17 10:51:12,2026-08-17 10:50:00,63582.0,63581.0,63480.0,0.1607,0.1591,3.7553,-1.5,62527.8,65863.88,3.448,7,none
2026-08-17 10:56:13,2026-08-17 10:55:00,63592.0,63563.0,63480.0,0.1764,0.1307,3.7553,-1.5,62527.8,65863.88,3.451,7,none
2026-08-17 11:01:12,2026-08-17 11:00:00,63622.0,63622.0,63480.0,0.2237,0.2237,3.7553,-1.5,62527.8,65863.88,3.455,7,none
2026-08-17 11:06:05,2026-08-17 11:05:00,63636.0,63621.0,63480.0,0.2457,0.2221,3.7553,-1.5,62527.8,65863.88,3.458,7,none
2026-08-17 11:11:19,2026-08-17 11:10:00,63612.0,63611.0,63480.0,0.2079,0.2064,3.7553,-1.5,62527.8,65863.88,3.462,7,none
2026-08-17 11:16:05,2026-08-17 11:15:00,63616.0,63610.0,63480.0,0.2142,0.2048,3.7553,-1.5,62527.8,65863.88,3.465,7,none
2026-08-17 11:21:06,2026-08-17 11:20:00,63641.0,63622.0,63480.0,0.2536,0.2237,3.7553,-1.5,62527.8,65863.88,3.469,7,none
2026-08-17 11:26:12,2026-08-17 11:25:00,63623.0,63623.0,63480.0,0.2253,0.2253,3.7553,-1.5,62527.8,65863.88,3.472,7,none
2026-08-17 11:31:12,2026-08-17 11:30:00,63624.0,63623.0,63480.0,0.2268,0.2253,3.7553,-1.5,62527.8,65863.88,3.476,7,none
2026-08-17 11:36:15,2026-08-17 11:35:00,63645.0,63645.0,63480.0,0.2599,0.2599,3.7553,-1.5,62527.8,65863.88,3.479,7,none
2026-08-17 11:41:11,2026-08-17 11:40:00,63664.0,63664.0,63480.0,0.2899,0.2899,3.7553,-1.5,62527.8,65863.88,3.483,7,none
2026-08-17 11:46:10,2026-08-17 11:45:00,63708.0,63665.0,63480.0,0.3592,0.2914,3.7553,-1.5,62527.8,65863.88,3.486,7,none
2026-08-17 11:51:07,2026-08-17 11:50:00,63660.0,63660.0,63480.0,0.2836,0.2836,3.7553,-1.5,62527.8,65863.88,3.489,7,none
2026-08-17 11:56:10,2026-08-17 11:55:00,63610.0,63604.0,63480.0,0.2048,0.1953,3.7553,-1.5,62527.8,65863.88,3.493,7,none
2026-08-17 12:01:20,2026-08-17 12:00:00,63582.0,63581.0,63480.0,0.1607,0.1591,3.7553,-1.5,62527.8,65863.88,3.497,7,none
2026-08-17 12:06:07,2026-08-17 12:05:00,63578.0,63578.0,63480.0,0.1544,0.1544,3.7553,-1.5,62527.8,65863.88,3.5,7,none
2026-08-17 12:11:11,2026-08-17 12:10:00,63600.0,63593.0,63480.0,0.189,0.178,3.7553,-1.5,62527.8,65863.88,3.503,7,none
2026-08-17 12:16:06,2026-08-17 12:15:00,63605.0,63605.0,63480.0,0.1969,0.1969,3.7553,-1.5,62527.8,65863.88,3.507,7,none
2026-08-17 12:19:53,2026-08-17 12:18:00,63571.0,63565.0,63480.0,0.1434,0.1339,3.7553,-1.5,62527.8,65863.88,3.509,7,none
2026-08-17 12:21:14,2026-08-17 12:20:00,63583.0,63571.0,63480.0,0.1623,0.1434,3.7553,-1.5,62527.8,65863.88,3.51,7,none
2026-08-17 12:26:06,2026-08-17 12:25:00,63576.0,63574.0,63480.0,0.1512,0.1481,3.7553,-1.5,62527.8,65863.88,3.514,7,none
2026-08-17 12:31:17,2026-08-17 12:30:00,63599.0,63543.0,63480.0,0.1875,0.0992,3.7553,-1.5,62527.8,65863.88,3.517,7,none
2026-08-17 12:36:11,2026-08-17 12:35:00,63583.0,63571.0,63480.0,0.1623,0.1434,3.7553,-1.5,62527.8,65863.88,3.521,7,none
2026-08-17 12:41:10,2026-08-17 12:40:00,63542.0,63495.0,63480.0,0.0977,0.0236,3.7553,-1.5,62527.8,65863.88,3.524,7,none
2026-08-17 12:46:09,2026-08-17 12:45:00,63576.0,63533.0,63480.0,0.1512,0.0835,3.7553,-1.5,62527.8,65863.88,3.528,7,none
2026-08-17 12:51:13,2026-08-17 12:50:00,63533.0,63532.0,63480.0,0.0835,0.0819,3.7553,-1.5,62527.8,65863.88,3.531,7,none
2026-08-17 12:56:13,2026-08-17 12:55:00,63537.0,63523.0,63480.0,0.0898,0.0677,3.7553,-1.5,62527.8,65863.88,3.535,7,none
2026-08-17 13:01:26,2026-08-17 13:00:00,63518.0,63518.0,63480.0,0.0599,0.0599,3.7553,-1.5,62527.8,65863.88,3.538,7,none
2026-08-17 13:06:10,2026-08-17 13:05:00,63493.0,63490.0,63480.0,0.0205,0.0158,3.7553,-1.5,62527.8,65863.88,3.542,7,none
2026-08-17 13:11:15,2026-08-17 13:10:00,63523.0,63518.0,63480.0,0.0677,0.0599,3.7553,-1.5,62527.8,65863.88,3.545,7,none
2026-08-17 13:16:12,2026-08-17 13:15:00,63498.0,63497.0,63480.0,0.0284,0.0268,3.7553,-1.5,62527.8,65863.88,3.548,7,none
2026-08-17 13:21:12,2026-08-17 13:20:00,63453.0,63452.0,63480.0,-0.0425,-0.0441,3.7553,-1.5,62527.8,65863.88,3.552,7,none
2026-08-17 13:26:04,2026-08-17 13:25:00,63438.0,63407.0,63480.0,-0.0662,-0.115,3.7553,-1.5,62527.8,65863.88,3.555,7,none
2026-08-17 13:31:14,2026-08-17 13:30:00,63453.0,63448.0,63480.0,-0.0425,-0.0504,3.7553,-1.5,62527.8,65863.88,3.559,7,none
2026-08-17 13:36:04,2026-08-17 13:35:00,63706.0,63660.0,63480.0,0.356,0.2836,3.7553,-1.5,62527.8,65863.88,3.562,7,none
2026-08-17 13:41:11,2026-08-17 13:40:00,63698.0,63672.0,63480.0,0.3434,0.3025,3.7553,-1.5,62527.8,65863.88,3.566,7,none
2026-08-17 13:46:08,2026-08-17 13:45:00,63623.0,63589.0,63480.0,0.2253,0.1717,3.7553,-1.5,62527.8,65863.88,3.569,7,none
2026-08-17 13:51:09,2026-08-17 13:50:00,63673.0,63672.0,63480.0,0.304,0.3025,3.7553,-1.5,62527.8,65863.88,3.573,7,none
2026-08-17 13:56:08,2026-08-17 13:55:00,63605.0,63578.0,63480.0,0.1969,0.1544,3.7553,-1.5,62527.8,65863.88,3.576,7,none
2026-08-17 14:01:14,2026-08-17 14:00:00,63617.0,63617.0,63480.0,0.2158,0.2158,3.7553,-1.5,62527.8,65863.88,3.58,7,none
2026-08-17 14:06:08,2026-08-17 14:05:00,63586.0,63580.0,63480.0,0.167,0.1575,3.7553,-1.5,62527.8,65863.88,3.583,7,none
2026-08-17 14:11:09,2026-08-17 14:10:00,63650.0,63611.0,63480.0,0.2678,0.2064,3.7553,-1.5,62527.8,65863.88,3.587,7,none
2026-08-17 14:16:11,2026-08-17 14:15:00,63705.0,63666.0,63480.0,0.3544,0.293,3.7553,-1.5,62527.8,65863.88,3.59,7,none
2026-08-17 14:17:18,2026-08-17 14:16:00,63668.0,63668.0,63480.0,0.2962,0.2962,3.7553,-1.5,62527.8,65863.88,3.591,7,none
2026-08-17 14:21:10,2026-08-17 14:20:00,63634.0,63633.0,63480.0,0.2426,0.241,3.7553,-1.5,62527.8,65863.88,3.594,7,none
2026-08-17 14:26:08,2026-08-17 14:25:00,63623.0,63622.0,63480.0,0.2253,0.2237,3.7553,-1.5,62527.8,65863.88,3.597,7,none
2026-08-17 14:31:15,2026-08-17 14:30:00,63560.0,63559.0,63480.0,0.126,0.1244,3.7553,-1.5,62527.8,65863.88,3.601,7,none
2026-08-17 14:36:04,2026-08-17 14:35:00,63593.0,63592.0,63480.0,0.178,0.1764,3.7553,-1.5,62527.8,65863.88,3.604,7,none
2026-08-17 14:41:12,2026-08-17 14:40:00,63595.0,63565.0,63480.0,0.1812,0.1339,3.7553,-1.5,62527.8,65863.88,3.608,7,none
2026-08-17 14:46:14,2026-08-17 14:45:00,63599.0,63592.0,63480.0,0.1875,0.1764,3.7553,-1.5,62527.8,65863.88,3.611,7,none
2026-08-17 14:51:17,2026-08-17 14:50:00,63723.0,63718.0,63480.0,0.3828,0.3749,3.7553,-1.5,62527.8,65863.88,3.615,7,none
2026-08-17 14:56:10,2026-08-17 14:55:00,63783.0,63729.0,63480.0,0.4773,0.3922,3.7553,-1.5,62527.8,65863.88,3.618,7,none
2026-08-17 15:06:03,2026-08-17 15:05:00,63927.0,63888.0,63480.0,0.7042,0.6427,3.7553,-1.5,62527.8,65863.88,3.625,7,none
2026-08-17 15:11:08,2026-08-17 15:10:00,63903.0,63889.0,63480.0,0.6664,0.6443,3.7553,-1.5,62527.8,65863.88,3.628,7,none
2026-08-17 15:15:30,2026-08-17 15:14:00,63830.0,63830.0,63480.0,0.5514,0.5514,3.7553,-1.5,62527.8,65863.88,3.631,7,none
2026-08-17 15:21:10,2026-08-17 15:20:00,63796.0,63775.0,63480.0,0.4978,0.4647,3.7553,-1.5,62527.8,65863.88,3.635,7,none
2026-08-17 15:36:09,2026-08-17 15:35:00,63999.0,63951.0,63480.0,0.8176,0.742,3.7553,-1.5,62527.8,65863.88,3.646,7,none
2026-08-17 15:41:12,2026-08-17 15:40:00,64017.0,64017.0,63480.0,0.8459,0.8459,3.7553,-1.5,62527.8,65863.88,3.649,7,none
2026-08-17 15:46:07,2026-08-17 15:45:00,64052.0,64051.0,63480.0,0.9011,0.8995,3.7553,-1.5,62527.8,65863.88,3.653,7,none
2026-08-17 15:51:07,2026-08-17 15:50:00,64141.0,64127.0,63480.0,1.0413,1.0192,3.7553,-1.5,62527.8,65863.88,3.656,7,none
2026-08-17 15:56:09,2026-08-17 15:55:00,64124.0,64120.0,63480.0,1.0145,1.0082,3.7553,-1.5,62527.8,65863.88,3.66,7,none
2026-08-17 16:01:20,2026-08-17 16:00:00,64136.0,64123.0,63480.0,1.0334,1.0129,3.7553,-1.5,62527.8,65863.88,3.663,7,none
2026-08-17 16:06:09,2026-08-17 16:05:00,64118.0,64110.0,63480.0,1.005,0.9924,3.7553,-1.5,62527.8,65863.88,3.667,7,none
2026-08-17 16:11:12,2026-08-17 16:10:00,64059.0,64058.0,63480.0,0.9121,0.9105,3.7553,-1.5,62527.8,65863.88,3.67,7,none
2026-08-17 16:14:11,2026-08-17 16:13:00,64046.0,64046.0,63480.0,0.8916,0.8916,3.7553,-1.5,62527.8,65863.88,3.672,7,none
2026-08-17 16:16:07,2026-08-17 16:15:00,64032.0,64029.0,63480.0,0.8696,0.8648,3.7553,-1.5,62527.8,65863.88,3.673,7,none
2026-08-17 16:21:22,2026-08-17 16:20:00,64037.0,64037.0,63480.0,0.8774,0.8774,3.7553,-1.5,62527.8,65863.88,3.677,7,none
2026-08-17 16:26:10,2026-08-17 16:25:00,64064.0,64044.0,63480.0,0.92,0.8885,3.7553,-1.5,62527.8,65863.88,3.68,7,none
2026-08-17 16:36:05,2026-08-17 16:35:00,64075.0,64075.0,63480.0,0.9373,0.9373,3.7553,-1.5,62527.8,65863.88,3.687,7,none
2026-08-17 16:41:08,2026-08-17 16:40:00,64115.0,64115.0,63480.0,1.0003,1.0003,3.7553,-1.5,62527.8,65863.88,3.691,7,none
2026-08-17 16:46:10,2026-08-17 16:45:00,64047.0,64040.0,63480.0,0.8932,0.8822,3.7553,-1.5,62527.8,65863.88,3.694,7,none
2026-08-17 16:51:07,2026-08-17 16:50:00,64067.0,64067.0,63480.0,0.9247,0.9247,3.7553,-1.5,62527.8,65863.88,3.698,7,none
2026-08-17 16:56:16,2026-08-17 16:55:00,64052.0,64041.0,63480.0,0.9011,0.8837,3.7553,-1.5,62527.8,65863.88,3.701,7,none
2026-08-17 17:01:22,2026-08-17 17:00:00,64081.0,64080.0,63480.0,0.9468,0.9452,3.7553,-1.5,62527.8,65863.88,3.705,7,none
2026-08-17 17:06:10,2026-08-17 17:05:00,64054.0,64042.0,63480.0,0.9042,0.8853,3.7553,-1.5,62527.8,65863.88,3.708,7,none
2026-08-17 17:11:16,2026-08-17 17:10:00,64035.0,64035.0,63480.0,0.8743,0.8743,3.7553,-1.5,62527.8,65863.88,3.712,7,none
2026-08-17 17:16:10,2026-08-17 17:15:00,63958.0,63939.0,63480.0,0.753,0.7231,3.7553,-1.5,62527.8,65863.88,3.715,7,none
2026-08-17 17:21:14,2026-08-17 17:20:00,64274.0,64218.0,63480.0,1.2508,1.1626,3.7553,-1.5,62527.8,65863.88,3.719,7,none
2026-08-17 17:31:17,2026-08-17 17:30:00,64173.0,64161.0,63480.0,1.0917,1.0728,3.7553,-1.5,62527.8,65863.88,3.726,7,none
2026-08-17 17:36:11,2026-08-17 17:35:00,64081.0,64080.0,63480.0,0.9468,0.9452,3.7553,-1.5,62527.8,65863.88,3.729,7,none
2026-08-17 17:41:15,2026-08-17 17:40:00,64207.0,64174.0,63480.0,1.1452,1.0933,3.7553,-1.5,62527.8,65863.88,3.733,7,none
2026-08-17 17:51:15,2026-08-17 17:50:00,64273.0,64255.0,63480.0,1.2492,1.2209,3.7553,-1.5,62527.8,65863.88,3.739,7,none
2026-08-17 17:56:10,2026-08-17 17:55:00,64292.0,64271.0,63480.0,1.2791,1.2461,3.7553,-1.5,62527.8,65863.88,3.743,7,none
2026-08-17 18:06:09,2026-08-17 18:05:00,64289.0,64285.0,63480.0,1.2744,1.2681,3.7553,-1.5,62527.8,65863.88,3.75,7,none
2026-08-17 18:11:13,2026-08-17 18:10:00,64281.0,64281.0,63480.0,1.2618,1.2618,3.7553,-1.5,62527.8,65863.88,3.753,7,none
2026-08-17 18:21:19,2026-08-17 18:20:00,64368.0,64360.0,63480.0,1.3989,1.3863,3.7553,-1.5,62527.8,65863.88,3.76,7,none
2026-08-17 18:26:11,2026-08-17 18:25:00,64514.0,64484.0,63480.0,1.6289,1.5816,3.7553,-1.5,62527.8,65863.88,3.764,7,none
2026-08-17 18:48:09,2026-08-17 18:47:00,64399.0,64395.0,63480.0,1.4477,1.4414,3.7553,-1.5,62527.8,65863.88,3.779,7,none
2026-08-17 18:51:09,2026-08-17 18:50:00,64439.0,64414.0,63480.0,1.5107,1.4713,3.7553,-1.5,62527.8,65863.88,3.781,7,none
2026-08-17 18:56:14,2026-08-17 18:55:00,64423.0,64399.0,63480.0,1.4855,1.4477,3.7553,-1.5,62527.8,65863.88,3.785,7,none
2026-08-17 19:01:24,2026-08-17 19:00:00,64353.0,64352.0,63480.0,1.3752,1.3737,3.7553,-1.5,62527.8,65863.88,3.788,7,none
2026-08-17 19:06:10,2026-08-17 19:05:00,64316.0,64298.0,63480.0,1.317,1.2886,3.7553,-1.5,62527.8,65863.88,3.792,7,none
2026-08-17 19:11:16,2026-08-17 19:10:00,64325.0,64325.0,63480.0,1.3311,1.3311,3.7553,-1.5,62527.8,65863.88,3.795,7,none
2026-08-17 19:16:07,2026-08-17 19:15:00,64331.0,64283.0,63480.0,1.3406,1.265,3.7553,-1.5,62527.8,65863.88,3.798,7,none
2026-08-17 19:19:57,2026-08-17 19:18:00,64317.0,64315.0,63480.0,1.3185,1.3154,3.7553,-1.5,62527.8,65863.88,3.801,7,none
2026-08-17 19:21:14,2026-08-17 19:20:00,64316.0,64294.0,63480.0,1.317,1.2823,3.7553,-1.5,62527.8,65863.88,3.802,7,none
2026-08-17 19:26:08,2026-08-17 19:25:00,64342.0,64302.0,63480.0,1.3579,1.2949,3.7553,-1.5,62527.8,65863.88,3.805,7,none
2026-08-17 19:31:19,2026-08-17 19:30:00,64336.0,64335.0,63480.0,1.3485,1.3469,3.7553,-1.5,62527.8,65863.88,3.809,7,none
2026-08-17 19:36:10,2026-08-17 19:35:00,64303.0,64302.0,63480.0,1.2965,1.2949,3.7553,-1.5,62527.8,65863.88,3.812,7,none
2026-08-17 19:41:14,2026-08-17 19:40:00,64380.0,64359.0,63480.0,1.4178,1.3847,3.7553,-1.5,62527.8,65863.88,3.816,7,none
2026-08-17 19:46:07,2026-08-17 19:45:00,64324.0,64324.0,63480.0,1.3296,1.3296,3.7553,-1.5,62527.8,65863.88,3.819,7,none
2026-08-17 19:51:14,2026-08-17 19:50:00,64316.0,64316.0,63480.0,1.317,1.317,3.7553,-1.5,62527.8,65863.88,3.823,7,none
2026-08-17 19:56:08,2026-08-17 19:55:00,64268.0,64267.0,63480.0,1.2413,1.2398,3.7553,-1.5,62527.8,65863.88,3.826,7,none
2026-08-17 20:01:23,2026-08-17 20:00:00,64239.0,64236.0,63480.0,1.1957,1.1909,3.7553,-1.5,62527.8,65863.88,3.83,7,none
2026-08-17 20:06:09,2026-08-17 20:05:00,64246.0,64245.0,63480.0,1.2067,1.2051,3.7553,-1.5,62527.8,65863.88,3.833,7,none
2026-08-17 20:11:11,2026-08-17 20:10:00,64257.0,64252.0,63480.0,1.224,1.2161,3.7553,-1.5,62527.8,65863.88,3.837,7,none
2026-08-17 20:14:08,2026-08-17 20:13:00,64265.0,64264.0,63480.0,1.2366,1.235,3.7553,-1.5,62527.8,65863.88,3.839,7,none
2026-08-17 20:16:06,2026-08-17 20:15:00,64263.0,64263.0,63480.0,1.2335,1.2335,3.7553,-1.5,62527.8,65863.88,3.84,7,none
2026-08-17 20:21:11,2026-08-17 20:20:00,64288.0,64264.0,63480.0,1.2728,1.235,3.7553,-1.5,62527.8,65863.88,3.844,7,none
2026-08-17 20:26:07,2026-08-17 20:25:00,64319.0,64318.0,63480.0,1.3217,1.3201,3.7553,-1.5,62527.8,65863.88,3.847,7,none
2026-08-17 20:31:15,2026-08-17 20:30:00,64343.0,64342.0,63480.0,1.3595,1.3579,3.7553,-1.5,62527.8,65863.88,3.851,7,none
2026-08-17 20:36:07,2026-08-17 20:35:00,64322.0,64321.0,63480.0,1.3264,1.3248,3.7553,-1.5,62527.8,65863.88,3.854,7,none
2026-08-17 20:41:09,2026-08-17 20:40:00,64345.0,64329.0,63480.0,1.3626,1.3374,3.7553,-1.5,62527.8,65863.88,3.857,7,none
2026-08-17 20:46:12,2026-08-17 20:45:00,64355.0,64340.0,63480.0,1.3784,1.3548,3.7553,-1.5,62527.8,65863.88,3.861,7,none
2026-08-17 20:51:16,2026-08-17 20:50:00,64290.0,64290.0,63480.0,1.276,1.276,3.7553,-1.5,62527.8,65863.88,3.865,7,none
2026-08-17 21:01:16,2026-08-17 21:00:00,64358.0,64355.0,63480.0,1.3831,1.3784,3.7553,-1.5,62527.8,65863.88,3.871,7,none
2026-08-17 21:06:08,2026-08-17 21:05:00,64364.0,64363.0,63480.0,1.3926,1.391,3.7553,-1.5,62527.8,65863.88,3.875,7,none
2026-08-17 21:11:08,2026-08-17 21:10:00,64394.0,64393.0,63480.0,1.4398,1.4382,3.7553,-1.5,62527.8,65863.88,3.878,7,none
2026-08-17 21:15:47,2026-08-17 21:14:00,64330.0,64326.0,63480.0,1.339,1.3327,3.7553,-1.5,62527.8,65863.88,3.882,7,none
2026-08-17 21:21:13,2026-08-17 21:20:00,64338.0,64335.0,63480.0,1.3516,1.3469,3.7553,-1.5,62527.8,65863.88,3.885,7,none
2026-08-17 21:26:06,2026-08-17 21:25:00,64290.0,64289.0,63480.0,1.276,1.2744,3.7553,-1.5,62527.8,65863.88,3.889,7,none
2026-08-17 21:31:15,2026-08-17 21:30:00,64286.0,64285.0,63480.0,1.2697,1.2681,3.7553,-1.5,62527.8,65863.88,3.892,7,none
2026-08-17 21:36:11,2026-08-17 21:35:00,64286.0,64285.0,63480.0,1.2697,1.2681,3.7553,-1.5,62527.8,65863.88,3.896,7,none
2026-08-17 21:41:04,2026-08-17 21:39:00,64302.0,64296.0,63480.0,1.2949,1.2854,3.7553,-1.5,62527.8,65863.88,3.899,7,none
2026-08-17 21:46:09,2026-08-17 21:45:00,64303.0,64302.0,63480.0,1.2965,1.2949,3.7553,-1.5,62527.8,65863.88,3.903,7,none
2026-08-17 21:51:13,2026-08-17 21:50:00,64327.0,64327.0,63480.0,1.3343,1.3343,3.7553,-1.5,62527.8,65863.88,3.906,7,none
2026-08-17 21:56:12,2026-08-17 21:55:00,64331.0,64330.0,63480.0,1.3406,1.339,3.7553,-1.5,62527.8,65863.88,3.91,7,none
2026-08-17 22:01:17,2026-08-17 22:00:00,64357.0,64341.0,63480.0,1.3815,1.3563,3.7553,-1.5,62527.8,65863.88,3.913,7,none
2026-08-17 22:06:10,2026-08-17 22:05:00,64313.0,64312.0,63480.0,1.3122,1.3106,3.7553,-1.5,62527.8,65863.88,3.917,7,none
2026-08-17 22:11:10,2026-08-17 22:10:00,64288.0,64282.0,63480.0,1.2728,1.2634,3.7553,-1.5,62527.8,65863.88,3.92,7,none
2026-08-17 22:12:38,2026-08-17 22:11:00,64281.0,64280.0,63480.0,1.2618,1.2602,3.7553,-1.5,62527.8,65863.88,3.921,7,none
2026-08-17 22:16:13,2026-08-17 22:15:00,64274.0,64273.0,63480.0,1.2508,1.2492,3.7553,-1.5,62527.8,65863.88,3.924,7,none
2026-08-17 22:21:10,2026-08-17 22:20:00,64252.0,64249.0,63480.0,1.2161,1.2114,3.7553,-1.5,62527.8,65863.88,3.927,7,none
2026-08-17 22:26:26,2026-08-17 22:25:00,64271.0,64271.0,63480.0,1.2461,1.2461,3.7553,-1.5,62527.8,65863.88,3.931,7,none
2026-08-17 22:31:24,2026-08-17 22:30:00,64248.0,64248.0,63480.0,1.2098,1.2098,3.7553,-1.5,62527.8,65863.88,3.934,7,none
2026-08-17 22:36:06,2026-08-17 22:35:00,64258.0,64238.0,63480.0,1.2256,1.1941,3.7553,-1.5,62527.8,65863.88,3.937,7,none
2026-08-17 22:41:18,2026-08-17 22:40:00,64273.0,64272.0,63480.0,1.2492,1.2476,3.7553,-1.5,62527.8,65863.88,3.941,7,none
2026-08-17 22:46:08,2026-08-17 22:45:00,64268.0,64267.0,63480.0,1.2413,1.2398,3.7553,-1.5,62527.8,65863.88,3.944,7,none
2026-08-17 22:51:11,2026-08-17 22:50:00,64265.0,64265.0,63480.0,1.2366,1.2366,3.7553,-1.5,62527.8,65863.88,3.948,7,none
2026-08-17 22:56:04,2026-08-17 22:55:00,64250.0,64249.0,63480.0,1.213,1.2114,3.7553,-1.5,62527.8,65863.88,3.951,7,none
2026-08-17 23:01:23,2026-08-17 23:00:00,64250.0,64249.0,63480.0,1.213,1.2114,3.7553,-1.5,62527.8,65863.88,3.955,7,none
2026-08-17 23:06:02,2026-08-17 23:04:00,64250.0,64249.0,63480.0,1.213,1.2114,3.7553,-1.5,62527.8,65863.88,3.958,7,none
2026-08-17 23:11:06,2026-08-17 23:10:00,64316.0,64316.0,63480.0,1.317,1.317,3.7553,-1.5,62527.8,65863.88,3.962,7,none
2026-08-17 23:12:39,2026-08-17 23:11:00,64311.0,64311.0,63480.0,1.3091,1.3091,3.7553,-1.5,62527.8,65863.88,3.963,7,none
2026-08-17 23:16:08,2026-08-17 23:15:00,64323.0,64322.0,63480.0,1.328,1.3264,3.7553,-1.5,62527.8,65863.88,3.965,7,none
2026-08-17 23:21:08,2026-08-17 23:20:00,64354.0,64353.0,63480.0,1.3768,1.3752,3.7553,-1.5,62527.8,65863.88,3.969,7,none
2026-08-17 23:26:15,2026-08-17 23:25:00,64397.0,64381.0,63480.0,1.4445,1.4193,3.7553,-1.5,62527.8,65863.88,3.972,7,none
2026-08-17 23:31:12,2026-08-17 23:30:00,64416.0,64416.0,63480.0,1.4745,1.4745,3.7553,-1.5,62527.8,65863.88,3.976,7,none
2026-08-17 23:36:03,2026-08-17 23:34:00,64520.0,64496.0,63480.0,1.6383,1.6005,3.7553,-1.5,62527.8,65863.88,3.979,7,none
2026-08-17 23:41:06,2026-08-17 23:40:00,64463.0,64462.0,63480.0,1.5485,1.5469,3.7553,-1.5,62527.8,65863.88,3.982,7,none
2026-08-17 23:46:07,2026-08-17 23:45:00,64442.0,64440.0,63480.0,1.5154,1.5123,3.7553,-1.5,62527.8,65863.88,3.986,7,none
2026-08-17 23:51:09,2026-08-17 23:50:00,64480.0,64479.0,63480.0,1.5753,1.5737,3.7553,-1.5,62527.8,65863.88,3.989,7,none
2026-08-17 23:56:02,2026-08-17 23:55:00,64458.0,64458.0,63480.0,1.5406,1.5406,3.7553,-1.5,62527.8,65863.88,3.993,7,none
2026-08-18 00:01:24,2026-08-18 00:00:00,64512.0,64493.0,63480.0,1.6257,1.5958,3.7553,-1.5,62527.8,65863.88,3.997,7,none
2026-08-18 00:06:27,2026-08-18 00:05:00,64440.0,64437.0,63480.0,1.5123,1.5076,3.7553,-1.5,62527.8,65863.88,4.0,7,none
2026-08-18 00:11:11,2026-08-18 00:10:00,64383.0,64383.0,63480.0,1.4225,1.4225,3.7553,-1.5,62527.8,65863.88,4.003,7,none
2026-08-18 00:16:06,2026-08-18 00:15:00,64431.0,64398.0,63480.0,1.4981,1.4461,3.7553,-1.5,62527.8,65863.88,4.007,7,none
2026-08-18 00:21:22,2026-08-18 00:20:00,64403.0,64398.0,63480.0,1.454,1.4461,3.7553,-1.5,62527.8,65863.88,4.01,7,none
2026-08-18 00:26:17,2026-08-18 00:25:00,64438.0,64438.0,63480.0,1.5091,1.5091,3.7553,-1.5,62527.8,65863.88,4.014,7,none
2026-08-18 00:31:20,2026-08-18 00:30:00,64418.0,64418.0,63480.0,1.4776,1.4776,3.7553,-1.5,62527.8,65863.88,4.017,7,none
2026-08-18 00:33:52,2026-08-18 00:32:00,64410.0,64408.0,63480.0,1.465,1.4619,3.7553,-1.5,62527.8,65863.88,4.019,7,none
2026-08-18 00:36:11,2026-08-18 00:35:00,64403.0,64403.0,63480.0,1.454,1.454,3.7553,-1.5,62527.8,65863.88,4.021,7,none
2026-08-18 00:41:15,2026-08-18 00:40:00,64335.0,64335.0,63480.0,1.3469,1.3469,3.7553,-1.5,62527.8,65863.88,4.024,7,none
2026-08-18 00:46:09,2026-08-18 00:45:00,64357.0,64356.0,63480.0,1.3815,1.38,3.7553,-1.5,62527.8,65863.88,4.028,7,none
2026-08-18 00:51:11,2026-08-18 00:50:00,64339.0,64334.0,63480.0,1.3532,1.3453,3.7553,-1.5,62527.8,65863.88,4.031,7,none
2026-08-18 00:56:16,2026-08-18 00:55:00,64320.0,64317.0,63480.0,1.3233,1.3185,3.7553,-1.5,62527.8,65863.88,4.035,7,none
2026-08-18 01:01:18,2026-08-18 01:00:00,64319.0,64314.0,63480.0,1.3217,1.3138,3.7553,-1.5,62527.8,65863.88,4.038,7,none
2026-08-18 01:06:04,2026-08-18 01:05:00,64301.0,64274.0,63480.0,1.2933,1.2508,3.7553,-1.5,62527.8,65863.88,4.041,7,none
2026-08-18 01:11:18,2026-08-18 01:10:00,64266.0,64260.0,63480.0,1.2382,1.2287,3.7553,-1.5,62527.8,65863.88,4.045,7,none
2026-08-18 01:16:08,2026-08-18 01:15:00,64321.0,64310.0,63480.0,1.3248,1.3075,3.7553,-1.5,62527.8,65863.88,4.048,7,none
2026-08-18 01:21:11,2026-08-18 01:20:00,64277.0,64269.0,63480.0,1.2555,1.2429,3.7553,-1.5,62527.8,65863.88,4.052,7,none
2026-08-18 01:26:07,2026-08-18 01:25:00,64277.0,64277.0,63480.0,1.2555,1.2555,3.7553,-1.5,62527.8,65863.88,4.055,7,none
2026-08-18 01:31:14,2026-08-18 01:30:00,64301.0,64289.0,63480.0,1.2933,1.2744,3.7553,-1.5,62527.8,65863.88,4.059,7,none
2026-08-18 01:36:10,2026-08-18 01:35:00,64300.0,64300.0,63480.0,1.2917,1.2917,3.7553,-1.5,62527.8,65863.88,4.062,7,none
2026-08-18 01:41:08,2026-08-18 01:40:00,64281.0,64281.0,63480.0,1.2618,1.2618,3.7553,-1.5,62527.8,65863.88,4.066,7,none
2026-08-18 01:46:08,2026-08-18 01:45:00,64233.0,64232.0,63480.0,1.1862,1.1846,3.7553,-1.5,62527.8,65863.88,4.069,7,none
2026-08-18 01:51:23,2026-08-18 01:50:00,64178.0,64173.0,63480.0,1.0996,1.0917,3.7553,-1.5,62527.8,65863.88,4.073,7,none
2026-08-18 01:56:05,2026-08-18 01:55:00,64133.0,64116.0,63480.0,1.0287,1.0019,3.7553,-1.5,62527.8,65863.88,4.076,7,none
2026-08-18 02:01:18,2026-08-18 02:00:00,64157.0,64153.0,63480.0,1.0665,1.0602,3.7553,-1.5,62527.8,65863.88,4.08,7,none
2026-08-18 02:06:06,2026-08-18 02:05:00,64238.0,64197.0,63480.0,1.1941,1.1295,3.7553,-1.5,62527.8,65863.88,4.083,7,none
2026-08-18 02:09:14,2026-08-18 02:08:00,64202.0,64201.0,63480.0,1.1374,1.1358,3.7553,-1.5,62527.8,65863.88,4.085,7,none
2026-08-18 02:11:12,2026-08-18 02:10:00,64187.0,64187.0,63480.0,1.1137,1.1137,3.7553,-1.5,62527.8,65863.88,4.087,7,none
2026-08-18 02:16:16,2026-08-18 02:15:00,64137.0,64137.0,63480.0,1.035,1.035,3.7553,-1.5,62527.8,65863.88,4.09,7,none
2026-08-18 02:21:13,2026-08-18 02:20:00,64156.0,64152.0,63480.0,1.0649,1.0586,3.7553,-1.5,62527.8,65863.88,4.094,7,none
2026-08-18 02:26:09,2026-08-18 02:25:00,64150.0,64149.0,63480.0,1.0555,1.0539,3.7553,-1.5,62527.8,65863.88,4.097,7,none
2026-08-18 02:31:18,2026-08-18 02:30:00,64109.0,64100.0,63480.0,0.9909,0.9767,3.7553,-1.5,62527.8,65863.88,4.101,7,none
2026-08-18 02:36:00,2026-08-18 02:34:00,64112.0,64111.0,63480.0,0.9956,0.994,3.7553,-1.5,62527.8,65863.88,4.104,7,none
2026-08-18 02:41:11,2026-08-18 02:40:00,64169.0,64168.0,63480.0,1.0854,1.0838,3.7553,-1.5,62527.8,65863.88,4.108,7,none
2026-08-18 02:46:17,2026-08-18 02:45:00,64070.0,64060.0,63480.0,0.9294,0.9137,3.7553,-1.5,62527.8,65863.88,4.111,7,none
2026-08-18 02:51:12,2026-08-18 02:50:00,64095.0,64086.0,63480.0,0.9688,0.9546,3.7553,-1.5,62527.8,65863.88,4.114,7,none
2026-08-18 02:56:11,2026-08-18 02:55:00,64034.0,64026.0,63480.0,0.8727,0.8601,3.7553,-1.5,62527.8,65863.88,4.118,7,none
2026-08-18 03:01:27,2026-08-18 03:00:00,64091.0,64063.0,63480.0,0.9625,0.9184,3.7553,-1.5,62527.8,65863.88,4.122,7,none
2026-08-18 03:06:10,2026-08-18 03:05:00,64085.0,64084.0,63480.0,0.9531,0.9515,3.7553,-1.5,62527.8,65863.88,4.125,7,none
2026-08-18 03:11:17,2026-08-18 03:10:00,64071.0,64071.0,63480.0,0.931,0.931,3.7553,-1.5,62527.8,65863.88,4.128,7,none
2026-08-18 03:16:08,2026-08-18 03:15:00,64076.0,64054.0,63480.0,0.9389,0.9042,3.7553,-1.5,62527.8,65863.88,4.132,7,none
2026-08-18 03:21:13,2026-08-18 03:20:00,64098.0,64098.0,63480.0,0.9735,0.9735,3.7553,-1.5,62527.8,65863.88,4.135,7,none
2026-08-18 03:26:13,2026-08-18 03:25:00,64076.0,64071.0,63480.0,0.9389,0.931,3.7553,-1.5,62527.8,65863.88,4.139,7,none
2026-08-18 03:31:17,2026-08-18 03:30:00,64045.0,64044.0,63480.0,0.89,0.8885,3.7553,-1.5,62527.8,65863.88,4.142,7,none
2026-08-18 03:35:23,2026-08-18 03:34:00,64026.0,64019.0,63480.0,0.8601,0.8491,3.7553,-1.5,62527.8,65863.88,4.145,7,none
2026-08-18 03:41:13,2026-08-18 03:40:00,64106.0,64101.0,63480.0,0.9861,0.9783,3.7553,-1.5,62527.8,65863.88,4.149,7,none
2026-08-18 03:46:10,2026-08-18 03:45:00,64129.0,64129.0,63480.0,1.0224,1.0224,3.7553,-1.5,62527.8,65863.88,4.153,7,none
2026-08-18 03:51:08,2026-08-18 03:50:00,64117.0,64111.0,63480.0,1.0035,0.994,3.7553,-1.5,62527.8,65863.88,4.156,7,none
2026-08-18 03:56:11,2026-08-18 03:55:00,64140.0,64132.0,63480.0,1.0397,1.0271,3.7553,-1.5,62527.8,65863.88,4.16,7,none
2026-08-18 04:01:25,2026-08-18 04:00:00,64102.0,64102.0,63480.0,0.9798,0.9798,3.7553,-1.5,62527.8,65863.88,4.163,7,none
2026-08-18 04:06:09,2026-08-18 04:05:00,64081.0,64075.0,63480.0,0.9468,0.9373,3.7553,-1.5,62527.8,65863.88,4.167,7,none
2026-08-18 04:11:10,2026-08-18 04:10:00,64087.0,64080.0,63480.0,0.9562,0.9452,3.7553,-1.5,62527.8,65863.88,4.17,7,none
2026-08-18 04:16:09,2026-08-18 04:15:00,64102.0,64101.0,63480.0,0.9798,0.9783,3.7553,-1.5,62527.8,65863.88,4.173,7,none
2026-08-18 04:21:15,2026-08-18 04:20:00,64102.0,64102.0,63480.0,0.9798,0.9798,3.7553,-1.5,62527.8,65863.88,4.177,7,none
2026-08-18 04:24:44,2026-08-18 04:23:00,64093.0,64086.0,63480.0,0.9657,0.9546,3.7553,-1.5,62527.8,65863.88,4.179,7,none
2026-08-18 04:26:10,2026-08-18 04:25:00,64094.0,64093.0,63480.0,0.9672,0.9657,3.7553,-1.5,62527.8,65863.88,4.18,7,none
2026-08-18 04:31:14,2026-08-18 04:30:00,64130.0,64119.0,63480.0,1.0239,1.0066,3.7553,-1.5,62527.8,65863.88,4.184,7,none
2026-08-18 04:36:09,2026-08-18 04:35:00,64197.0,64195.0,63480.0,1.1295,1.1263,3.7553,-1.5,62527.8,65863.88,4.187,7,none
2026-08-18 04:41:16,2026-08-18 04:40:00,64182.0,64169.0,63480.0,1.1059,1.0854,3.7553,-1.5,62527.8,65863.88,4.191,7,none
2026-08-18 04:46:14,2026-08-18 04:45:00,64191.0,64181.0,63480.0,1.12,1.1043,3.7553,-1.5,62527.8,65863.88,4.194,7,none
2026-08-18 04:51:11,2026-08-18 04:50:00,64169.0,64157.0,63480.0,1.0854,1.0665,3.7553,-1.5,62527.8,65863.88,4.198,7,none
2026-08-18 04:56:03,2026-08-18 04:55:00,64168.0,64168.0,63480.0,1.0838,1.0838,3.7553,-1.5,62527.8,65863.88,4.201,7,none
2026-08-18 05:01:22,2026-08-18 05:00:00,64181.0,64180.0,63480.0,1.1043,1.1027,3.7553,-1.5,62527.8,65863.88,4.205,7,none
2026-08-18 05:06:12,2026-08-18 05:05:00,64175.0,64174.0,63480.0,1.0948,1.0933,3.7553,-1.5,62527.8,65863.88,4.208,7,none
2026-08-18 05:11:20,2026-08-18 05:10:00,64241.0,64241.0,63480.0,1.1988,1.1988,3.7553,-1.5,62527.8,65863.88,4.212,7,none
2026-08-18 05:16:07,2026-08-18 05:15:00,64202.0,64199.0,63480.0,1.1374,1.1326,3.7553,-1.5,62527.8,65863.88,4.215,7,none
2026-08-18 05:19:17,2026-08-18 05:18:00,64181.0,64181.0,63480.0,1.1043,1.1043,3.7553,-1.5,62527.8,65863.88,4.217,7,none
2026-08-18 05:21:26,2026-08-18 05:20:00,64215.0,64198.0,63480.0,1.1578,1.1311,3.7553,-1.5,62527.8,65863.88,4.219,7,none
2026-08-18 05:26:06,2026-08-18 05:25:00,64184.0,64180.0,63480.0,1.109,1.1027,3.7553,-1.5,62527.8,65863.88,4.222,7,none
2026-08-18 05:31:18,2026-08-18 05:30:00,64184.0,64183.0,63480.0,1.109,1.1074,3.7553,-1.5,62527.8,65863.88,4.226,7,none
2026-08-18 05:36:05,2026-08-18 05:35:00,64157.0,64157.0,63480.0,1.0665,1.0665,3.7553,-1.5,62527.8,65863.88,4.229,7,none
2026-08-18 05:41:03,2026-08-18 05:39:00,64135.0,64130.0,63480.0,1.0318,1.0239,3.7553,-1.5,62527.8,65863.88,4.232,7,none
2026-08-18 05:46:10,2026-08-18 05:45:00,64185.0,64185.0,63480.0,1.1106,1.1106,3.7553,-1.5,62527.8,65863.88,4.236,7,none
2026-08-18 05:51:11,2026-08-18 05:50:00,64168.0,64167.0,63480.0,1.0838,1.0822,3.7553,-1.5,62527.8,65863.88,4.239,7,none
2026-08-18 05:56:03,2026-08-18 05:54:00,64190.0,64187.0,63480.0,1.1185,1.1137,3.7553,-1.5,62527.8,65863.88,4.243,7,none
2026-08-18 06:01:23,2026-08-18 06:00:00,64167.0,64162.0,63480.0,1.0822,1.0744,3.7553,-1.5,62527.8,65863.88,4.247,7,none
2026-08-18 06:06:08,2026-08-18 06:05:00,64153.0,64153.0,63480.0,1.0602,1.0602,3.7553,-1.5,62527.8,65863.88,4.25,7,none
2026-08-18 06:11:10,2026-08-18 06:10:00,64178.0,64149.0,63480.0,1.0996,1.0539,3.7553,-1.5,62527.8,65863.88,4.253,7,none
2026-08-18 06:16:03,2026-08-18 06:15:00,64196.0,64196.0,63480.0,1.1279,1.1279,3.7553,-1.5,62527.8,65863.88,4.257,7,none
2026-08-18 06:21:15,2026-08-18 06:20:00,64242.0,64239.0,63480.0,1.2004,1.1957,3.7553,-1.5,62527.8,65863.88,4.26,7,none
2026-08-18 06:23:18,2026-08-18 06:22:00,64268.0,64260.0,63480.0,1.2413,1.2287,3.7553,-1.5,62527.8,65863.88,4.262,7,none
2026-08-18 06:26:03,2026-08-18 06:25:00,64321.0,64308.0,63480.0,1.3248,1.3043,3.7553,-1.5,62527.8,65863.88,4.264,7,none
2026-08-18 06:31:13,2026-08-18 06:30:00,64362.0,64309.0,63480.0,1.3894,1.3059,3.7553,-1.5,62527.8,65863.88,4.267,7,none
2026-08-18 06:36:06,2026-08-18 06:35:00,64347.0,64344.0,63480.0,1.3658,1.3611,3.7553,-1.5,62527.8,65863.88,4.271,7,none
2026-08-18 06:41:20,2026-08-18 06:40:00,64385.0,64380.0,63480.0,1.4256,1.4178,3.7553,-1.5,62527.8,65863.88,4.274,7,none
2026-08-18 06:46:14,2026-08-18 06:45:00,64385.0,64384.0,63480.0,1.4256,1.4241,3.7553,-1.5,62527.8,65863.88,4.278,7,none
2026-08-18 06:51:17,2026-08-18 06:50:00,64280.0,64280.0,63480.0,1.2602,1.2602,3.7553,-1.5,62527.8,65863.88,4.281,7,none
2026-08-18 06:56:10,2026-08-18 06:55:00,64255.0,64254.0,63480.0,1.2209,1.2193,3.7553,-1.5,62527.8,65863.88,4.285,7,none
2026-08-18 07:01:19,2026-08-18 07:00:00,64285.0,64280.0,63480.0,1.2681,1.2602,3.7553,-1.5,62527.8,65863.88,4.288,7,none
2026-08-18 07:06:07,2026-08-18 07:05:00,64280.0,64263.0,63480.0,1.2602,1.2335,3.7553,-1.5,62527.8,65863.88,4.291,7,none
2026-08-18 07:11:05,2026-08-18 07:10:00,64315.0,64315.0,63480.0,1.3154,1.3154,3.7553,-1.5,62527.8,65863.88,4.295,7,none
2026-08-18 07:16:07,2026-08-18 07:15:00,64316.0,64307.0,63480.0,1.317,1.3028,3.7553,-1.5,62527.8,65863.88,4.298,7,none
2026-08-18 07:21:11,2026-08-18 07:20:00,64292.0,64291.0,63480.0,1.2791,1.2776,3.7553,-1.5,62527.8,65863.88,4.302,7,none
2026-08-18 07:26:13,2026-08-18 07:25:00,64280.0,64280.0,63480.0,1.2602,1.2602,3.7553,-1.5,62527.8,65863.88,4.305,7,none
2026-08-18 07:28:32,2026-08-18 07:27:00,64275.0,64274.0,63480.0,1.2524,1.2508,3.7553,-1.5,62527.8,65863.88,4.307,7,none
2026-08-18 07:31:12,2026-08-18 07:30:00,64243.0,64231.0,63480.0,1.202,1.183,3.7553,-1.5,62527.8,65863.88,4.309,7,none
2026-08-18 07:36:00,2026-08-18 07:35:00,64198.0,64197.0,63480.0,1.1311,1.1295,3.7553,-1.5,62527.8,65863.88,4.312,7,none
2026-08-18 07:41:04,2026-08-18 07:40:00,64217.0,64217.0,63480.0,1.161,1.161,3.7553,-1.5,62527.8,65863.88,4.316,7,none
2026-08-18 07:46:06,2026-08-18 07:45:00,64208.0,64207.0,63480.0,1.1468,1.1452,3.7553,-1.5,62527.8,65863.88,4.319,7,none
2026-08-18 07:51:11,2026-08-18 07:50:00,64133.0,64131.0,63480.0,1.0287,1.0255,3.7553,-1.5,62527.8,65863.88,4.323,7,none
2026-08-18 07:56:12,2026-08-18 07:55:00,64129.0,64129.0,63480.0,1.0224,1.0224,3.7553,-1.5,62527.8,65863.88,4.326,7,none
2026-08-18 08:01:25,2026-08-18 08:00:00,64163.0,64142.0,63480.0,1.0759,1.0428,3.7553,-1.5,62527.8,65863.88,4.33,7,none
2026-08-18 08:06:24,2026-08-18 08:05:00,64110.0,64108.0,63480.0,0.9924,0.9893,3.7553,-1.5,62527.8,65863.88,4.333,7,none
2026-08-18 08:11:11,2026-08-18 08:10:00,64076.0,64076.0,63480.0,0.9389,0.9389,3.7553,-1.5,62527.8,65863.88,4.337,7,none
2026-08-18 08:16:15,2026-08-18 08:15:00,64152.0,64120.0,63480.0,1.0586,1.0082,3.7553,-1.5,62527.8,65863.88,4.34,7,none
2026-08-18 08:21:15,2026-08-18 08:20:00,64202.0,64199.0,63480.0,1.1374,1.1326,3.7553,-1.5,62527.8,65863.88,4.344,7,none
2026-08-18 08:26:10,2026-08-18 08:25:00,64199.0,64176.0,63480.0,1.1326,1.0964,3.7553,-1.5,62527.8,65863.88,4.347,7,none
2026-08-18 08:31:15,2026-08-18 08:30:00,64175.0,64175.0,63480.0,1.0948,1.0948,3.7553,-1.5,62527.8,65863.88,4.351,7,none
2026-08-18 08:36:05,2026-08-18 08:35:00,64267.0,64208.0,63480.0,1.2398,1.1468,3.7553,-1.5,62527.8,65863.88,4.354,7,none
2026-08-18 08:41:10,2026-08-18 08:40:00,64263.0,64262.0,63480.0,1.2335,1.2319,3.7553,-1.5,62527.8,65863.88,4.357,7,none
2026-08-18 08:46:19,2026-08-18 08:45:00,64246.0,64245.0,63480.0,1.2067,1.2051,3.7553,-1.5,62527.8,65863.88,4.361,7,none
2026-08-18 08:51:06,2026-08-18 08:50:00,64227.0,64216.0,63480.0,1.1767,1.1594,3.7553,-1.5,62527.8,65863.88,4.364,7,none
2026-08-18 08:56:10,2026-08-18 08:55:00,64230.0,64228.0,63480.0,1.1815,1.1783,3.7553,-1.5,62527.8,65863.88,4.368,7,none
2026-08-18 09:01:21,2026-08-18 09:00:00,64233.0,64231.0,63480.0,1.1862,1.183,3.7553,-1.5,62527.8,65863.88,4.372,7,none
2026-08-18 09:06:12,2026-08-18 09:05:00,64199.0,64199.0,63480.0,1.1326,1.1326,3.7553,-1.5,62527.8,65863.88,4.375,7,none
2026-08-18 09:11:13,2026-08-18 09:10:00,64204.0,64200.0,63480.0,1.1405,1.1342,3.7553,-1.5,62527.8,65863.88,4.378,7,none
2026-08-18 09:16:09,2026-08-18 09:15:00,64206.0,64206.0,63480.0,1.1437,1.1437,3.7553,-1.5,62527.8,65863.88,4.382,7,none
2026-08-18 09:21:15,2026-08-18 09:20:00,64146.0,64145.0,63480.0,1.0491,1.0476,3.7553,-1.5,62527.8,65863.88,4.385,7,none
2026-08-18 09:26:07,2026-08-18 09:25:00,64119.0,64118.0,63480.0,1.0066,1.005,3.7553,-1.5,62527.8,65863.88,4.389,7,none
2026-08-18 09:31:14,2026-08-18 09:30:00,64111.0,64110.0,63480.0,0.994,0.9924,3.7553,-1.5,62527.8,65863.88,4.392,7,none
2026-08-18 09:36:09,2026-08-18 09:35:00,64151.0,64147.0,63480.0,1.057,1.0507,3.7553,-1.5,62527.8,65863.88,4.396,7,none
2026-08-18 09:41:21,2026-08-18 09:40:00,64141.0,64136.0,63480.0,1.0413,1.0334,3.7553,-1.5,62527.8,65863.88,4.399,7,none
2026-08-18 09:46:17,2026-08-18 09:45:00,64120.0,64119.0,63480.0,1.0082,1.0066,3.7553,-1.5,62527.8,65863.88,4.403,7,none
2026-08-18 09:51:08,2026-08-18 09:50:00,64112.0,64112.0,63480.0,0.9956,0.9956,3.7553,-1.5,62527.8,65863.88,4.406,7,none
2026-08-18 09:56:13,2026-08-18 09:55:00,64135.0,64134.0,63480.0,1.0318,1.0302,3.7553,-1.5,62527.8,65863.88,4.41,7,none
2026-08-18 10:01:23,2026-08-18 10:00:00,64130.0,64129.0,63480.0,1.0239,1.0224,3.7553,-1.5,62527.8,65863.88,4.413,7,none
2026-08-18 10:06:10,2026-08-18 10:05:00,64142.0,64141.0,63480.0,1.0428,1.0413,3.7553,-1.5,62527.8,65863.88,4.417,7,none
2026-08-18 10:11:10,2026-08-18 10:09:00,64120.0,64119.0,63480.0,1.0082,1.0066,3.7553,-1.5,62527.8,65863.88,4.42,7,none
2026-08-18 10:16:15,2026-08-18 10:15:00,64126.0,64124.0,63480.0,1.0176,1.0145,3.7553,-1.5,62527.8,65863.88,4.424,7,none
2026-08-18 10:21:13,2026-08-18 10:20:00,64127.0,64126.0,63480.0,1.0192,1.0176,3.7553,-1.5,62527.8,65863.88,4.427,7,none
2026-08-18 10:26:08,2026-08-18 10:25:00,64112.0,64109.0,63480.0,0.9956,0.9909,3.7553,-1.5,62527.8,65863.88,4.43,7,none
2026-08-18 10:31:10,2026-08-18 10:30:00,64138.0,64133.0,63480.0,1.0365,1.0287,3.7553,-1.5,62527.8,65863.88,4.434,7,none
2026-08-18 10:36:04,2026-08-18 10:35:00,64166.0,64161.0,63480.0,1.0807,1.0728,3.7553,-1.5,62527.8,65863.88,4.437,7,none
2026-08-18 10:41:09,2026-08-18 10:40:00,64166.0,64165.0,63480.0,1.0807,1.0791,3.7553,-1.5,62527.8,65863.88,4.441,7,none
2026-08-18 10:46:14,2026-08-18 10:45:00,64157.0,64157.0,63480.0,1.0665,1.0665,3.7553,-1.5,62527.8,65863.88,4.444,7,none
2026-08-18 10:51:23,2026-08-18 10:50:00,64174.0,64173.0,63480.0,1.0933,1.0917,3.7553,-1.5,62527.8,65863.88,4.448,7,none
2026-08-18 10:56:05,2026-08-18 10:54:00,64169.0,64163.0,63480.0,1.0854,1.0759,3.7553,-1.5,62527.8,65863.88,4.451,7,none
2026-08-18 11:01:25,2026-08-18 11:00:00,64169.0,64168.0,63480.0,1.0854,1.0838,3.7553,-1.5,62527.8,65863.88,4.455,7,none
2026-08-18 11:06:08,2026-08-18 11:05:00,64243.0,64242.0,63480.0,1.202,1.2004,3.7553,-1.5,62527.8,65863.88,4.458,7,none
2026-08-18 11:11:15,2026-08-18 11:10:00,64269.0,64249.0,63480.0,1.2429,1.2114,3.7553,-1.5,62527.8,65863.88,4.462,7,none
2026-08-18 11:15:01,2026-08-18 11:14:00,64292.0,64285.0,63480.0,1.2791,1.2681,3.7553,-1.5,62527.8,65863.88,4.464,7,none
2026-08-18 11:16:13,2026-08-18 11:15:00,64329.0,64292.0,63480.0,1.3374,1.2791,3.7553,-1.5,62527.8,65863.88,4.465,7,none
2026-08-18 11:21:13,2026-08-18 11:20:00,64303.0,64303.0,63480.0,1.2965,1.2965,3.7553,-1.5,62527.8,65863.88,4.469,7,none
2026-08-18 11:26:06,2026-08-18 11:25:00,64350.0,64343.0,63480.0,1.3705,1.3595,3.7553,-1.5,62527.8,65863.88,4.472,7,none
2026-08-18 11:31:15,2026-08-18 11:30:00,64316.0,64312.0,63480.0,1.317,1.3106,3.7553,-1.5,62527.8,65863.88,4.476,7,none
2026-08-18 11:36:15,2026-08-18 11:35:00,64347.0,64343.0,63480.0,1.3658,1.3595,3.7553,-1.5,62527.8,65863.88,4.479,7,none
2026-08-18 11:41:13,2026-08-18 11:40:00,64344.0,64342.0,63480.0,1.3611,1.3579,3.7553,-1.5,62527.8,65863.88,4.483,7,none
2026-08-18 11:46:07,2026-08-18 11:45:00,64370.0,64355.0,63480.0,1.402,1.3784,3.7553,-1.5,62527.8,65863.88,4.486,7,none
2026-08-18 11:51:06,2026-08-18 11:50:00,64328.0,64325.0,63480.0,1.3359,1.3311,3.7553,-1.5,62527.8,65863.88,4.489,7,none
2026-08-18 11:56:12,2026-08-18 11:55:00,64318.0,64315.0,63480.0,1.3201,1.3154,3.7553,-1.5,62527.8,65863.88,4.493,7,none
2026-08-18 12:01:17,2026-08-18 12:00:00,64306.0,64306.0,63480.0,1.3012,1.3012,3.7553,-1.5,62527.8,65863.88,4.496,7,none
2026-08-18 12:06:31,2026-08-18 12:05:00,64300.0,64299.0,63480.0,1.2917,1.2902,3.7553,-1.5,62527.8,65863.88,4.5,7,none
2026-08-18 12:11:14,2026-08-18 12:10:00,64244.0,64243.0,63480.0,1.2035,1.202,3.7553,-1.5,62527.8,65863.88,4.503,7,none
2026-08-18 12:16:04,2026-08-18 12:15:00,64253.0,64253.0,63480.0,1.2177,1.2177,3.7553,-1.5,62527.8,65863.88,4.507,7,none
2026-08-18 12:21:17,2026-08-18 12:20:00,64285.0,64252.0,63480.0,1.2681,1.2161,3.7553,-1.5,62527.8,65863.88,4.51,7,none
2026-08-18 12:26:05,2026-08-18 12:25:00,64267.0,64266.0,63480.0,1.2398,1.2382,3.7553,-1.5,62527.8,65863.88,4.514,7,none
2026-08-18 12:31:11,2026-08-18 12:30:00,64239.0,64239.0,63480.0,1.1957,1.1957,3.7553,-1.5,62527.8,65863.88,4.517,7,none
2026-08-18 12:36:05,2026-08-18 12:35:00,64269.0,64268.0,63480.0,1.2429,1.2413,3.7553,-1.5,62527.8,65863.88,4.521,7,none
2026-08-18 12:41:15,2026-08-18 12:40:00,64229.0,64228.0,63480.0,1.1799,1.1783,3.7553,-1.5,62527.8,65863.88,4.524,7,none
2026-08-18 12:46:09,2026-08-18 12:45:00,64212.0,64212.0,63480.0,1.1531,1.1531,3.7553,-1.5,62527.8,65863.88,4.528,7,none
2026-08-18 12:51:20,2026-08-18 12:50:00,64223.0,64214.0,63480.0,1.1704,1.1563,3.7553,-1.5,62527.8,65863.88,4.531,7,none
2026-08-18 12:56:14,2026-08-18 12:55:00,64208.0,64201.0,63480.0,1.1468,1.1358,3.7553,-1.5,62527.8,65863.88,4.535,7,none
2026-08-18 13:01:19,2026-08-18 13:00:00,64143.0,64141.0,63480.0,1.0444,1.0413,3.7553,-1.5,62527.8,65863.88,4.538,7,none
2026-08-18 13:06:14,2026-08-18 13:05:00,64150.0,64149.0,63480.0,1.0555,1.0539,3.7553,-1.5,62527.8,65863.88,4.542,7,none
2026-08-18 13:11:11,2026-08-18 13:10:00,64147.0,64120.0,63480.0,1.0507,1.0082,3.7553,-1.5,62527.8,65863.88,4.545,7,none
2026-08-18 13:16:16,2026-08-18 13:15:00,64151.0,64151.0,63480.0,1.057,1.057,3.7553,-1.5,62527.8,65863.88,4.549,7,none
2026-08-18 13:21:14,2026-08-18 13:20:00,64094.0,64080.0,63480.0,0.9672,0.9452,3.7553,-1.5,62527.8,65863.88,4.552,7,none
2026-08-18 13:26:07,2026-08-18 13:25:00,64074.0,64048.0,63480.0,0.9357,0.8948,3.7553,-1.5,62527.8,65863.88,4.555,7,none
2026-08-18 13:31:13,2026-08-18 13:30:00,64093.0,64033.0,63480.0,0.9657,0.8711,3.7553,-1.5,62527.8,65863.88,4.559,7,none
2026-08-18 13:34:48,2026-08-18 13:33:00,64062.0,64045.0,63480.0,0.9168,0.89,3.7553,-1.5,62527.8,65863.88,4.561,7,none
2026-08-18 13:36:11,2026-08-18 13:35:00,64026.0,64016.0,63480.0,0.8601,0.8444,3.7553,-1.5,62527.8,65863.88,4.562,7,none
2026-08-18 13:41:15,2026-08-18 13:40:00,64174.0,64167.0,63480.0,1.0933,1.0822,3.7553,-1.5,62527.8,65863.88,4.566,7,none
2026-08-18 13:46:16,2026-08-18 13:45:00,64185.0,64134.0,63480.0,1.1106,1.0302,3.7553,-1.5,62527.8,65863.88,4.569,7,none
2026-08-18 13:51:24,2026-08-18 13:50:00,64240.0,64204.0,63480.0,1.1972,1.1405,3.7553,-1.5,62527.8,65863.88,4.573,7,none
2026-08-18 13:56:18,2026-08-18 13:55:00,64118.0,64092.0,63480.0,1.005,0.9641,3.7553,-1.5,62527.8,65863.88,4.576,7,none
2026-08-18 14:01:39,2026-08-18 14:00:00,64220.0,64190.0,63480.0,1.1657,1.1185,3.7553,-1.5,62527.8,65863.88,4.58,7,none
2026-08-18 14:06:14,2026-08-18 14:05:00,64287.0,64287.0,63480.0,1.2713,1.2713,3.7553,-1.5,62527.8,65863.88,4.583,7,none
2026-08-18 14:11:10,2026-08-18 14:10:00,64246.0,64230.0,63480.0,1.2067,1.1815,3.7553,-1.5,62527.8,65863.88,4.587,7,none
2026-08-18 14:16:12,2026-08-18 14:15:00,64220.0,64217.0,63480.0,1.1657,1.161,3.7553,-1.5,62527.8,65863.88,4.59,7,none
2026-08-18 14:21:12,2026-08-18 14:20:00,64461.0,64428.0,63480.0,1.5454,1.4934,3.7553,-1.5,62527.8,65863.88,4.594,7,none
2026-08-18 14:26:16,2026-08-18 14:25:00,64735.0,64688.0,63480.0,1.977,1.903,3.7553,-1.5,62527.8,65863.88,4.597,7,none
2026-08-18 14:31:23,2026-08-18 14:30:00,64983.0,64950.0,63480.0,2.3677,2.3157,3.7553,-1.5,62527.8,65863.88,4.601,7,none
2026-08-18 14:36:10,2026-08-18 14:35:00,64795.0,64774.0,63480.0,2.0715,2.0384,3.7553,-1.5,62527.8,65863.88,4.604,7,none
2026-08-18 14:41:17,2026-08-18 14:40:00,64701.0,64701.0,63480.0,1.9234,1.9234,3.7553,-1.5,62527.8,65863.88,4.608,7,none
2026-08-18 14:46:10,2026-08-18 14:45:00,64758.0,64726.0,63480.0,2.0132,1.9628,3.7553,-1.5,62527.8,65863.88,4.611,7,none
2026-08-18 14:51:12,2026-08-18 14:50:00,64791.0,64762.0,63480.0,2.0652,2.0195,3.7553,-1.5,62527.8,65863.88,4.614,7,none
2026-08-18 14:56:10,2026-08-18 14:55:00,64697.0,64684.0,63480.0,1.9171,1.8967,3.7553,-1.5,62527.8,65863.88,4.618,7,none
2026-08-18 15:01:23,2026-08-18 15:00:00,64740.0,64684.0,63480.0,1.9849,1.8967,3.7553,-1.5,62527.8,65863.88,4.622,7,none
2026-08-18 15:06:07,2026-08-18 15:05:00,64762.0,64732.0,63480.0,2.0195,1.9723,3.7553,-1.5,62527.8,65863.88,4.625,7,none
2026-08-18 15:11:09,2026-08-18 15:10:00,64627.0,64620.0,63480.0,1.8069,1.7958,3.7553,-1.5,62527.8,65863.88,4.628,7,none
2026-08-18 15:16:12,2026-08-18 15:15:00,64730.0,64685.0,63480.0,1.9691,1.8982,3.7553,-1.5,62527.8,65863.88,4.632,7,none
2026-08-18 15:20:39,2026-08-18 15:19:00,64740.0,64735.0,63480.0,1.9849,1.977,3.7553,-1.5,62527.8,65863.88,4.635,7,none
2026-08-18 15:26:14,2026-08-18 15:25:00,64756.0,64718.0,63480.0,2.0101,1.9502,3.7553,-1.5,62527.8,65863.88,4.639,7,none
2026-08-18 15:31:23,2026-08-18 15:30:00,64788.0,64771.0,63480.0,2.0605,2.0337,3.7553,-1.5,62527.8,65863.88,4.642,7,none
2026-08-18 15:36:05,2026-08-18 15:35:00,64802.0,64801.0,63480.0,2.0825,2.081,3.7553,-1.5,62527.8,65863.88,4.646,7,none
2026-08-18 15:41:09,2026-08-18 15:40:00,64816.0,64799.0,63480.0,2.1046,2.0778,3.7553,-1.5,62527.8,65863.88,4.649,7,none
2026-08-18 15:46:11,2026-08-18 15:45:00,64799.0,64770.0,63480.0,2.0778,2.0321,3.7553,-1.5,62527.8,65863.88,4.653,7,none
2026-08-18 15:51:12,2026-08-18 15:50:00,64781.0,64779.0,63480.0,2.0495,2.0463,3.7553,-1.5,62527.8,65863.88,4.656,7,none
2026-08-18 15:56:08,2026-08-18 15:55:00,64823.0,64823.0,63480.0,2.1156,2.1156,3.7553,-1.5,62527.8,65863.88,4.66,7,none
2026-08-18 16:01:23,2026-08-18 16:00:00,64855.0,64821.0,63480.0,2.166,2.1125,3.7553,-1.5,62527.8,65863.88,4.663,7,none
2026-08-18 16:06:07,2026-08-18 16:05:00,64841.0,64819.0,63480.0,2.144,2.1093,3.7553,-1.5,62527.8,65863.88,4.666,7,none
2026-08-18 16:11:13,2026-08-18 16:10:00,64713.0,64702.0,63480.0,1.9423,1.925,3.7553,-1.5,62527.8,65863.88,4.67,7,none
2026-08-18 16:16:09,2026-08-18 16:15:00,64705.0,64705.0,63480.0,1.9297,1.9297,3.7553,-1.5,62527.8,65863.88,4.673,7,none
2026-08-18 16:18:42,2026-08-18 16:17:00,64689.0,64689.0,63480.0,1.9045,1.9045,3.7553,-1.5,62527.8,65863.88,4.675,7,none
2026-08-18 16:21:15,2026-08-18 16:20:00,64700.0,64700.0,63480.0,1.9219,1.9219,3.7553,-1.5,62527.8,65863.88,4.677,7,none
2026-08-18 16:26:19,2026-08-18 16:25:00,64690.0,64687.0,63480.0,1.9061,1.9014,3.7553,-1.5,62527.8,65863.88,4.681,7,none
2026-08-18 16:31:18,2026-08-18 16:30:00,64672.0,64656.0,63480.0,1.8778,1.8526,3.7553,-1.5,62527.8,65863.88,4.684,7,none
2026-08-18 16:36:06,2026-08-18 16:35:00,64710.0,64709.0,63480.0,1.9376,1.936,3.7553,-1.5,62527.8,65863.88,4.687,7,none
2026-08-18 16:41:08,2026-08-18 16:40:00,64772.0,64756.0,63480.0,2.0353,2.0101,3.7553,-1.5,62527.8,65863.88,4.691,7,none
2026-08-18 16:46:11,2026-08-18 16:45:00,64748.0,64748.0,63480.0,1.9975,1.9975,3.7553,-1.5,62527.8,65863.88,4.694,7,none
2026-08-18 16:51:16,2026-08-18 16:50:00,64778.0,64777.0,63480.0,2.0447,2.0432,3.7553,-1.5,62527.8,65863.88,4.698,7,none
2026-08-18 16:56:12,2026-08-18 16:55:00,64778.0,64770.0,63480.0,2.0447,2.0321,3.7553,-1.5,62527.8,65863.88,4.701,7,none
2026-08-18 17:01:19,2026-08-18 17:00:00,64767.0,64767.0,63480.0,2.0274,2.0274,3.7553,-1.5,62527.8,65863.88,4.705,7,none
2026-08-18 17:06:09,2026-08-18 17:05:00,64777.0,64777.0,63480.0,2.0432,2.0432,3.7553,-1.5,62527.8,65863.88,4.708,7,none
2026-08-18 17:11:06,2026-08-18 17:10:00,64747.0,64747.0,63480.0,1.9959,1.9959,3.7553,-1.5,62527.8,65863.88,4.712,7,none
2026-08-18 17:16:23,2026-08-18 17:15:00,64755.0,64752.0,63480.0,2.0085,2.0038,3.7553,-1.5,62527.8,65863.88,4.715,7,none
2026-08-18 17:18:02,2026-08-18 17:17:00,64740.0,64730.0,63480.0,1.9849,1.9691,3.7553,-1.5,62527.8,65863.88,4.716,7,none
2026-08-18 17:21:09,2026-08-18 17:20:00,64749.0,64749.0,63480.0,1.9991,1.9991,3.7553,-1.5,62527.8,65863.88,4.719,7,none
2026-08-18 17:26:11,2026-08-18 17:25:00,64765.0,64764.0,63480.0,2.0243,2.0227,3.7553,-1.5,62527.8,65863.88,4.722,7,none
2026-08-18 17:31:20,2026-08-18 17:30:00,64766.0,64766.0,63480.0,2.0258,2.0258,3.7553,-1.5,62527.8,65863.88,4.726,7,none
2026-08-18 17:36:08,2026-08-18 17:35:00,64704.0,64688.0,63480.0,1.9282,1.903,3.7553,-1.5,62527.8,65863.88,4.729,7,none
2026-08-18 17:41:07,2026-08-18 17:40:00,64717.0,64717.0,63480.0,1.9486,1.9486,3.7553,-1.5,62527.8,65863.88,4.732,7,none
2026-08-18 17:46:12,2026-08-18 17:45:00,64689.0,64689.0,63480.0,1.9045,1.9045,3.7553,-1.5,62527.8,65863.88,4.736,7,none
2026-08-18 17:51:11,2026-08-18 17:50:00,64659.0,64658.0,63480.0,1.8573,1.8557,3.7553,-1.5,62527.8,65863.88,4.739,7,none
2026-08-18 17:56:14,2026-08-18 17:55:00,64667.0,64667.0,63480.0,1.8699,1.8699,3.7553,-1.5,62527.8,65863.88,4.743,7,none
2026-08-18 18:01:17,2026-08-18 18:00:00,64632.0,64632.0,63480.0,1.8147,1.8147,3.7553,-1.5,62527.8,65863.88,4.746,7,none
2026-08-18 18:06:12,2026-08-18 18:05:00,64639.0,64639.0,63480.0,1.8258,1.8258,3.7553,-1.5,62527.8,65863.88,4.75,7,none
2026-08-18 18:11:26,2026-08-18 18:10:00,64677.0,64667.0,63480.0,1.8856,1.8699,3.7553,-1.5,62527.8,65863.88,4.754,7,none
2026-08-18 18:16:09,2026-08-18 18:15:00,64690.0,64689.0,63480.0,1.9061,1.9045,3.7553,-1.5,62527.8,65863.88,4.757,7,none
2026-08-18 18:20:50,2026-08-18 18:19:00,64730.0,64717.0,63480.0,1.9691,1.9486,3.7553,-1.5,62527.8,65863.88,4.76,7,none
2026-08-18 18:26:12,2026-08-18 18:25:00,64746.0,64746.0,63480.0,1.9943,1.9943,3.7553,-1.5,62527.8,65863.88,4.764,7,none
2026-08-18 18:31:19,2026-08-18 18:30:00,64773.0,64772.0,63480.0,2.0369,2.0353,3.7553,-1.5,62527.8,65863.88,4.767,7,none
2026-08-18 18:36:12,2026-08-18 18:35:00,64753.0,64752.0,63480.0,2.0054,2.0038,3.7553,-1.5,62527.8,65863.88,4.771,7,none
2026-08-18 18:41:20,2026-08-18 18:40:00,64762.0,64761.0,63480.0,2.0195,2.018,3.7553,-1.5,62527.8,65863.88,4.774,7,none
2026-08-18 18:46:13,2026-08-18 18:45:00,64749.0,64726.0,63480.0,1.9991,1.9628,3.7553,-1.5,62527.8,65863.88,4.778,7,none
2026-08-18 18:51:14,2026-08-18 18:50:00,64757.0,64751.0,63480.0,2.0117,2.0022,3.7553,-1.5,62527.8,65863.88,4.781,7,none
2026-08-18 18:56:12,2026-08-18 18:55:00,64734.0,64733.0,63480.0,1.9754,1.9739,3.7553,-1.5,62527.8,65863.88,4.785,7,none
2026-08-18 19:01:38,2026-08-18 19:00:00,64734.0,64733.0,63480.0,1.9754,1.9739,3.7553,-1.5,62527.8,65863.88,4.788,7,none
2026-08-18 19:06:16,2026-08-18 19:05:00,64708.0,64708.0,63480.0,1.9345,1.9345,3.7553,-1.5,62527.8,65863.88,4.792,7,none
2026-08-18 19:11:19,2026-08-18 19:10:00,64700.0,64692.0,63480.0,1.9219,1.9093,3.7553,-1.5,62527.8,65863.88,4.795,7,none
2026-08-18 19:16:10,2026-08-18 19:15:00,64681.0,64680.0,63480.0,1.8919,1.8904,3.7553,-1.5,62527.8,65863.88,4.798,7,none
2026-08-18 19:20:34,2026-08-18 19:19:00,64681.0,64681.0,63480.0,1.8919,1.8919,3.7553,-1.5,62527.8,65863.88,4.802,7,none
2026-08-18 19:26:07,2026-08-18 19:25:00,64717.0,64706.0,63480.0,1.9486,1.9313,3.7553,-1.5,62527.8,65863.88,4.805,7,none
2026-08-18 19:31:18,2026-08-18 19:30:00,64741.0,64739.0,63480.0,1.9865,1.9833,3.7553,-1.5,62527.8,65863.88,4.809,7,none
2026-08-18 19:36:05,2026-08-18 19:35:00,64709.0,64709.0,63480.0,1.936,1.936,3.7553,-1.5,62527.8,65863.88,4.812,7,none
2026-08-18 19:41:15,2026-08-18 19:40:00,64679.0,64678.0,63480.0,1.8888,1.8872,3.7553,-1.5,62527.8,65863.88,4.816,7,none
2026-08-18 19:46:14,2026-08-18 19:45:00,64654.0,64645.0,63480.0,1.8494,1.8352,3.7553,-1.5,62527.8,65863.88,4.819,7,none
2026-08-18 19:51:19,2026-08-18 19:50:00,64639.0,64638.0,63480.0,1.8258,1.8242,3.7553,-1.5,62527.8,65863.88,4.823,7,none
2026-08-18 19:56:11,2026-08-18 19:55:00,64620.0,64617.0,63480.0,1.7958,1.7911,3.7553,-1.5,62527.8,65863.88,4.826,7,none
2026-08-18 20:01:22,2026-08-18 20:00:00,64629.0,64620.0,63480.0,1.81,1.7958,3.7553,-1.5,62527.8,65863.88,4.83,7,none
2026-08-18 20:06:09,2026-08-18 20:05:00,64570.0,64570.0,63480.0,1.7171,1.7171,3.7553,-1.5,62527.8,65863.88,4.833,7,none
2026-08-18 20:11:03,2026-08-18 20:10:00,64621.0,64620.0,63480.0,1.7974,1.7958,3.7553,-1.5,62527.8,65863.88,4.837,7,none
2026-08-18 20:16:18,2026-08-18 20:15:00,64621.0,64620.0,63480.0,1.7974,1.7958,3.7553,-1.5,62527.8,65863.88,4.84,7,none
2026-08-18 20:21:14,2026-08-18 20:20:00,64596.0,64596.0,63480.0,1.758,1.758,3.7553,-1.5,62527.8,65863.88,4.844,7,none
2026-08-18 20:26:05,2026-08-18 20:25:00,64603.0,64603.0,63480.0,1.7691,1.7691,3.7553,-1.5,62527.8,65863.88,4.847,7,none
2026-08-18 20:31:20,2026-08-18 20:30:00,64586.0,64585.0,63480.0,1.7423,1.7407,3.7553,-1.5,62527.8,65863.88,4.851,7,none
2026-08-18 20:36:09,2026-08-18 20:35:00,64594.0,64594.0,63480.0,1.7549,1.7549,3.7553,-1.5,62527.8,65863.88,4.854,7,none
2026-08-18 20:41:10,2026-08-18 20:40:00,64598.0,64597.0,63480.0,1.7612,1.7596,3.7553,-1.5,62527.8,65863.88,4.857,7,none
2026-08-18 20:46:15,2026-08-18 20:45:00,64588.0,64587.0,63480.0,1.7454,1.7439,3.7553,-1.5,62527.8,65863.88,4.861,7,none
2026-08-18 20:51:10,2026-08-18 20:50:00,64554.0,64545.0,63480.0,1.6919,1.6777,3.7553,-1.5,62527.8,65863.88,4.864,7,none
2026-08-18 20:56:09,2026-08-18 20:55:00,64569.0,64560.0,63480.0,1.7155,1.7013,3.7553,-1.5,62527.8,65863.88,4.868,7,none
2026-08-18 21:01:17,2026-08-18 21:00:00,64554.0,64544.0,63480.0,1.6919,1.6761,3.7553,-1.5,62527.8,65863.88,4.871,7,none
2026-08-18 21:06:14,2026-08-18 21:05:00,64578.0,64569.0,63480.0,1.7297,1.7155,3.7553,-1.5,62527.8,65863.88,4.875,7,none
2026-08-18 21:11:36,2026-08-18 21:10:00,64603.0,64603.0,63480.0,1.7691,1.7691,3.7553,-1.5,62527.8,65863.88,4.879,7,none
2026-08-18 21:13:23,2026-08-18 21:12:00,64626.0,64614.0,63480.0,1.8053,1.7864,3.7553,-1.5,62527.8,65863.88,4.88,7,none
2026-08-18 21:16:16,2026-08-18 21:15:00,64596.0,64595.0,63480.0,1.758,1.7565,3.7553,-1.5,62527.8,65863.88,4.882,7,none
2026-08-18 21:21:15,2026-08-18 21:20:00,64580.0,64577.0,63480.0,1.7328,1.7281,3.7553,-1.5,62527.8,65863.88,4.885,7,none
2026-08-18 21:26:14,2026-08-18 21:25:00,64601.0,64588.0,63480.0,1.7659,1.7454,3.7553,-1.5,62527.8,65863.88,4.889,7,none
2026-08-18 21:31:14,2026-08-18 21:30:00,64601.0,64601.0,63480.0,1.7659,1.7659,3.7553,-1.5,62527.8,65863.88,4.892,7,none
2026-08-18 21:36:16,2026-08-18 21:35:00,64574.0,64573.0,63480.0,1.7234,1.7218,3.7553,-1.5,62527.8,65863.88,4.896,7,none
2026-08-18 21:41:13,2026-08-18 21:40:00,64556.0,64555.0,63480.0,1.695,1.6934,3.7553,-1.5,62527.8,65863.88,4.899,7,none
2026-08-18 21:46:12,2026-08-18 21:45:00,64576.0,64556.0,63480.0,1.7265,1.695,3.7553,-1.5,62527.8,65863.88,4.903,7,none
2026-08-18 21:51:22,2026-08-18 21:50:00,64580.0,64578.0,63480.0,1.7328,1.7297,3.7553,-1.5,62527.8,65863.88,4.906,7,none
2026-08-18 21:56:09,2026-08-18 21:55:00,64562.0,64561.0,63480.0,1.7045,1.7029,3.7553,-1.5,62527.8,65863.88,4.91,7,none
2026-08-18 22:01:21,2026-08-18 22:00:00,64571.0,64571.0,63480.0,1.7187,1.7187,3.7553,-1.5,62527.8,65863.88,4.913,7,none
2026-08-18 22:06:09,2026-08-18 22:05:00,64549.0,64545.0,63480.0,1.684,1.6777,3.7553,-1.5,62527.8,65863.88,4.917,7,none
2026-08-18 22:11:08,2026-08-18 22:10:00,64563.0,64561.0,63480.0,1.706,1.7029,3.7553,-1.5,62527.8,65863.88,4.92,7,none
2026-08-18 22:16:10,2026-08-18 22:15:00,64539.0,64539.0,63480.0,1.6682,1.6682,3.7553,-1.5,62527.8,65863.88,4.923,7,none
2026-08-18 22:21:09,2026-08-18 22:20:00,64560.0,64552.0,63480.0,1.7013,1.6887,3.7553,-1.5,62527.8,65863.88,4.927,7,none
2026-08-18 22:26:06,2026-08-18 22:25:00,64530.0,64529.0,63480.0,1.6541,1.6525,3.7553,-1.5,62527.8,65863.88,4.93,7,none
2026-08-18 22:31:14,2026-08-18 22:30:00,64564.0,64562.0,63480.0,1.7076,1.7045,3.7553,-1.5,62527.8,65863.88,4.934,7,none
2026-08-18 22:36:04,2026-08-18 22:35:00,64597.0,64579.0,63480.0,1.7596,1.7313,3.7553,-1.5,62527.8,65863.88,4.937,7,none
2026-08-18 22:41:08,2026-08-18 22:40:00,64612.0,64611.0,63480.0,1.7832,1.7817,3.7553,-1.5,62527.8,65863.88,4.941,7,none
2026-08-18 22:46:13,2026-08-18 22:45:00,64606.0,64605.0,63480.0,1.7738,1.7722,3.7553,-1.5,62527.8,65863.88,4.944,7,none
2026-08-18 22:51:16,2026-08-18 22:50:00,64594.0,64593.0,63480.0,1.7549,1.7533,3.7553,-1.5,62527.8,65863.88,4.948,7,none
2026-08-18 22:56:03,2026-08-18 22:55:00,64577.0,64576.0,63480.0,1.7281,1.7265,3.7553,-1.5,62527.8,65863.88,4.951,7,none
2026-08-18 23:01:21,2026-08-18 23:00:00,64606.0,64605.0,63480.0,1.7738,1.7722,3.7553,-1.5,62527.8,65863.88,4.955,7,none
2026-08-18 23:06:11,2026-08-18 23:05:00,64691.0,64665.0,63480.0,1.9077,1.8667,3.7553,-1.5,62527.8,65863.88,4.958,7,none
2026-08-18 23:11:13,2026-08-18 23:10:00,64653.0,64652.0,63480.0,1.8478,1.8463,3.7553,-1.5,62527.8,65863.88,4.962,7,none
2026-08-18 23:12:21,2026-08-18 23:11:00,64653.0,64652.0,63480.0,1.8478,1.8463,3.7553,-1.5,62527.8,65863.88,4.962,7,none
2026-08-18 23:16:14,2026-08-18 23:15:00,64673.0,64673.0,63480.0,1.8793,1.8793,3.7553,-1.5,62527.8,65863.88,4.965,7,none
2026-08-18 23:21:11,2026-08-18 23:20:00,64685.0,64684.0,63480.0,1.8982,1.8967,3.7553,-1.5,62527.8,65863.88,4.969,7,none
2026-08-18 23:26:04,2026-08-18 23:25:00,64712.0,64707.0,63480.0,1.9408,1.9329,3.7553,-1.5,62527.8,65863.88,4.972,7,none
2026-08-18 23:31:24,2026-08-18 23:30:00,64712.0,64711.0,63480.0,1.9408,1.9392,3.7553,-1.5,62527.8,65863.88,4.976,7,none
2026-08-18 23:36:08,2026-08-18 23:35:00,64737.0,64736.0,63480.0,1.9802,1.9786,3.7553,-1.5,62527.8,65863.88,4.979,7,none
2026-08-18 23:41:12,2026-08-18 23:40:00,64737.0,64737.0,63480.0,1.9802,1.9802,3.7553,-1.5,62527.8,65863.88,4.983,7,none
2026-08-18 23:46:12,2026-08-18 23:45:00,64725.0,64725.0,63480.0,1.9612,1.9612,3.7553,-1.5,62527.8,65863.88,4.986,7,none
2026-08-18 23:51:09,2026-08-18 23:50:00,64743.0,64737.0,63480.0,1.9896,1.9802,3.7553,-1.5,62527.8,65863.88,4.989,7,none
2026-08-18 23:56:10,2026-08-18 23:55:00,64707.0,64701.0,63480.0,1.9329,1.9234,3.7553,-1.5,62527.8,65863.88,4.993,7,none
2026-08-19 00:01:25,2026-08-19 00:00:00,64710.0,64696.0,63480.0,1.9376,1.9156,3.7553,-1.5,62527.8,65863.88,4.997,7,none
2026-08-19 00:06:24,2026-08-19 00:05:00,64590.0,64588.0,63480.0,1.7486,1.7454,3.7553,-1.5,62527.8,65863.88,5.0,7,none
2026-08-19 00:11:14,2026-08-19 00:10:00,64596.0,64596.0,63480.0,1.758,1.758,3.7553,-1.5,62527.8,65863.88,5.003,7,none
2026-08-19 00:16:13,2026-08-19 00:15:00,64517.0,64514.0,63480.0,1.6336,1.6289,3.7553,-1.5,62527.8,65863.88,5.007,7,none
2026-08-19 00:21:12,2026-08-19 00:20:00,64598.0,64560.0,63480.0,1.7612,1.7013,3.7553,-1.5,62527.8,65863.88,5.01,7,none
2026-08-19 00:26:09,2026-08-19 00:25:00,64548.0,64534.0,63480.0,1.6824,1.6604,3.7553,-1.5,62527.8,65863.88,5.014,7,none
2026-08-19 00:31:16,2026-08-19 00:30:00,64572.0,64571.0,63480.0,1.7202,1.7187,3.7553,-1.5,62527.8,65863.88,5.017,7,none
2026-08-19 00:34:24,2026-08-19 00:33:00,64610.0,64609.0,63480.0,1.7801,1.7785,3.7553,-1.5,62527.8,65863.88,5.019,7,none
2026-08-19 00:36:06,2026-08-19 00:35:00,64625.0,64613.0,63480.0,1.8037,1.7848,3.7553,-1.5,62527.8,65863.88,5.021,7,none
2026-08-19 00:41:14,2026-08-19 00:40:00,64589.0,64589.0,63480.0,1.747,1.747,3.7553,-1.5,62527.8,65863.88,5.024,7,none
2026-08-19 00:46:12,2026-08-19 00:45:00,64516.0,64515.0,63480.0,1.632,1.6304,3.7553,-1.5,62527.8,65863.88,5.028,7,none
2026-08-19 00:51:15,2026-08-19 00:50:00,64507.0,64481.0,63480.0,1.6178,1.5769,3.7553,-1.5,62527.8,65863.88,5.031,7,none
2026-08-19 00:56:02,2026-08-19 00:55:00,64496.0,64496.0,63480.0,1.6005,1.6005,3.7553,-1.5,62527.8,65863.88,5.034,7,none
2026-08-19 01:01:20,2026-08-19 01:00:00,64432.0,64423.0,63480.0,1.4997,1.4855,3.7553,-1.5,62527.8,65863.88,5.038,7,none
2026-08-19 01:06:13,2026-08-19 01:05:00,64400.0,64399.0,63480.0,1.4493,1.4477,3.7553,-1.5,62527.8,65863.88,5.042,7,none
2026-08-19 01:11:19,2026-08-19 01:10:00,64487.0,64487.0,63480.0,1.5863,1.5863,3.7553,-1.5,62527.8,65863.88,5.045,7,none
2026-08-19 01:16:11,2026-08-19 01:15:00,64486.0,64473.0,63480.0,1.5848,1.5643,3.7553,-1.5,62527.8,65863.88,5.048,7,none
2026-08-19 01:21:08,2026-08-19 01:20:00,64490.0,64477.0,63480.0,1.5911,1.5706,3.7553,-1.5,62527.8,65863.88,5.052,7,none
2026-08-19 01:26:05,2026-08-19 01:25:00,64420.0,64419.0,63480.0,1.4808,1.4792,3.7553,-1.5,62527.8,65863.88,5.055,7,none
2026-08-19 01:31:12,2026-08-19 01:30:00,64446.0,64445.0,63480.0,1.5217,1.5202,3.7553,-1.5,62527.8,65863.88,5.059,7,none
2026-08-19 01:35:59,2026-08-19 01:34:00,64437.0,64436.0,63480.0,1.5076,1.506,3.7553,-1.5,62527.8,65863.88,5.062,7,none
2026-08-19 01:41:09,2026-08-19 01:40:00,64428.0,64426.0,63480.0,1.4934,1.4902,3.7553,-1.5,62527.8,65863.88,5.066,7,none
2026-08-19 01:46:12,2026-08-19 01:45:00,64387.0,64386.0,63480.0,1.4288,1.4272,3.7553,-1.5,62527.8,65863.88,5.069,7,none
2026-08-19 01:51:06,2026-08-19 01:50:00,64379.0,64378.0,63480.0,1.4162,1.4146,3.7553,-1.5,62527.8,65863.88,5.073,7,none
2026-08-19 01:56:12,2026-08-19 01:55:00,64415.0,64391.0,63480.0,1.4729,1.4351,3.7553,-1.5,62527.8,65863.88,5.076,7,none
2026-08-19 02:01:14,2026-08-19 02:00:00,64351.0,64350.0,63480.0,1.3721,1.3705,3.7553,-1.5,62527.8,65863.88,5.08,7,none
2026-08-19 02:06:12,2026-08-19 02:05:00,64339.0,64335.0,63480.0,1.3532,1.3469,3.7553,-1.5,62527.8,65863.88,5.083,7,none
2026-08-19 02:11:17,2026-08-19 02:10:00,64335.0,64321.0,63480.0,1.3469,1.3248,3.7553,-1.5,62527.8,65863.88,5.087,7,none
2026-08-19 02:16:17,2026-08-19 02:15:00,64349.0,64348.0,63480.0,1.3689,1.3674,3.7553,-1.5,62527.8,65863.88,5.09,7,none
2026-08-19 02:21:11,2026-08-19 02:20:00,64322.0,64317.0,63480.0,1.3264,1.3185,3.7553,-1.5,62527.8,65863.88,5.094,7,none
2026-08-19 02:26:10,2026-08-19 02:25:00,64372.0,64354.0,63480.0,1.4052,1.3768,3.7553,-1.5,62527.8,65863.88,5.097,7,none
2026-08-19 02:31:21,2026-08-19 02:30:00,64372.0,64359.0,63480.0,1.4052,1.3847,3.7553,-1.5,62527.8,65863.88,5.101,7,none
2026-08-19 02:36:08,2026-08-19 02:35:00,64350.0,64348.0,63480.0,1.3705,1.3674,3.7553,-1.5,62527.8,65863.88,5.104,7,none
2026-08-19 02:41:11,2026-08-19 02:40:00,64372.0,64367.0,63480.0,1.4052,1.3973,3.7553,-1.5,62527.8,65863.88,5.108,7,none
2026-08-19 02:46:17,2026-08-19 02:45:00,64362.0,64355.0,63480.0,1.3894,1.3784,3.7553,-1.5,62527.8,65863.88,5.111,7,none
2026-08-19 02:51:13,2026-08-19 02:50:00,64342.0,64341.0,63480.0,1.3579,1.3563,3.7553,-1.5,62527.8,65863.88,5.114,7,none
2026-08-19 02:56:09,2026-08-19 02:55:00,64338.0,64310.0,63480.0,1.3516,1.3075,3.7553,-1.5,62527.8,65863.88,5.118,7,none
2026-08-19 03:01:30,2026-08-19 03:00:00,64316.0,64316.0,63480.0,1.317,1.317,3.7553,-1.5,62527.8,65863.88,5.122,7,none
2026-08-19 03:06:06,2026-08-19 03:05:00,64286.0,64286.0,63480.0,1.2697,1.2697,3.7553,-1.5,62527.8,65863.88,5.125,7,none
2026-08-19 03:11:12,2026-08-19 03:10:00,64239.0,64239.0,63480.0,1.1957,1.1957,3.7553,-1.5,62527.8,65863.88,5.128,7,none
2026-08-19 03:16:09,2026-08-19 03:15:00,64324.0,64317.0,63480.0,1.3296,1.3185,3.7553,-1.5,62527.8,65863.88,5.132,7,none
2026-08-19 03:21:11,2026-08-19 03:20:00,64384.0,64374.0,63480.0,1.4241,1.4083,3.7553,-1.5,62527.8,65863.88,5.135,7,none
2026-08-19 03:26:11,2026-08-19 03:25:00,64339.0,64338.0,63480.0,1.3532,1.3516,3.7553,-1.5,62527.8,65863.88,5.139,7,none
2026-08-19 03:31:10,2026-08-19 03:30:00,64331.0,64330.0,63480.0,1.3406,1.339,3.7553,-1.5,62527.8,65863.88,5.142,7,none
2026-08-19 03:36:06,2026-08-19 03:35:00,64329.0,64314.0,63480.0,1.3374,1.3138,3.7553,-1.5,62527.8,65863.88,5.146,7,none
2026-08-19 03:37:39,2026-08-19 03:36:00,64316.0,64315.0,63480.0,1.317,1.3154,3.7553,-1.5,62527.8,65863.88,5.147,7,none
2026-08-19 03:41:14,2026-08-19 03:40:00,64304.0,64300.0,63480.0,1.298,1.2917,3.7553,-1.5,62527.8,65863.88,5.149,7,none
2026-08-19 03:46:06,2026-08-19 03:45:00,64308.0,64308.0,63480.0,1.3043,1.3043,3.7553,-1.5,62527.8,65863.88,5.153,7,none
2026-08-19 03:51:06,2026-08-19 03:50:00,64341.0,64330.0,63480.0,1.3563,1.339,3.7553,-1.5,62527.8,65863.88,5.156,7,none
2026-08-19 03:56:07,2026-08-19 03:55:00,64305.0,64305.0,63480.0,1.2996,1.2996,3.7553,-1.5,62527.8,65863.88,5.16,7,none
2026-08-19 04:01:16,2026-08-19 04:00:00,64297.0,64296.0,63480.0,1.287,1.2854,3.7553,-1.5,62527.8,65863.88,5.163,7,none
2026-08-19 04:06:09,2026-08-19 04:05:00,64278.0,64274.0,63480.0,1.2571,1.2508,3.7553,-1.5,62527.8,65863.88,5.167,7,none
2026-08-19 04:11:15,2026-08-19 04:10:00,64291.0,64263.0,63480.0,1.2776,1.2335,3.7553,-1.5,62527.8,65863.88,5.17,7,none
2026-08-19 04:16:08,2026-08-19 04:15:00,64311.0,64285.0,63480.0,1.3091,1.2681,3.7553,-1.5,62527.8,65863.88,5.173,7,none
2026-08-19 04:21:12,2026-08-19 04:20:00,64352.0,64335.0,63480.0,1.3737,1.3469,3.7553,-1.5,62527.8,65863.88,5.177,7,none
2026-08-19 04:25:57,2026-08-19 04:24:00,64344.0,64343.0,63480.0,1.3611,1.3595,3.7553,-1.5,62527.8,65863.88,5.18,7,none
2026-08-19 04:31:13,2026-08-19 04:30:00,64315.0,64314.0,63480.0,1.3154,1.3138,3.7553,-1.5,62527.8,65863.88,5.184,7,none
2026-08-19 04:36:02,2026-08-19 04:35:00,64346.0,64330.0,63480.0,1.3642,1.339,3.7553,-1.5,62527.8,65863.88,5.187,7,none
2026-08-19 04:41:07,2026-08-19 04:40:00,64323.0,64322.0,63480.0,1.328,1.3264,3.7553,-1.5,62527.8,65863.88,5.191,7,none
2026-08-19 04:46:15,2026-08-19 04:45:00,64335.0,64319.0,63480.0,1.3469,1.3217,3.7553,-1.5,62527.8,65863.88,5.194,7,none
2026-08-19 04:51:14,2026-08-19 04:50:00,64310.0,64297.0,63480.0,1.3075,1.287,3.7553,-1.5,62527.8,65863.88,5.198,7,none
2026-08-19 04:56:08,2026-08-19 04:55:00,64276.0,64275.0,63480.0,1.2539,1.2524,3.7553,-1.5,62527.8,65863.88,5.201,7,none
2026-08-19 05:01:16,2026-08-19 05:00:00,64278.0,64278.0,63480.0,1.2571,1.2571,3.7553,-1.5,62527.8,65863.88,5.205,7,none
2026-08-19 05:06:03,2026-08-19 05:05:00,64341.0,64314.0,63480.0,1.3563,1.3138,3.7553,-1.5,62527.8,65863.88,5.208,7,none
2026-08-19 05:11:12,2026-08-19 05:10:00,64369.0,64352.0,63480.0,1.4004,1.3737,3.7553,-1.5,62527.8,65863.88,5.212,7,none
2026-08-19 05:16:06,2026-08-19 05:14:00,64380.0,64380.0,63480.0,1.4178,1.4178,3.7553,-1.5,62527.8,65863.88,5.215,7,none
2026-08-19 05:19:46,2026-08-19 05:18:00,64326.0,64326.0,63480.0,1.3327,1.3327,3.7553,-1.5,62527.8,65863.88,5.218,7,none
2026-08-19 05:21:15,2026-08-19 05:20:00,64312.0,64312.0,63480.0,1.3106,1.3106,3.7553,-1.5,62527.8,65863.88,5.219,7,none
2026-08-19 05:26:06,2026-08-19 05:24:00,64298.0,64296.0,63480.0,1.2886,1.2854,3.7553,-1.5,62527.8,65863.88,5.222,7,none
2026-08-19 05:31:16,2026-08-19 05:30:00,64321.0,64320.0,63480.0,1.3248,1.3233,3.7553,-1.5,62527.8,65863.88,5.226,7,none
2026-08-19 05:36:13,2026-08-19 05:35:00,64312.0,64312.0,63480.0,1.3106,1.3106,3.7553,-1.5,62527.8,65863.88,5.229,7,none
2026-08-19 05:41:16,2026-08-19 05:40:00,64304.0,64299.0,63480.0,1.298,1.2902,3.7553,-1.5,62527.8,65863.88,5.233,7,none
2026-08-19 05:46:10,2026-08-19 05:45:00,64281.0,64280.0,63480.0,1.2618,1.2602,3.7553,-1.5,62527.8,65863.88,5.236,7,none
2026-08-19 05:51:06,2026-08-19 05:50:00,64271.0,64270.0,63480.0,1.2461,1.2445,3.7553,-1.5,62527.8,65863.88,5.239,7,none
2026-08-19 05:56:05,2026-08-19 05:55:00,64221.0,64215.0,63480.0,1.1673,1.1578,3.7553,-1.5,62527.8,65863.88,5.243,7,none
2026-08-19 06:01:25,2026-08-19 06:00:00,64217.0,64203.0,63480.0,1.161,1.1389,3.7553,-1.5,62527.8,65863.88,5.247,7,none
2026-08-19 06:06:10,2026-08-19 06:05:00,64195.0,64180.0,63480.0,1.1263,1.1027,3.7553,-1.5,62527.8,65863.88,5.25,7,none
2026-08-19 06:11:13,2026-08-19 06:10:00,64151.0,64122.0,63480.0,1.057,1.0113,3.7553,-1.5,62527.8,65863.88,5.253,7,none
2026-08-19 06:16:13,2026-08-19 06:15:00,64182.0,64150.0,63480.0,1.1059,1.0555,3.7553,-1.5,62527.8,65863.88,5.257,7,none
2026-08-19 06:21:07,2026-08-19 06:20:00,64229.0,64215.0,63480.0,1.1799,1.1578,3.7553,-1.5,62527.8,65863.88,5.26,7,none
2026-08-19 06:24:04,2026-08-19 06:23:00,64247.0,64246.0,63480.0,1.2083,1.2067,3.7553,-1.5,62527.8,65863.88,5.262,7,none
2026-08-19 06:26:19,2026-08-19 06:25:00,64257.0,64251.0,63480.0,1.224,1.2146,3.7553,-1.5,62527.8,65863.88,5.264,7,none
2026-08-19 06:31:14,2026-08-19 06:30:00,64248.0,64239.0,63480.0,1.2098,1.1957,3.7553,-1.5,62527.8,65863.88,5.267,7,none
2026-08-19 06:36:02,2026-08-19 06:35:00,64240.0,64240.0,63480.0,1.1972,1.1972,3.7553,-1.5,62527.8,65863.88,5.271,7,none
2026-08-19 06:41:07,2026-08-19 06:40:00,64252.0,64251.0,63480.0,1.2161,1.2146,3.7553,-1.5,62527.8,65863.88,5.274,7,none
2026-08-19 06:46:11,2026-08-19 06:45:00,64250.0,64234.0,63480.0,1.213,1.1878,3.7553,-1.5,62527.8,65863.88,5.278,7,none
2026-08-19 06:51:14,2026-08-19 06:50:00,64270.0,64270.0,63480.0,1.2445,1.2445,3.7553,-1.5,62527.8,65863.88,5.281,7,none
2026-08-19 06:56:11,2026-08-19 06:55:00,64300.0,64285.0,63480.0,1.2917,1.2681,3.7553,-1.5,62527.8,65863.88,5.285,7,none
2026-08-19 07:01:37,2026-08-19 07:00:00,64295.0,64294.0,63480.0,1.2839,1.2823,3.7553,-1.5,62527.8,65863.88,5.288,7,none
2026-08-19 07:06:08,2026-08-19 07:05:00,64266.0,64247.0,63480.0,1.2382,1.2083,3.7553,-1.5,62527.8,65863.88,5.292,7,none
2026-08-19 07:11:09,2026-08-19 07:10:00,64290.0,64269.0,63480.0,1.276,1.2429,3.7553,-1.5,62527.8,65863.88,5.295,7,none
2026-08-19 07:16:17,2026-08-19 07:15:00,64325.0,64323.0,63480.0,1.3311,1.328,3.7553,-1.5,62527.8,65863.88,5.299,7,none
2026-08-19 07:21:12,2026-08-19 07:20:00,64297.0,64279.0,63480.0,1.287,1.2587,3.7553,-1.5,62527.8,65863.88,5.302,7,none
2026-08-19 07:26:10,2026-08-19 07:25:00,64331.0,64318.0,63480.0,1.3406,1.3201,3.7553,-1.5,62527.8,65863.88,5.305,7,none
2026-08-19 07:29:42,2026-08-19 07:28:00,64326.0,64325.0,63480.0,1.3327,1.3311,3.7553,-1.5,62527.8,65863.88,5.308,7,none
2026-08-19 07:31:10,2026-08-19 07:30:00,64314.0,64309.0,63480.0,1.3138,1.3059,3.7553,-1.5,62527.8,65863.88,5.309,7,none
2026-08-19 07:36:02,2026-08-19 07:35:00,64352.0,64351.0,63480.0,1.3737,1.3721,3.7553,-1.5,62527.8,65863.88,5.312,7,none
2026-08-19 07:41:11,2026-08-19 07:40:00,64369.0,64352.0,63480.0,1.4004,1.3737,3.7553,-1.5,62527.8,65863.88,5.316,7,none
2026-08-19 07:46:15,2026-08-19 07:45:00,64332.0,64331.0,63480.0,1.3422,1.3406,3.7553,-1.5,62527.8,65863.88,5.319,7,none
2026-08-19 07:51:11,2026-08-19 07:50:00,64332.0,64331.0,63480.0,1.3422,1.3406,3.7553,-1.5,62527.8,65863.88,5.323,7,none
2026-08-19 07:56:08,2026-08-19 07:55:00,64280.0,64279.0,63480.0,1.2602,1.2587,3.7553,-1.5,62527.8,65863.88,5.326,7,none
2026-08-19 08:01:17,2026-08-19 08:00:00,64264.0,64263.0,63480.0,1.235,1.2335,3.7553,-1.5,62527.8,65863.88,5.33,7,none
2026-08-19 08:06:03,2026-08-19 08:05:00,64283.0,64282.0,63480.0,1.265,1.2634,3.7553,-1.5,62527.8,65863.88,5.333,7,none
2026-08-19 08:11:10,2026-08-19 08:10:00,64261.0,64260.0,63480.0,1.2303,1.2287,3.7553,-1.5,62527.8,65863.88,5.337,7,none
2026-08-19 08:16:08,2026-08-19 08:15:00,64228.0,64223.0,63480.0,1.1783,1.1704,3.7553,-1.5,62527.8,65863.88,5.34,7,none
2026-08-19 08:21:03,2026-08-19 08:20:00,64258.0,64257.0,63480.0,1.2256,1.224,3.7553,-1.5,62527.8,65863.88,5.344,7,none
2026-08-19 08:22:55,2026-08-19 08:21:00,64243.0,64243.0,63480.0,1.202,1.202,3.7553,-1.5,62527.8,65863.88,5.345,7,none
2026-08-19 08:26:10,2026-08-19 08:25:00,64241.0,64239.0,63480.0,1.1988,1.1957,3.7553,-1.5,62527.8,65863.88,5.347,7,none
2026-08-19 08:31:15,2026-08-19 08:30:00,64269.0,64253.0,63480.0,1.2429,1.2177,3.7553,-1.5,62527.8,65863.88,5.351,7,none
2026-08-19 08:36:14,2026-08-19 08:35:00,64341.0,64341.0,63480.0,1.3563,1.3563,3.7553,-1.5,62527.8,65863.88,5.354,7,none
2026-08-19 08:41:16,2026-08-19 08:40:00,64430.0,64422.0,63480.0,1.4965,1.4839,3.7553,-1.5,62527.8,65863.88,5.358,7,none
2026-08-19 08:46:15,2026-08-19 08:45:00,64441.0,64423.0,63480.0,1.5139,1.4855,3.7553,-1.5,62527.8,65863.88,5.361,7,none
2026-08-19 08:51:11,2026-08-19 08:50:00,64430.0,64425.0,63480.0,1.4965,1.4887,3.7553,-1.5,62527.8,65863.88,5.364,7,none
2026-08-19 08:56:07,2026-08-19 08:55:00,64418.0,64417.0,63480.0,1.4776,1.4761,3.7553,-1.5,62527.8,65863.88,5.368,7,none
2026-08-19 09:01:15,2026-08-19 09:00:00,64394.0,64386.0,63480.0,1.4398,1.4272,3.7553,-1.5,62527.8,65863.88,5.371,7,none
2026-08-19 09:06:14,2026-08-19 09:05:00,64430.0,64430.0,63480.0,1.4965,1.4965,3.7553,-1.5,62527.8,65863.88,5.375,7,none
2026-08-19 09:11:08,2026-08-19 09:10:00,64393.0,64373.0,63480.0,1.4382,1.4067,3.7553,-1.5,62527.8,65863.88,5.378,7,none
2026-08-19 09:16:05,2026-08-19 09:15:00,64344.0,64343.0,63480.0,1.3611,1.3595,3.7553,-1.5,62527.8,65863.88,5.382,7,none
2026-08-19 09:21:14,2026-08-19 09:20:00,64371.0,64371.0,63480.0,1.4036,1.4036,3.7553,-1.5,62527.8,65863.88,5.385,7,none
2026-08-19 09:26:12,2026-08-19 09:25:00,64360.0,64360.0,63480.0,1.3863,1.3863,3.7553,-1.5,62527.8,65863.88,5.389,7,none
2026-08-19 09:31:17,2026-08-19 09:30:00,64348.0,64347.0,63480.0,1.3674,1.3658,3.7553,-1.5,62527.8,65863.88,5.392,7,none
2026-08-19 09:36:12,2026-08-19 09:35:00,64368.0,64367.0,63480.0,1.3989,1.3973,3.7553,-1.5,62527.8,65863.88,5.396,7,none
2026-08-19 09:41:10,2026-08-19 09:40:00,64347.0,64347.0,63480.0,1.3658,1.3658,3.7553,-1.5,62527.8,65863.88,5.399,7,none
2026-08-19 09:46:02,2026-08-19 09:44:00,64332.0,64326.0,63480.0,1.3422,1.3327,3.7553,-1.5,62527.8,65863.88,5.403,7,none
2026-08-19 09:51:16,2026-08-19 09:50:00,64347.0,64346.0,63480.0,1.3658,1.3642,3.7553,-1.5,62527.8,65863.88,5.406,7,none
2026-08-19 09:56:10,2026-08-19 09:55:00,64385.0,64384.0,63480.0,1.4256,1.4241,3.7553,-1.5,62527.8,65863.88,5.41,7,none
2026-08-19 10:01:26,2026-08-19 10:00:00,64398.0,64397.0,63480.0,1.4461,1.4445,3.7553,-1.5,62527.8,65863.88,5.413,7,none
2026-08-19 10:06:08,2026-08-19 10:05:00,64371.0,64368.0,63480.0,1.4036,1.3989,3.7553,-1.5,62527.8,65863.88,5.417,7,none
2026-08-19 10:11:12,2026-08-19 10:10:00,64346.0,64345.0,63480.0,1.3642,1.3626,3.7553,-1.5,62527.8,65863.88,5.42,7,none
2026-08-19 10:16:16,2026-08-19 10:15:00,64355.0,64354.0,63480.0,1.3784,1.3768,3.7553,-1.5,62527.8,65863.88,5.424,7,none
2026-08-19 10:17:40,2026-08-19 10:16:00,64354.0,64354.0,63480.0,1.3768,1.3768,3.7553,-1.5,62527.8,65863.88,5.425,7,none
2026-08-19 10:21:16,2026-08-19 10:20:00,64362.0,64359.0,63480.0,1.3894,1.3847,3.7553,-1.5,62527.8,65863.88,5.427,7,none
2026-08-19 10:26:07,2026-08-19 10:25:00,64351.0,64350.0,63480.0,1.3721,1.3705,3.7553,-1.5,62527.8,65863.88,5.43,7,none
2026-08-19 10:31:10,2026-08-19 10:30:00,64355.0,64355.0,63480.0,1.3784,1.3784,3.7553,-1.5,62527.8,65863.88,5.434,7,none
2026-08-19 10:36:03,2026-08-19 10:35:00,64373.0,64373.0,63480.0,1.4067,1.4067,3.7553,-1.5,62527.8,65863.88,5.437,7,none
2026-08-19 10:41:09,2026-08-19 10:40:00,64374.0,64373.0,63480.0,1.4083,1.4067,3.7553,-1.5,62527.8,65863.88,5.441,7,none
2026-08-19 10:46:11,2026-08-19 10:45:00,64377.0,64376.0,63480.0,1.413,1.4115,3.7553,-1.5,62527.8,65863.88,5.444,7,none
2026-08-19 10:51:09,2026-08-19 10:50:00,64386.0,64368.0,63480.0,1.4272,1.3989,3.7553,-1.5,62527.8,65863.88,5.448,7,none
2026-08-19 10:56:03,2026-08-19 10:55:00,64403.0,64377.0,63480.0,1.454,1.413,3.7553,-1.5,62527.8,65863.88,5.451,7,none
2026-08-19 11:01:24,2026-08-19 11:00:00,64421.0,64421.0,63480.0,1.4824,1.4824,3.7553,-1.5,62527.8,65863.88,5.455,7,none
2026-08-19 11:06:08,2026-08-19 11:05:00,64472.0,64457.0,63480.0,1.5627,1.5391,3.7553,-1.5,62527.8,65863.88,5.458,7,none
2026-08-19 11:11:07,2026-08-19 11:10:00,64489.0,64476.0,63480.0,1.5895,1.569,3.7553,-1.5,62527.8,65863.88,5.462,7,none
2026-08-19 11:15:05,2026-08-19 11:14:00,64475.0,64475.0,63480.0,1.5674,1.5674,3.7553,-1.5,62527.8,65863.88,5.464,7,none
2026-08-19 11:16:04,2026-08-19 11:15:00,64475.0,64475.0,63480.0,1.5674,1.5674,3.7553,-1.5,62527.8,65863.88,5.465,7,none
2026-08-19 11:21:11,2026-08-19 11:20:00,64480.0,64479.0,63480.0,1.5753,1.5737,3.7553,-1.5,62527.8,65863.88,5.469,7,none
2026-08-19 11:26:09,2026-08-19 11:25:00,64485.0,64484.0,63480.0,1.5832,1.5816,3.7553,-1.5,62527.8,65863.88,5.472,7,none
2026-08-19 11:31:28,2026-08-19 11:30:00,64477.0,64476.0,63480.0,1.5706,1.569,3.7553,-1.5,62527.8,65863.88,5.476,7,none
2026-08-19 11:36:14,2026-08-19 11:35:00,64474.0,64474.0,63480.0,1.5658,1.5658,3.7553,-1.5,62527.8,65863.88,5.479,7,none
2026-08-19 11:41:11,2026-08-19 11:40:00,64464.0,64464.0,63480.0,1.5501,1.5501,3.7553,-1.5,62527.8,65863.88,5.483,7,none
2026-08-19 11:46:04,2026-08-19 11:45:00,64455.0,64433.0,63480.0,1.5359,1.5013,3.7553,-1.5,62527.8,65863.88,5.486,7,none
2026-08-19 11:51:04,2026-08-19 11:50:00,64472.0,64468.0,63480.0,1.5627,1.5564,3.7553,-1.5,62527.8,65863.88,5.489,7,none
2026-08-19 11:56:01,2026-08-19 11:54:00,64476.0,64441.0,63480.0,1.569,1.5139,3.7553,-1.5,62527.8,65863.88,5.493,7,none
2026-08-19 12:01:18,2026-08-19 12:00:00,64459.0,64458.0,63480.0,1.5422,1.5406,3.7553,-1.5,62527.8,65863.88,5.496,7,none
2026-08-19 12:06:12,2026-08-19 12:05:00,64450.0,64450.0,63480.0,1.528,1.528,3.7553,-1.5,62527.8,65863.88,5.5,7,none
2026-08-19 12:11:10,2026-08-19 12:10:00,64475.0,64475.0,63480.0,1.5674,1.5674,3.7553,-1.5,62527.8,65863.88,5.503,7,none
2026-08-19 12:16:14,2026-08-19 12:15:00,64464.0,64463.0,63480.0,1.5501,1.5485,3.7553,-1.5,62527.8,65863.88,5.507,7,none
2026-08-19 12:21:10,2026-08-19 12:20:00,64462.0,64462.0,63480.0,1.5469,1.5469,3.7553,-1.5,62527.8,65863.88,5.51,7,none
2026-08-19 12:26:04,2026-08-19 12:24:00,64460.0,64460.0,63480.0,1.5438,1.5438,3.7553,-1.5,62527.8,65863.88,5.514,7,none
2026-08-19 12:31:19,2026-08-19 12:30:00,64452.0,64452.0,63480.0,1.5312,1.5312,3.7553,-1.5,62527.8,65863.88,5.517,7,none
2026-08-19 12:36:11,2026-08-19 12:35:00,64607.0,64546.0,63480.0,1.7754,1.6793,3.7553,-1.5,62527.8,65863.88,5.521,7,none
2026-08-19 12:41:11,2026-08-19 12:40:00,64700.0,64672.0,63480.0,1.9219,1.8778,3.7553,-1.5,62527.8,65863.88,5.524,7,none
2026-08-19 12:46:10,2026-08-19 12:45:00,64927.0,64870.0,63480.0,2.2795,2.1897,3.7553,-1.5,62527.8,65863.88,5.528,7,none
2026-08-19 12:51:13,2026-08-19 12:50:00,64911.0,64907.0,63480.0,2.2543,2.248,3.7553,-1.5,62527.8,65863.88,5.531,7,none
2026-08-19 12:56:22,2026-08-19 12:55:00,64805.0,64795.0,63480.0,2.0873,2.0715,3.7553,-1.5,62527.8,65863.88,5.535,7,none
2026-08-19 13:01:27,2026-08-19 13:00:00,64750.0,64746.0,63480.0,2.0006,1.9943,3.7553,-1.5,62527.8,65863.88,5.538,7,none
2026-08-19 13:06:02,2026-08-19 13:05:00,64760.0,64760.0,63480.0,2.0164,2.0164,3.7553,-1.5,62527.8,65863.88,5.541,7,none
2026-08-19 13:11:10,2026-08-19 13:10:00,64859.0,64834.0,63480.0,2.1723,2.133,3.7553,-1.5,62527.8,65863.88,5.545,7,none
2026-08-19 13:16:13,2026-08-19 13:15:00,64899.0,64881.0,63480.0,2.2353,2.207,3.7553,-1.5,62527.8,65863.88,5.549,7,none
2026-08-19 13:21:05,2026-08-19 13:20:00,64940.0,64928.0,63480.0,2.2999,2.281,3.7553,-1.5,62527.8,65863.88,5.552,7,none
2026-08-19 13:26:14,2026-08-19 13:25:00,64899.0,64891.0,63480.0,2.2353,2.2227,3.7553,-1.5,62527.8,65863.88,5.555,7,none
2026-08-19 13:31:29,2026-08-19 13:30:00,65059.0,64940.0,63480.0,2.4874,2.2999,3.7553,-1.5,62527.8,65863.88,5.559,7,none
2026-08-19 13:36:06,2026-08-19 13:35:00,65049.0,65028.0,63480.0,2.4716,2.4386,3.7553,-1.5,62527.8,65863.88,5.562,7,none
2026-08-19 13:41:07,2026-08-19 13:40:00,64819.0,64780.0,63480.0,2.1093,2.0479,3.7553,-1.5,62527.8,65863.88,5.566,7,none
2026-08-19 13:46:08,2026-08-19 13:45:00,64986.0,64973.0,63480.0,2.3724,2.3519,3.7553,-1.5,62527.8,65863.88,5.569,7,none
2026-08-19 13:51:12,2026-08-19 13:50:00,65052.0,65012.0,63480.0,2.4764,2.4134,3.7553,-1.5,62527.8,65863.88,5.573,7,none
2026-08-19 13:56:13,2026-08-19 13:55:00,65012.0,64966.0,63480.0,2.4134,2.3409,3.7553,-1.5,62527.8,65863.88,5.576,7,none
2026-08-19 14:01:27,2026-08-19 14:00:00,65005.0,64979.0,63480.0,2.4023,2.3614,3.7553,-1.5,62527.8,65863.88,5.58,7,none
2026-08-19 14:06:24,2026-08-19 14:05:00,65208.0,65101.0,63480.0,2.7221,2.5536,3.7553,-1.5,62527.8,65863.88,5.583,7,none
2026-08-19 14:11:13,2026-08-19 14:10:00,65366.0,65336.0,63480.0,2.971,2.9238,3.7553,-1.5,62527.8,65863.88,5.587,7,none
2026-08-19 14:16:06,2026-08-19 14:15:00,65375.0,65352.0,63480.0,2.9852,2.949,3.7553,-1.5,62527.8,65863.88,5.59,7,none
2026-08-19 14:21:14,2026-08-19 14:20:00,65420.0,65392.0,63480.0,3.0561,3.012,3.7553,-1.5,62527.8,65863.88,5.594,7,none
2026-08-19 14:22:39,2026-08-19 14:21:00,65386.0,65369.0,63480.0,3.0025,2.9757,3.7553,-1.5,62527.8,65863.88,5.595,7,none
2026-08-19 14:26:11,2026-08-19 14:25:00,65352.0,65350.0,63480.0,2.949,2.9458,3.7553,-1.5,62527.8,65863.88,5.597,7,none
2026-08-19 14:31:18,2026-08-19 14:30:00,65340.0,65335.0,63480.0,2.9301,2.9222,3.7553,-1.5,62527.8,65863.88,5.601,7,none
2026-08-19 14:36:09,2026-08-19 14:35:00,65382.0,65335.0,63480.0,2.9962,2.9222,3.7553,-1.5,62527.8,65863.88,5.604,7,none
2026-08-19 14:41:06,2026-08-19 14:40:00,65436.0,65436.0,63480.0,3.0813,3.0813,3.7553,-1.5,62527.8,65863.88,5.607,7,none
2026-08-19 14:46:16,2026-08-19 14:45:00,65444.0,65412.0,63480.0,3.0939,3.0435,3.7553,-1.5,62527.8,65863.88,5.611,7,none
2026-08-19 14:51:12,2026-08-19 14:50:00,65560.0,65496.0,63480.0,3.2766,3.1758,3.7553,-1.5,62527.8,65863.88,5.614,7,none
2026-08-19 14:56:16,2026-08-19 14:55:00,65781.0,65715.0,63480.0,3.6248,3.5208,3.7553,-1.5,62527.8,65863.88,5.618,7,none
2026-08-19 15:01:25,2026-08-19 15:00:00,65974.0,65892.0,63480.0,3.9288,3.7996,3.7553,-1.5,62527.8,65863.88,5.622,7,target_reached
2026-08-20 00:06:21,2026-08-20 00:05:00,69583.0,69482.0,69323.0,0.3751,0.2294,7.4651,-1.5,68283.15,74498.05,0.0,7,none
2026-08-20 00:11:05,2026-08-20 00:10:00,69643.0,69604.0,69323.0,0.4616,0.4053,7.4651,-1.5,68283.15,74498.05,0.003,7,none
2026-08-20 00:16:08,2026-08-20 00:15:00,69618.0,69545.0,69323.0,0.4255,0.3202,7.4651,-1.5,68283.15,74498.05,0.007,7,none
2026-08-20 00:21:14,2026-08-20 00:20:00,69742.0,69730.0,69323.0,0.6044,0.5871,7.4651,-1.5,68283.15,74498.05,0.01,7,none
2026-08-20 00:25:59,2026-08-20 00:24:00,69662.0,69657.0,69323.0,0.489,0.4818,7.4651,-1.5,68283.15,74498.05,0.014,7,none
2026-08-20 00:31:16,2026-08-20 00:30:00,69531.0,69531.0,69323.0,0.3,0.3,7.4651,-1.5,68283.15,74498.05,0.017,7,none
2026-08-20 00:34:09,2026-08-20 00:33:00,69552.0,69531.0,69323.0,0.3303,0.3,7.4651,-1.5,68283.15,74498.05,0.019,7,none
2026-08-20 00:36:02,2026-08-20 00:35:00,69515.0,69511.0,69323.0,0.277,0.2712,7.4651,-1.5,68283.15,74498.05,0.021,7,none
2026-08-20 00:41:12,2026-08-20 00:40:00,69560.0,69560.0,69323.0,0.3419,0.3419,7.4651,-1.5,68283.15,74498.05,0.024,7,none
2026-08-20 00:46:03,2026-08-20 00:45:00,69612.0,69547.0,69323.0,0.4169,0.3231,7.4651,-1.5,68283.15,74498.05,0.028,7,none
2026-08-20 00:51:04,2026-08-20 00:50:00,69634.0,69629.0,69323.0,0.4486,0.4414,7.4651,-1.5,68283.15,74498.05,0.031,7,none
2026-08-20 00:56:14,2026-08-20 00:55:00,69464.0,69460.0,69323.0,0.2034,0.1976,7.4651,-1.5,68283.15,74498.05,0.035,7,none
2026-08-20 01:01:22,2026-08-20 01:00:00,69463.0,69360.0,69323.0,0.202,0.0534,7.4651,-1.5,68283.15,74498.05,0.038,7,none
2026-08-20 01:06:08,2026-08-20 01:05:00,69371.0,69371.0,69323.0,0.0692,0.0692,7.4651,-1.5,68283.15,74498.05,0.042,7,none
2026-08-20 01:11:06,2026-08-20 01:10:00,69283.0,69283.0,69323.0,-0.0577,-0.0577,7.4651,-1.5,68283.15,74498.05,0.045,7,none
2026-08-20 01:16:05,2026-08-20 01:15:00,69358.0,69349.0,69323.0,0.0505,0.0375,7.4651,-1.5,68283.15,74498.05,0.049,7,none
2026-08-20 01:21:13,2026-08-20 01:20:00,69403.0,69380.0,69323.0,0.1154,0.0822,7.4651,-1.5,68283.15,74498.05,0.052,7,none
2026-08-20 01:26:01,2026-08-20 01:25:00,69331.0,69320.0,69323.0,0.0115,-0.0043,7.4651,-1.5,68283.15,74498.05,0.055,7,none
2026-08-20 01:31:22,2026-08-20 01:30:00,69303.0,69282.0,69323.0,-0.0289,-0.0591,7.4651,-1.5,68283.15,74498.05,0.059,7,none
2026-08-20 01:36:03,2026-08-20 01:35:00,69522.0,69519.0,69323.0,0.2871,0.2827,7.4651,-1.5,68283.15,74498.05,0.062,7,none
2026-08-20 01:41:14,2026-08-20 01:40:00,69601.0,69565.0,69323.0,0.401,0.3491,7.4651,-1.5,68283.15,74498.05,0.066,7,none
2026-08-20 01:46:11,2026-08-20 01:45:00,69645.0,69625.0,69323.0,0.4645,0.4356,7.4651,-1.5,68283.15,74498.05,0.069,7,none
2026-08-20 01:51:04,2026-08-20 01:50:00,69830.0,69800.0,69323.0,0.7314,0.6881,7.4651,-1.5,68283.15,74498.05,0.073,7,none
2026-08-20 01:56:08,2026-08-20 01:55:00,69672.0,69671.0,69323.0,0.5034,0.502,7.4651,-1.5,68283.15,74498.05,0.076,7,none
2026-08-20 02:01:21,2026-08-20 02:00:00,69705.0,69700.0,69323.0,0.551,0.5438,7.4651,-1.5,68283.15,74498.05,0.08,7,none
2026-08-20 02:06:06,2026-08-20 02:05:00,69695.0,69695.0,69323.0,0.5366,0.5366,7.4651,-1.5,68283.15,74498.05,0.083,7,none
2026-08-20 02:10:37,2026-08-20 02:09:00,69650.0,69645.0,69323.0,0.4717,0.4645,7.4651,-1.5,68283.15,74498.05,0.086,7,none
2026-08-20 02:16:02,2026-08-20 02:15:00,69670.0,69662.0,69323.0,0.5006,0.489,7.4651,-1.5,68283.15,74498.05,0.09,7,none
2026-08-20 02:21:12,2026-08-20 02:20:00,69534.0,69533.0,69323.0,0.3044,0.3029,7.4651,-1.5,68283.15,74498.05,0.094,7,none
2026-08-20 02:26:00,2026-08-20 02:25:00,69494.0,69486.0,69323.0,0.2467,0.2351,7.4651,-1.5,68283.15,74498.05,0.097,7,none
2026-08-20 02:31:10,2026-08-20 02:30:00,69535.0,69477.0,69323.0,0.3058,0.2221,7.4651,-1.5,68283.15,74498.05,0.101,7,none
2026-08-20 02:36:09,2026-08-20 02:35:00,69393.0,69377.0,69323.0,0.101,0.0779,7.4651,-1.5,68283.15,74498.05,0.104,7,none
2026-08-20 02:41:08,2026-08-20 02:40:00,69343.0,69343.0,69323.0,0.0289,0.0289,7.4651,-1.5,68283.15,74498.05,0.108,7,none
2026-08-20 02:46:09,2026-08-20 02:45:00,69325.0,69305.0,69323.0,0.0029,-0.026,7.4651,-1.5,68283.15,74498.05,0.111,7,none
2026-08-20 02:51:08,2026-08-20 02:50:00,69257.0,69257.0,69323.0,-0.0952,-0.0952,7.4651,-1.5,68283.15,74498.05,0.115,7,none
2026-08-20 02:55:59,2026-08-20 02:54:00,69314.0,69267.0,69323.0,-0.013,-0.0808,7.4651,-1.5,68283.15,74498.05,0.118,7,none
2026-08-20 03:01:19,2026-08-20 03:00:00,69229.0,69189.0,69323.0,-0.1356,-0.1933,7.4651,-1.5,68283.15,74498.05,0.122,7,none
2026-08-20 03:06:05,2026-08-20 03:05:00,69185.0,69149.0,69323.0,-0.1991,-0.251,7.4651,-1.5,68283.15,74498.05,0.125,7,none
2026-08-20 03:11:13,2026-08-20 03:10:00,68972.0,68972.0,69323.0,-0.5063,-0.5063,7.4651,-1.5,68283.15,74498.05,0.129,7,none
2026-08-20 03:16:03,2026-08-20 03:15:00,69080.0,68980.0,69323.0,-0.3505,-0.4948,7.4651,-1.5,68283.15,74498.05,0.132,7,none
2026-08-20 03:21:05,2026-08-20 03:20:00,69155.0,69114.0,69323.0,-0.2423,-0.3015,7.4651,-1.5,68283.15,74498.05,0.135,7,none
2026-08-20 03:26:06,2026-08-20 03:25:00,68997.0,68995.0,69323.0,-0.4703,-0.4731,7.4651,-1.5,68283.15,74498.05,0.139,7,none
2026-08-20 03:31:17,2026-08-20 03:30:00,69001.0,68962.0,69323.0,-0.4645,-0.5208,7.4651,-1.5,68283.15,74498.05,0.142,7,none
2026-08-20 03:36:10,2026-08-20 03:35:00,69093.0,69067.0,69323.0,-0.3318,-0.3693,7.4651,-1.5,68283.15,74498.05,0.146,7,none
2026-08-20 03:37:30,2026-08-20 03:36:00,69097.0,69084.0,69323.0,-0.326,-0.3448,7.4651,-1.5,68283.15,74498.05,0.147,7,none
2026-08-20 03:41:14,2026-08-20 03:40:00,69082.0,69075.0,69323.0,-0.3476,-0.3577,7.4651,-1.5,68283.15,74498.05,0.149,7,none
2026-08-20 03:46:10,2026-08-20 03:45:00,69316.0,69188.0,69323.0,-0.0101,-0.1947,7.4651,-1.5,68283.15,74498.05,0.153,7,none
2026-08-20 03:51:05,2026-08-20 03:50:00,69190.0,69190.0,69323.0,-0.1919,-0.1919,7.4651,-1.5,68283.15,74498.05,0.156,7,none
2026-08-20 03:56:09,2026-08-20 03:55:00,69168.0,69157.0,69323.0,-0.2236,-0.2395,7.4651,-1.5,68283.15,74498.05,0.16,7,none
2026-08-20 04:01:14,2026-08-20 04:00:00,69188.0,69168.0,69323.0,-0.1947,-0.2236,7.4651,-1.5,68283.15,74498.05,0.163,7,none
2026-08-20 04:06:05,2026-08-20 04:05:00,69269.0,69257.0,69323.0,-0.0779,-0.0952,7.4651,-1.5,68283.15,74498.05,0.167,7,none
2026-08-20 04:11:05,2026-08-20 04:10:00,69381.0,69346.0,69323.0,0.0837,0.0332,7.4651,-1.5,68283.15,74498.05,0.17,7,none
2026-08-20 04:16:12,2026-08-20 04:15:00,69361.0,69356.0,69323.0,0.0548,0.0476,7.4651,-1.5,68283.15,74498.05,0.174,7,none
2026-08-20 04:21:13,2026-08-20 04:20:00,69343.0,69338.0,69323.0,0.0289,0.0216,7.4651,-1.5,68283.15,74498.05,0.177,7,none
2026-08-20 04:25:42,2026-08-20 04:24:00,69325.0,69311.0,69323.0,0.0029,-0.0173,7.4651,-1.5,68283.15,74498.05,0.18,7,none
2026-08-20 04:31:17,2026-08-20 04:30:00,69338.0,69315.0,69323.0,0.0216,-0.0115,7.4651,-1.5,68283.15,74498.05,0.184,7,none
2026-08-20 04:36:01,2026-08-20 04:35:00,69258.0,69235.0,69323.0,-0.0938,-0.1269,7.4651,-1.5,68283.15,74498.05,0.187,7,none
2026-08-20 04:41:09,2026-08-20 04:40:00,69313.0,69265.0,69323.0,-0.0144,-0.0837,7.4651,-1.5,68283.15,74498.05,0.191,7,none
2026-08-20 04:46:05,2026-08-20 04:45:00,69380.0,69332.0,69323.0,0.0822,0.013,7.4651,-1.5,68283.15,74498.05,0.194,7,none
2026-08-20 04:51:08,2026-08-20 04:50:00,69457.0,69374.0,69323.0,0.1933,0.0736,7.4651,-1.5,68283.15,74498.05,0.198,7,none
2026-08-20 04:56:04,2026-08-20 04:55:00,69487.0,69486.0,69323.0,0.2366,0.2351,7.4651,-1.5,68283.15,74498.05,0.201,7,none
2026-08-20 05:01:16,2026-08-20 05:00:00,69486.0,69485.0,69323.0,0.2351,0.2337,7.4651,-1.5,68283.15,74498.05,0.205,7,none
2026-08-20 05:06:06,2026-08-20 05:05:00,69485.0,69473.0,69323.0,0.2337,0.2164,7.4651,-1.5,68283.15,74498.05,0.208,7,none
2026-08-20 05:11:08,2026-08-20 05:10:00,69515.0,69501.0,69323.0,0.277,0.2568,7.4651,-1.5,68283.15,74498.05,0.212,7,none
2026-08-20 05:16:09,2026-08-20 05:15:00,69465.0,69445.0,69323.0,0.2048,0.176,7.4651,-1.5,68283.15,74498.05,0.215,7,none
2026-08-20 05:21:14,2026-08-20 05:20:00,69530.0,69530.0,69323.0,0.2986,0.2986,7.4651,-1.5,68283.15,74498.05,0.219,7,none
2026-08-20 05:26:03,2026-08-20 05:25:00,69641.0,69640.0,69323.0,0.4587,0.4573,7.4651,-1.5,68283.15,74498.05,0.222,7,none
2026-08-20 05:31:08,2026-08-20 05:30:00,69593.0,69562.0,69323.0,0.3895,0.3448,7.4651,-1.5,68283.15,74498.05,0.226,7,none
2026-08-20 05:36:13,2026-08-20 05:35:00,69622.0,69583.0,69323.0,0.4313,0.3751,7.4651,-1.5,68283.15,74498.05,0.229,7,none
2026-08-20 05:41:07,2026-08-20 05:40:00,69541.0,69521.0,69323.0,0.3145,0.2856,7.4651,-1.5,68283.15,74498.05,0.233,7,none
2026-08-20 05:46:08,2026-08-20 05:45:00,69534.0,69533.0,69323.0,0.3044,0.3029,7.4651,-1.5,68283.15,74498.05,0.236,7,none
2026-08-20 05:51:16,2026-08-20 05:50:00,69436.0,69385.0,69323.0,0.163,0.0894,7.4651,-1.5,68283.15,74498.05,0.24,7,none
2026-08-20 05:56:01,2026-08-20 05:55:00,69377.0,69365.0,69323.0,0.0779,0.0606,7.4651,-1.5,68283.15,74498.05,0.243,7,none
2026-08-20 06:01:22,2026-08-20 06:00:00,69399.0,69398.0,69323.0,0.1096,0.1082,7.4651,-1.5,68283.15,74498.05,0.247,7,none
2026-08-20 06:06:07,2026-08-20 06:05:00,69425.0,69370.0,69323.0,0.1471,0.0678,7.4651,-1.5,68283.15,74498.05,0.25,7,none
2026-08-20 06:11:17,2026-08-20 06:10:00,69373.0,69366.0,69323.0,0.0721,0.062,7.4651,-1.5,68283.15,74498.05,0.254,7,none
2026-08-20 06:16:14,2026-08-20 06:15:00,69369.0,69362.0,69323.0,0.0664,0.0563,7.4651,-1.5,68283.15,74498.05,0.257,7,none
2026-08-20 06:21:19,2026-08-20 06:20:00,69503.0,69466.0,69323.0,0.2597,0.2063,7.4651,-1.5,68283.15,74498.05,0.261,7,none
2026-08-20 06:24:49,2026-08-20 06:23:00,69643.0,69602.0,69323.0,0.4616,0.4025,7.4651,-1.5,68283.15,74498.05,0.263,7,none
2026-08-20 06:26:12,2026-08-20 06:25:00,69653.0,69638.0,69323.0,0.476,0.4544,7.4651,-1.5,68283.15,74498.05,0.264,7,none
2026-08-20 06:31:14,2026-08-20 06:30:00,69608.0,69588.0,69323.0,0.4111,0.3823,7.4651,-1.5,68283.15,74498.05,0.267,7,none
2026-08-20 06:36:00,2026-08-20 06:35:00,69737.0,69632.0,69323.0,0.5972,0.4457,7.4651,-1.5,68283.15,74498.05,0.271,7,none
2026-08-20 06:41:12,2026-08-20 06:40:00,69744.0,69717.0,69323.0,0.6073,0.5684,7.4651,-1.5,68283.15,74498.05,0.274,7,none
2026-08-20 06:46:02,2026-08-20 06:45:00,69891.0,69767.0,69323.0,0.8194,0.6405,7.4651,-1.5,68283.15,74498.05,0.278,7,none
2026-08-20 06:51:09,2026-08-20 06:50:00,69850.0,69850.0,69323.0,0.7602,0.7602,7.4651,-1.5,68283.15,74498.05,0.281,7,none
2026-08-20 06:56:10,2026-08-20 06:55:00,69820.0,69810.0,69323.0,0.7169,0.7025,7.4651,-1.5,68283.15,74498.05,0.285,7,none
2026-08-20 07:01:18,2026-08-20 07:00:00,69815.0,69814.0,69323.0,0.7097,0.7083,7.4651,-1.5,68283.15,74498.05,0.288,7,none
2026-08-20 07:06:08,2026-08-20 07:05:00,69902.0,69845.0,69323.0,0.8352,0.753,7.4651,-1.5,68283.15,74498.05,0.292,7,none
2026-08-20 07:11:05,2026-08-20 07:10:00,69898.0,69898.0,69323.0,0.8295,0.8295,7.4651,-1.5,68283.15,74498.05,0.295,7,none
2026-08-20 07:16:08,2026-08-20 07:15:00,69773.0,69772.0,69323.0,0.6491,0.6477,7.4651,-1.5,68283.15,74498.05,0.299,7,none
2026-08-20 07:21:04,2026-08-20 07:20:00,69648.0,69611.0,69323.0,0.4688,0.4154,7.4651,-1.5,68283.15,74498.05,0.302,7,none
2026-08-20 07:26:01,2026-08-20 07:25:00,69660.0,69613.0,69323.0,0.4861,0.4183,7.4651,-1.5,68283.15,74498.05,0.305,7,none
2026-08-20 07:31:16,2026-08-20 07:30:00,69581.0,69581.0,69323.0,0.3722,0.3722,7.4651,-1.5,68283.15,74498.05,0.309,7,none
2026-08-20 07:36:08,2026-08-20 07:35:00,69580.0,69580.0,69323.0,0.3707,0.3707,7.4651,-1.5,68283.15,74498.05,0.313,7,none
2026-08-20 07:41:06,2026-08-20 07:40:00,69548.0,69539.0,69323.0,0.3246,0.3116,7.4651,-1.5,68283.15,74498.05,0.316,7,none
2026-08-20 07:46:03,2026-08-20 07:45:00,69582.0,69570.0,69323.0,0.3736,0.3563,7.4651,-1.5,68283.15,74498.05,0.319,7,none
2026-08-20 07:51:11,2026-08-20 07:50:00,69652.0,69644.0,69323.0,0.4746,0.463,7.4651,-1.5,68283.15,74498.05,0.323,7,none
2026-08-20 07:56:12,2026-08-20 07:55:00,69771.0,69763.0,69323.0,0.6463,0.6347,7.4651,-1.5,68283.15,74498.05,0.326,7,none
2026-08-20 08:01:20,2026-08-20 08:00:00,69806.0,69792.0,69323.0,0.6967,0.6765,7.4651,-1.5,68283.15,74498.05,0.33,7,none
2026-08-20 08:06:03,2026-08-20 08:05:00,69880.0,69847.0,69323.0,0.8035,0.7559,7.4651,-1.5,68283.15,74498.05,0.333,7,none
2026-08-20 08:11:10,2026-08-20 08:10:00,70900.0,70656.0,69323.0,2.2749,1.9229,7.4651,-1.5,68283.15,74498.05,0.337,7,none
2026-08-20 08:16:17,2026-08-20 08:15:00,71074.0,71037.0,69323.0,2.5259,2.4725,7.4651,-1.5,68283.15,74498.05,0.34,7,none
2026-08-20 08:21:14,2026-08-20 08:20:00,71245.0,71215.0,69323.0,2.7725,2.7293,7.4651,-1.5,68283.15,74498.05,0.344,7,none
2026-08-20 08:24:06,2026-08-20 08:23:00,71151.0,71114.0,69323.0,2.6369,2.5836,7.4651,-1.5,68283.15,74498.05,0.346,7,none
2026-08-20 08:26:07,2026-08-20 08:25:00,71173.0,71150.0,69323.0,2.6687,2.6355,7.4651,-1.5,68283.15,74498.05,0.347,7,none
2026-08-20 08:31:09,2026-08-20 08:30:00,71268.0,71267.0,69323.0,2.8057,2.8043,7.4651,-1.5,68283.15,74498.05,0.351,7,none
2026-08-20 08:36:07,2026-08-20 08:35:00,71173.0,71155.0,69323.0,2.6687,2.6427,7.4651,-1.5,68283.15,74498.05,0.354,7,none
2026-08-20 08:41:22,2026-08-20 08:40:00,71496.0,71420.0,69323.0,3.1346,3.025,7.4651,-1.5,68283.15,74498.05,0.358,7,none
2026-08-20 08:46:07,2026-08-20 08:45:00,71526.0,71433.0,69323.0,3.1779,3.0437,7.4651,-1.5,68283.15,74498.05,0.361,7,none
2026-08-20 08:51:16,2026-08-20 08:50:00,71702.0,71557.0,69323.0,3.4318,3.2226,7.4651,-1.5,68283.15,74498.05,0.365,7,none
2026-08-20 08:56:08,2026-08-20 08:55:00,71735.0,71732.0,69323.0,3.4794,3.475,7.4651,-1.5,68283.15,74498.05,0.368,7,none
2026-08-20 09:01:21,2026-08-20 09:00:00,71522.0,71516.0,69323.0,3.1721,3.1635,7.4651,-1.5,68283.15,74498.05,0.372,7,none
2026-08-20 09:06:11,2026-08-20 09:05:00,71682.0,71598.0,69323.0,3.4029,3.2817,7.4651,-1.5,68283.15,74498.05,0.375,7,none
2026-08-20 09:11:12,2026-08-20 09:10:00,71911.0,71821.0,69323.0,3.7332,3.6034,7.4651,-1.5,68283.15,74498.05,0.379,7,none
2026-08-20 09:16:04,2026-08-20 09:15:00,71799.0,71735.0,69323.0,3.5717,3.4794,7.4651,-1.5,68283.15,74498.05,0.382,7,none
2026-08-20 09:21:05,2026-08-20 09:20:00,71837.0,71780.0,69323.0,3.6265,3.5443,7.4651,-1.5,68283.15,74498.05,0.385,7,none
2026-08-20 09:23:00,2026-08-20 09:22:00,71986.0,71945.0,69323.0,3.8414,3.7823,7.4651,-1.5,68283.15,74498.05,0.387,7,none
2026-08-20 09:26:11,2026-08-20 09:25:00,72000.0,71950.0,69323.0,3.8616,3.7895,7.4651,-1.5,68283.15,74498.05,0.389,7,none
2026-08-20 09:31:08,2026-08-20 09:30:00,71855.0,71720.0,69323.0,3.6525,3.4577,7.4651,-1.5,68283.15,74498.05,0.392,7,none
2026-08-20 09:36:04,2026-08-20 09:35:00,71986.0,71898.0,69323.0,3.8414,3.7145,7.4651,-1.5,68283.15,74498.05,0.396,7,none
2026-08-20 09:41:19,2026-08-20 09:40:00,71931.0,71863.0,69323.0,3.7621,3.664,7.4651,-1.5,68283.15,74498.05,0.399,7,none
2026-08-20 09:46:09,2026-08-20 09:45:00,71984.0,71946.0,69323.0,3.8386,3.7837,7.4651,-1.5,68283.15,74498.05,0.403,7,none
2026-08-20 09:51:11,2026-08-20 09:50:00,71805.0,71798.0,69323.0,3.5803,3.5702,7.4651,-1.5,68283.15,74498.05,0.406,7,none
2026-08-20 09:56:11,2026-08-20 09:55:00,71701.0,71674.0,69323.0,3.4303,3.3914,7.4651,-1.5,68283.15,74498.05,0.41,7,none
2026-08-20 10:01:16,2026-08-20 10:00:00,71747.0,71724.0,69323.0,3.4967,3.4635,7.4651,-1.5,68283.15,74498.05,0.413,7,none
2026-08-20 10:06:13,2026-08-20 10:05:00,71767.0,71705.0,69323.0,3.5255,3.4361,7.4651,-1.5,68283.15,74498.05,0.417,7,none
2026-08-20 10:11:09,2026-08-20 10:10:00,71895.0,71816.0,69323.0,3.7102,3.5962,7.4651,-1.5,68283.15,74498.05,0.42,7,none
2026-08-20 10:16:05,2026-08-20 10:15:00,72349.0,72121.0,69323.0,4.3651,4.0362,7.4651,-1.5,68283.15,74498.05,0.424,7,none
2026-08-20 10:19:02,2026-08-20 10:18:00,72386.0,72328.0,69323.0,4.4184,4.3348,7.4651,-1.5,68283.15,74498.05,0.426,7,none
2026-08-20 10:21:13,2026-08-20 10:20:00,72309.0,72309.0,69323.0,4.3074,4.3074,7.4651,-1.5,68283.15,74498.05,0.427,7,none
2026-08-20 10:26:21,2026-08-20 10:25:00,72104.0,72104.0,69323.0,4.0117,4.0117,7.4651,-1.5,68283.15,74498.05,0.431,7,none
2026-08-20 10:31:20,2026-08-20 10:30:00,71883.0,71875.0,69323.0,3.6929,3.6813,7.4651,-1.5,68283.15,74498.05,0.434,7,none
2026-08-20 10:36:03,2026-08-20 10:35:00,71790.0,71789.0,69323.0,3.5587,3.5573,7.4651,-1.5,68283.15,74498.05,0.437,7,none
2026-08-20 10:41:07,2026-08-20 10:40:00,71822.0,71814.0,69323.0,3.6049,3.5933,7.4651,-1.5,68283.15,74498.05,0.441,7,none
2026-08-20 10:46:04,2026-08-20 10:45:00,71836.0,71790.0,69323.0,3.6251,3.5587,7.4651,-1.5,68283.15,74498.05,0.444,7,none
2026-08-20 10:51:09,2026-08-20 10:50:00,71901.0,71850.0,69323.0,3.7188,3.6453,7.4651,-1.5,68283.15,74498.05,0.448,7,none
2026-08-20 10:56:07,2026-08-20 10:55:00,71885.0,71873.0,69323.0,3.6957,3.6784,7.4651,-1.5,68283.15,74498.05,0.451,7,none
2026-08-20 11:01:15,2026-08-20 11:00:00,71961.0,71912.0,69323.0,3.8054,3.7347,7.4651,-1.5,68283.15,74498.05,0.455,7,none
2026-08-20 11:06:06,2026-08-20 11:05:00,71975.0,71909.0,69323.0,3.8256,3.7304,7.4651,-1.5,68283.15,74498.05,0.458,7,none
2026-08-20 11:11:02,2026-08-20 11:10:00,71856.0,71824.0,69323.0,3.6539,3.6077,7.4651,-1.5,68283.15,74498.05,0.462,7,none
2026-08-20 11:16:06,2026-08-20 11:15:00,71897.0,71896.0,69323.0,3.7131,3.7116,7.4651,-1.5,68283.15,74498.05,0.465,7,none
2026-08-20 11:21:11,2026-08-20 11:20:00,71883.0,71846.0,69323.0,3.6929,3.6395,7.4651,-1.5,68283.15,74498.05,0.469,7,none
2026-08-20 11:26:06,2026-08-20 11:25:00,71890.0,71880.0,69323.0,3.703,3.6885,7.4651,-1.5,68283.15,74498.05,0.472,7,none
2026-08-20 11:31:14,2026-08-20 11:30:00,71882.0,71836.0,69323.0,3.6914,3.6251,7.4651,-1.5,68283.15,74498.05,0.476,7,none
2026-08-20 11:36:00,2026-08-20 11:35:00,72141.0,72128.0,69323.0,4.065,4.0463,7.4651,-1.5,68283.15,74498.05,0.479,7,none
2026-08-20 11:41:10,2026-08-20 11:40:00,72266.0,72249.0,69323.0,4.2453,4.2208,7.4651,-1.5,68283.15,74498.05,0.483,7,none
2026-08-20 11:46:08,2026-08-20 11:45:00,72190.0,72130.0,69323.0,4.1357,4.0492,7.4651,-1.5,68283.15,74498.05,0.486,7,none
2026-08-20 11:51:14,2026-08-20 11:50:00,72141.0,72125.0,69323.0,4.065,4.0419,7.4651,-1.5,68283.15,74498.05,0.49,7,none
2026-08-20 11:56:05,2026-08-20 11:55:00,71918.0,71900.0,69323.0,3.7433,3.7174,7.4651,-1.5,68283.15,74498.05,0.493,7,none
2026-08-20 12:01:21,2026-08-20 12:00:00,71920.0,71901.0,69323.0,3.7462,3.7188,7.4651,-1.5,68283.15,74498.05,0.497,7,none
2026-08-20 12:06:12,2026-08-20 12:05:00,71749.0,71742.0,69323.0,3.4996,3.4895,7.4651,-1.5,68283.15,74498.05,0.5,7,none
2026-08-20 12:11:15,2026-08-20 12:10:00,71738.0,71633.0,69323.0,3.4837,3.3322,7.4651,-1.5,68283.15,74498.05,0.504,7,none
2026-08-20 12:15:56,2026-08-20 12:14:00,71777.0,71773.0,69323.0,3.54,3.5342,7.4651,-1.5,68283.15,74498.05,0.507,7,none
2026-08-20 12:21:13,2026-08-20 12:20:00,71814.0,71732.0,69323.0,3.5933,3.475,7.4651,-1.5,68283.15,74498.05,0.51,7,none
2026-08-20 12:22:55,2026-08-20 12:21:00,71777.0,71764.0,69323.0,3.54,3.5212,7.4651,-1.5,68283.15,74498.05,0.512,7,none
2026-08-20 12:26:06,2026-08-20 12:25:00,71818.0,71777.0,69323.0,3.5991,3.54,7.4651,-1.5,68283.15,74498.05,0.514,7,none
2026-08-20 12:31:11,2026-08-20 12:30:00,71892.0,71753.0,69323.0,3.7058,3.5053,7.4651,-1.5,68283.15,74498.05,0.517,7,none
2026-08-20 12:36:07,2026-08-20 12:35:00,71718.0,71674.0,69323.0,3.4548,3.3914,7.4651,-1.5,68283.15,74498.05,0.521,7,none
2026-08-20 12:41:02,2026-08-20 12:40:00,71827.0,71810.0,69323.0,3.6121,3.5876,7.4651,-1.5,68283.15,74498.05,0.524,7,none
2026-08-20 12:46:10,2026-08-20 12:45:00,71645.0,71612.0,69323.0,3.3495,3.3019,7.4651,-1.5,68283.15,74498.05,0.528,7,none
2026-08-20 12:51:16,2026-08-20 12:50:00,71708.0,71559.0,69323.0,3.4404,3.2255,7.4651,-1.5,68283.15,74498.05,0.531,7,none
2026-08-20 12:56:08,2026-08-20 12:55:00,71864.0,71844.0,69323.0,3.6655,3.6366,7.4651,-1.5,68283.15,74498.05,0.535,7,none
2026-08-20 13:01:19,2026-08-20 13:00:00,71871.0,71864.0,69323.0,3.6755,3.6655,7.4651,-1.5,68283.15,74498.05,0.538,7,none
2026-08-20 13:06:08,2026-08-20 13:05:00,72011.0,71960.0,69323.0,3.8775,3.8039,7.4651,-1.5,68283.15,74498.05,0.542,7,none
2026-08-20 13:11:18,2026-08-20 13:10:00,71952.0,71932.0,69323.0,3.7924,3.7635,7.4651,-1.5,68283.15,74498.05,0.545,7,none
2026-08-20 13:16:16,2026-08-20 13:15:00,72001.0,71996.0,69323.0,3.8631,3.8559,7.4651,-1.5,68283.15,74498.05,0.549,7,none
2026-08-20 13:21:07,2026-08-20 13:20:00,71969.0,71919.0,69323.0,3.8169,3.7448,7.4651,-1.5,68283.15,74498.05,0.552,7,none
2026-08-20 13:26:10,2026-08-20 13:25:00,71920.0,71828.0,69323.0,3.7462,3.6135,7.4651,-1.5,68283.15,74498.05,0.556,7,none
2026-08-20 13:31:13,2026-08-20 13:30:00,71648.0,71594.0,69323.0,3.3539,3.276,7.4651,-1.5,68283.15,74498.05,0.559,7,none
2026-08-20 13:36:11,2026-08-20 13:35:00,71567.0,71469.0,69323.0,3.237,3.0957,7.4651,-1.5,68283.15,74498.05,0.563,7,none
2026-08-20 13:37:56,2026-08-20 13:36:00,71230.0,71135.0,69323.0,2.7509,2.6139,7.4651,-1.5,68283.15,74498.05,0.564,7,none
2026-08-20 13:41:10,2026-08-20 13:40:00,71368.0,71259.0,69323.0,2.95,2.7927,7.4651,-1.5,68283.15,74498.05,0.566,7,none
2026-08-20 13:46:09,2026-08-20 13:45:00,71582.0,71580.0,69323.0,3.2587,3.2558,7.4651,-1.5,68283.15,74498.05,0.569,7,none
2026-08-20 13:51:08,2026-08-20 13:50:00,71609.0,71584.0,69323.0,3.2976,3.2615,7.4651,-1.5,68283.15,74498.05,0.573,7,none
2026-08-20 13:56:06,2026-08-20 13:55:00,71723.0,71704.0,69323.0,3.4621,3.4346,7.4651,-1.5,68283.15,74498.05,0.576,7,none
2026-08-20 14:01:25,2026-08-20 14:00:00,71590.0,71575.0,69323.0,3.2702,3.2486,7.4651,-1.5,68283.15,74498.05,0.58,7,none
2026-08-20 14:06:11,2026-08-20 14:05:00,71749.0,71668.0,69323.0,3.4996,3.3827,7.4651,-1.5,68283.15,74498.05,0.583,7,none
2026-08-20 14:11:12,2026-08-20 14:10:00,71866.0,71818.0,69323.0,3.6683,3.5991,7.4651,-1.5,68283.15,74498.05,0.587,7,none
2026-08-20 14:16:15,2026-08-20 14:15:00,71692.0,71675.0,69323.0,3.4173,3.3928,7.4651,-1.5,68283.15,74498.05,0.59,7,none
2026-08-20 14:21:07,2026-08-20 14:20:00,71603.0,71454.0,69323.0,3.289,3.074,7.4651,-1.5,68283.15,74498.05,0.594,7,none
2026-08-20 14:24:26,2026-08-20 14:23:00,71615.0,71494.0,69323.0,3.3063,3.1317,7.4651,-1.5,68283.15,74498.05,0.596,7,none
2026-08-20 14:26:11,2026-08-20 14:25:00,71616.0,71592.0,69323.0,3.3077,3.2731,7.4651,-1.5,68283.15,74498.05,0.597,7,none
2026-08-20 14:31:19,2026-08-20 14:30:00,71411.0,71394.0,69323.0,3.012,2.9875,7.4651,-1.5,68283.15,74498.05,0.601,7,none
2026-08-20 14:36:10,2026-08-20 14:35:00,71591.0,71542.0,69323.0,3.2716,3.201,7.4651,-1.5,68283.15,74498.05,0.604,7,none
2026-08-20 14:41:13,2026-08-20 14:40:00,71490.0,71459.0,69323.0,3.1259,3.0812,7.4651,-1.5,68283.15,74498.05,0.608,7,none
2026-08-20 14:46:08,2026-08-20 14:45:00,71456.0,71426.0,69323.0,3.0769,3.0336,7.4651,-1.5,68283.15,74498.05,0.611,7,none
2026-08-20 14:51:09,2026-08-20 14:50:00,71678.0,71527.0,69323.0,3.3971,3.1793,7.4651,-1.5,68283.15,74498.05,0.615,7,none
2026-08-20 14:56:04,2026-08-20 14:55:00,71713.0,71699.0,69323.0,3.4476,3.4274,7.4651,-1.5,68283.15,74498.05,0.618,7,none
2026-08-20 15:01:24,2026-08-20 15:00:00,71826.0,71771.0,69323.0,3.6106,3.5313,7.4651,-1.5,68283.15,74498.05,0.622,7,none
2026-08-20 15:06:16,2026-08-20 15:05:00,72137.0,72137.0,69323.0,4.0593,4.0593,7.4651,-1.5,68283.15,74498.05,0.625,7,none
2026-08-20 15:11:09,2026-08-20 15:10:00,72197.0,72138.0,69323.0,4.1458,4.0607,7.4651,-1.5,68283.15,74498.05,0.628,7,none
2026-08-20 15:16:14,2026-08-20 15:15:00,72212.0,72210.0,69323.0,4.1674,4.1646,7.4651,-1.5,68283.15,74498.05,0.632,7,none
2026-08-20 15:21:04,2026-08-20 15:20:00,72256.0,72231.0,69323.0,4.2309,4.1949,7.4651,-1.5,68283.15,74498.05,0.635,7,none
2026-08-20 15:23:31,2026-08-20 15:22:00,72098.0,72074.0,69323.0,4.003,3.9684,7.4651,-1.5,68283.15,74498.05,0.637,7,none
2026-08-20 15:26:07,2026-08-20 15:25:00,72161.0,72062.0,69323.0,4.0939,3.9511,7.4651,-1.5,68283.15,74498.05,0.639,7,none
2026-08-20 15:31:23,2026-08-20 15:30:00,72514.0,72367.0,69323.0,4.6031,4.391,7.4651,-1.5,68283.15,74498.05,0.643,7,none
2026-08-20 15:36:05,2026-08-20 15:35:00,72332.0,72311.0,69323.0,4.3406,4.3103,7.4651,-1.5,68283.15,74498.05,0.646,7,none
2026-08-20 15:41:08,2026-08-20 15:40:00,72227.0,72206.0,69323.0,4.1891,4.1588,7.4651,-1.5,68283.15,74498.05,0.649,7,none
2026-08-20 15:46:12,2026-08-20 15:45:00,72236.0,72200.0,69323.0,4.2021,4.1501,7.4651,-1.5,68283.15,74498.05,0.653,7,none
2026-08-20 15:51:09,2026-08-20 15:50:00,72326.0,72306.0,69323.0,4.3319,4.303,7.4651,-1.5,68283.15,74498.05,0.656,7,none
2026-08-20 15:56:10,2026-08-20 15:55:00,72482.0,72426.0,69323.0,4.5569,4.4761,7.4651,-1.5,68283.15,74498.05,0.66,7,none
2026-08-20 16:01:24,2026-08-20 16:00:00,72350.0,72350.0,69323.0,4.3665,4.3665,7.4651,-1.5,68283.15,74498.05,0.663,7,none
2026-08-20 16:06:09,2026-08-20 16:05:00,72420.0,72317.0,69323.0,4.4675,4.3189,7.4651,-1.5,68283.15,74498.05,0.667,7,none
2026-08-20 16:11:09,2026-08-20 16:10:00,72455.0,72425.0,69323.0,4.518,4.4747,7.4651,-1.5,68283.15,74498.05,0.67,7,none
2026-08-20 16:16:07,2026-08-20 16:15:00,72342.0,72296.0,69323.0,4.355,4.2886,7.4651,-1.5,68283.15,74498.05,0.674,7,none
2026-08-20 16:21:06,2026-08-20 16:20:00,72327.0,72281.0,69323.0,4.3333,4.267,7.4651,-1.5,68283.15,74498.05,0.677,7,none
2026-08-20 16:26:03,2026-08-20 16:25:00,72349.0,72278.0,69323.0,4.3651,4.2627,7.4651,-1.5,68283.15,74498.05,0.68,7,none
2026-08-20 16:31:15,2026-08-20 16:30:00,72312.0,72306.0,69323.0,4.3117,4.303,7.4651,-1.5,68283.15,74498.05,0.684,7,none
2026-08-20 16:36:06,2026-08-20 16:35:00,72309.0,72309.0,69323.0,4.3074,4.3074,7.4651,-1.5,68283.15,74498.05,0.687,7,none
2026-08-20 16:41:06,2026-08-20 16:40:00,72491.0,72444.0,69323.0,4.5699,4.5021,7.4651,-1.5,68283.15,74498.05,0.691,7,none
2026-08-20 16:46:04,2026-08-20 16:45:00,72583.0,72571.0,69323.0,4.7026,4.6853,7.4651,-1.5,68283.15,74498.05,0.694,7,none
2026-08-20 16:51:12,2026-08-20 16:50:00,72642.0,72545.0,69323.0,4.7877,4.6478,7.4651,-1.5,68283.15,74498.05,0.698,7,none
2026-08-20 16:56:09,2026-08-20 16:55:00,72674.0,72555.0,69323.0,4.8339,4.6622,7.4651,-1.5,68283.15,74498.05,0.701,7,none
2026-08-20 17:01:17,2026-08-20 17:00:00,72718.0,72700.0,69323.0,4.8974,4.8714,7.4651,-1.5,68283.15,74498.05,0.705,7,none
2026-08-20 17:06:04,2026-08-20 17:05:00,72769.0,72740.0,69323.0,4.9709,4.9291,7.4651,-1.5,68283.15,74498.05,0.708,7,none
2026-08-20 17:11:11,2026-08-20 17:10:00,72550.0,72525.0,69323.0,4.655,4.619,7.4651,-1.5,68283.15,74498.05,0.712,7,none
2026-08-20 17:16:07,2026-08-20 17:15:00,72652.0,72635.0,69323.0,4.8022,4.7776,7.4651,-1.5,68283.15,74498.05,0.715,7,none
2026-08-20 17:19:13,2026-08-20 17:18:00,72641.0,72640.0,69323.0,4.7863,4.7848,7.4651,-1.5,68283.15,74498.05,0.717,7,none
2026-08-20 17:21:10,2026-08-20 17:20:00,72574.0,72546.0,69323.0,4.6896,4.6493,7.4651,-1.5,68283.15,74498.05,0.719,7,none
2026-08-20 17:26:07,2026-08-20 17:25:00,72721.0,72706.0,69323.0,4.9017,4.8801,7.4651,-1.5,68283.15,74498.05,0.722,7,none
2026-08-20 17:31:22,2026-08-20 17:30:00,72810.0,72792.0,69323.0,5.0301,5.0041,7.4651,-1.5,68283.15,74498.05,0.726,7,none
2026-08-20 17:36:00,2026-08-20 17:35:00,72752.0,72740.0,69323.0,4.9464,4.9291,7.4651,-1.5,68283.15,74498.05,0.729,7,none
2026-08-20 17:41:03,2026-08-20 17:40:00,72799.0,72778.0,69323.0,5.0142,4.9839,7.4651,-1.5,68283.15,74498.05,0.733,7,none
2026-08-20 17:46:13,2026-08-20 17:45:00,72720.0,72720.0,69323.0,4.9002,4.9002,7.4651,-1.5,68283.15,74498.05,0.736,7,none
2026-08-20 17:51:04,2026-08-20 17:50:00,72817.0,72758.0,69323.0,5.0402,4.9551,7.4651,-1.5,68283.15,74498.05,0.74,7,none
2026-08-20 17:56:34,2026-08-20 17:55:00,72863.0,72802.0,69323.0,5.1065,5.0185,7.4651,-1.5,68283.15,74498.05,0.743,7,none
2026-08-20 18:01:16,2026-08-20 18:00:00,72779.0,72717.0,69323.0,4.9854,4.8959,7.4651,-1.5,68283.15,74498.05,0.747,7,none
2026-08-20 18:06:05,2026-08-20 18:05:00,72527.0,72527.0,69323.0,4.6218,4.6218,7.4651,-1.5,68283.15,74498.05,0.75,7,none
2026-08-20 18:11:30,2026-08-20 18:10:00,72543.0,72529.0,69323.0,4.6449,4.6247,7.4651,-1.5,68283.15,74498.05,0.754,7,none
2026-08-20 18:16:08,2026-08-20 18:15:00,72589.0,72570.0,69323.0,4.7113,4.6839,7.4651,-1.5,68283.15,74498.05,0.757,7,none
2026-08-20 18:21:08,2026-08-20 18:20:00,72656.0,72613.0,69323.0,4.8079,4.7459,7.4651,-1.5,68283.15,74498.05,0.76,7,none
2026-08-20 18:26:02,2026-08-20 18:25:00,72690.0,72679.0,69323.0,4.857,4.8411,7.4651,-1.5,68283.15,74498.05,0.764,7,none
2026-08-20 18:31:23,2026-08-20 18:30:00,72642.0,72637.0,69323.0,4.7877,4.7805,7.4651,-1.5,68283.15,74498.05,0.768,7,none
2026-08-20 18:36:07,2026-08-20 18:35:00,72472.0,72414.0,69323.0,4.5425,4.4588,7.4651,-1.5,68283.15,74498.05,0.771,7,none
2026-08-20 18:41:11,2026-08-20 18:40:00,72422.0,72422.0,69323.0,4.4704,4.4704,7.4651,-1.5,68283.15,74498.05,0.774,7,none
2026-08-20 18:46:07,2026-08-20 18:45:00,72455.0,72423.0,69323.0,4.518,4.4718,7.4651,-1.5,68283.15,74498.05,0.778,7,none
2026-08-20 18:51:07,2026-08-20 18:50:00,72503.0,72501.0,69323.0,4.5872,4.5843,7.4651,-1.5,68283.15,74498.05,0.781,7,none
2026-08-20 18:56:06,2026-08-20 18:55:00,72463.0,72440.0,69323.0,4.5295,4.4963,7.4651,-1.5,68283.15,74498.05,0.785,7,none
2026-08-20 19:01:17,2026-08-20 19:00:00,72368.0,72365.0,69323.0,4.3925,4.3882,7.4651,-1.5,68283.15,74498.05,0.788,7,none
2026-08-20 19:06:03,2026-08-20 19:05:00,72384.0,72311.0,69323.0,4.4156,4.3103,7.4651,-1.5,68283.15,74498.05,0.792,7,none
2026-08-20 19:11:06,2026-08-20 19:10:00,72471.0,72420.0,69323.0,4.5411,4.4675,7.4651,-1.5,68283.15,74498.05,0.795,7,none
2026-08-20 19:16:14,2026-08-20 19:15:00,72478.0,72460.0,69323.0,4.5512,4.5252,7.4651,-1.5,68283.15,74498.05,0.799,7,none
2026-08-20 19:21:09,2026-08-20 19:20:00,72498.0,72498.0,69323.0,4.58,4.58,7.4651,-1.5,68283.15,74498.05,0.802,7,none
2026-08-20 19:22:52,2026-08-20 19:21:00,72545.0,72488.0,69323.0,4.6478,4.5656,7.4651,-1.5,68283.15,74498.05,0.803,7,none
2026-08-20 19:26:06,2026-08-20 19:25:00,72601.0,72593.0,69323.0,4.7286,4.717,7.4651,-1.5,68283.15,74498.05,0.806,7,none
2026-08-20 19:31:19,2026-08-20 19:30:00,72588.0,72568.0,69323.0,4.7098,4.681,7.4651,-1.5,68283.15,74498.05,0.809,7,none
2026-08-20 19:35:59,2026-08-20 19:34:00,72563.0,72545.0,69323.0,4.6738,4.6478,7.4651,-1.5,68283.15,74498.05,0.812,7,none
2026-08-20 19:41:04,2026-08-20 19:40:00,72700.0,72662.0,69323.0,4.8714,4.8166,7.4651,-1.5,68283.15,74498.05,0.816,7,none
2026-08-20 19:46:07,2026-08-20 19:45:00,72693.0,72677.0,69323.0,4.8613,4.8382,7.4651,-1.5,68283.15,74498.05,0.819,7,none
2026-08-20 19:51:07,2026-08-20 19:50:00,72657.0,72626.0,69323.0,4.8094,4.7647,7.4651,-1.5,68283.15,74498.05,0.823,7,none
2026-08-20 19:56:00,2026-08-20 19:55:00,72625.0,72625.0,69323.0,4.7632,4.7632,7.4651,-1.5,68283.15,74498.05,0.826,7,none
2026-08-20 20:01:20,2026-08-20 20:00:00,72615.0,72607.0,69323.0,4.7488,4.7372,7.4651,-1.5,68283.15,74498.05,0.83,7,none
2026-08-20 20:06:12,2026-08-20 20:05:00,72699.0,72681.0,69323.0,4.87,4.844,7.4651,-1.5,68283.15,74498.05,0.833,7,none
2026-08-20 20:11:10,2026-08-20 20:10:00,72750.0,72698.0,69323.0,4.9435,4.8685,7.4651,-1.5,68283.15,74498.05,0.837,7,none
2026-08-20 20:16:10,2026-08-20 20:15:00,72630.0,72630.0,69323.0,4.7704,4.7704,7.4651,-1.5,68283.15,74498.05,0.84,7,none
2026-08-20 20:21:12,2026-08-20 20:20:00,72683.0,72670.0,69323.0,4.8469,4.8281,7.4651,-1.5,68283.15,74498.05,0.844,7,none
2026-08-20 20:26:13,2026-08-20 20:25:00,72797.0,72765.0,69323.0,5.0113,4.9652,7.4651,-1.5,68283.15,74498.05,0.847,7,none
2026-08-20 20:31:17,2026-08-20 20:30:00,72807.0,72786.0,69323.0,5.0257,4.9955,7.4651,-1.5,68283.15,74498.05,0.851,7,none
2026-08-20 20:36:06,2026-08-20 20:35:00,72882.0,72846.0,69323.0,5.1339,5.082,7.4651,-1.5,68283.15,74498.05,0.854,7,none
2026-08-20 20:41:09,2026-08-20 20:40:00,72749.0,72704.0,69323.0,4.9421,4.8772,7.4651,-1.5,68283.15,74498.05,0.858,7,none
2026-08-20 20:46:06,2026-08-20 20:45:00,72733.0,72722.0,69323.0,4.919,4.9031,7.4651,-1.5,68283.15,74498.05,0.861,7,none
2026-08-20 20:51:09,2026-08-20 20:50:00,72653.0,72653.0,69323.0,4.8036,4.8036,7.4651,-1.5,68283.15,74498.05,0.865,7,none
2026-08-20 20:56:04,2026-08-20 20:55:00,72586.0,72571.0,69323.0,4.707,4.6853,7.4651,-1.5,68283.15,74498.05,0.868,7,none
2026-08-20 21:01:23,2026-08-20 21:00:00,72603.0,72603.0,69323.0,4.7315,4.7315,7.4651,-1.5,68283.15,74498.05,0.872,7,none
2026-08-20 21:06:06,2026-08-20 21:05:00,72591.0,72585.0,69323.0,4.7142,4.7055,7.4651,-1.5,68283.15,74498.05,0.875,7,none
2026-08-20 21:11:04,2026-08-20 21:10:00,72628.0,72591.0,69323.0,4.7675,4.7142,7.4651,-1.5,68283.15,74498.05,0.878,7,none
2026-08-20 21:16:11,2026-08-20 21:15:00,72826.0,72671.0,69323.0,5.0532,4.8296,7.4651,-1.5,68283.15,74498.05,0.882,7,none
2026-08-20 21:17:29,2026-08-20 21:16:00,72763.0,72763.0,69323.0,4.9623,4.9623,7.4651,-1.5,68283.15,74498.05,0.883,7,none
2026-08-20 21:21:06,2026-08-20 21:20:00,72697.0,72696.0,69323.0,4.8671,4.8656,7.4651,-1.5,68283.15,74498.05,0.885,7,none
2026-08-20 21:26:10,2026-08-20 21:25:00,72711.0,72670.0,69323.0,4.8873,4.8281,7.4651,-1.5,68283.15,74498.05,0.889,7,none
2026-08-20 21:31:07,2026-08-20 21:30:00,72688.0,72630.0,69323.0,4.8541,4.7704,7.4651,-1.5,68283.15,74498.05,0.892,7,none
2026-08-20 21:36:10,2026-08-20 21:35:00,72769.0,72768.0,69323.0,4.9709,4.9695,7.4651,-1.5,68283.15,74498.05,0.896,7,none
2026-08-20 21:41:14,2026-08-20 21:40:00,72766.0,72709.0,69323.0,4.9666,4.8844,7.4651,-1.5,68283.15,74498.05,0.899,7,none
2026-08-20 21:46:03,2026-08-20 21:45:00,72717.0,72694.0,69323.0,4.8959,4.8627,7.4651,-1.5,68283.15,74498.05,0.903,7,none
2026-08-20 21:51:10,2026-08-20 21:50:00,72688.0,72688.0,69323.0,4.8541,4.8541,7.4651,-1.5,68283.15,74498.05,0.906,7,none
2026-08-20 21:56:07,2026-08-20 21:55:00,72708.0,72671.0,69323.0,4.8829,4.8296,7.4651,-1.5,68283.15,74498.05,0.91,7,none
2026-08-20 22:01:17,2026-08-20 22:00:00,72700.0,72699.0,69323.0,4.8714,4.87,7.4651,-1.5,68283.15,74498.05,0.913,7,none
2026-08-20 22:06:01,2026-08-20 22:05:00,72606.0,72462.0,69323.0,4.7358,4.5281,7.4651,-1.5,68283.15,74498.05,0.917,7,none
2026-08-20 22:11:08,2026-08-20 22:10:00,72612.0,72598.0,69323.0,4.7445,4.7243,7.4651,-1.5,68283.15,74498.05,0.92,7,none
2026-08-20 22:15:29,2026-08-20 22:14:00,72580.0,72573.0,69323.0,4.6983,4.6882,7.4651,-1.5,68283.15,74498.05,0.923,7,none
2026-08-20 22:21:09,2026-08-20 22:20:00,72660.0,72577.0,69323.0,4.8137,4.694,7.4651,-1.5,68283.15,74498.05,0.927,7,none
2026-08-20 22:26:04,2026-08-20 22:25:00,72774.0,72748.0,69323.0,4.9781,4.9406,7.4651,-1.5,68283.15,74498.05,0.931,7,none
2026-08-20 22:31:11,2026-08-20 22:30:00,72750.0,72740.0,69323.0,4.9435,4.9291,7.4651,-1.5,68283.15,74498.05,0.934,7,none
2026-08-20 22:36:05,2026-08-20 22:35:00,72773.0,72710.0,69323.0,4.9767,4.8858,7.4651,-1.5,68283.15,74498.05,0.937,7,none
2026-08-20 22:41:08,2026-08-20 22:40:00,72716.0,72682.0,69323.0,4.8945,4.8454,7.4651,-1.5,68283.15,74498.05,0.941,7,none
2026-08-20 22:46:11,2026-08-20 22:45:00,72672.0,72651.0,69323.0,4.831,4.8007,7.4651,-1.5,68283.15,74498.05,0.944,7,none
2026-08-20 22:51:12,2026-08-20 22:50:00,72688.0,72687.0,69323.0,4.8541,4.8526,7.4651,-1.5,68283.15,74498.05,0.948,7,none
2026-08-20 22:55:58,2026-08-20 22:54:00,72815.0,72787.0,69323.0,5.0373,4.9969,7.4651,-1.5,68283.15,74498.05,0.951,7,none
2026-08-20 23:01:19,2026-08-20 23:00:00,72643.0,72643.0,69323.0,4.7892,4.7892,7.4651,-1.5,68283.15,74498.05,0.955,7,none
2026-08-20 23:06:08,2026-08-20 23:05:00,72733.0,72684.0,69323.0,4.919,4.8483,7.4651,-1.5,68283.15,74498.05,0.958,7,none
2026-08-20 23:11:10,2026-08-20 23:10:00,72855.0,72793.0,69323.0,5.095,5.0056,7.4651,-1.5,68283.15,74498.05,0.962,7,none
2026-08-20 23:15:26,2026-08-20 23:14:00,72890.0,72861.0,69323.0,5.1455,5.1036,7.4651,-1.5,68283.15,74498.05,0.965,7,none
2026-08-20 23:21:11,2026-08-20 23:20:00,72915.0,72915.0,69323.0,5.1815,5.1815,7.4651,-1.5,68283.15,74498.05,0.969,7,none
2026-08-20 23:26:02,2026-08-20 23:25:00,73152.0,72979.0,69323.0,5.5234,5.2739,7.4651,-1.5,68283.15,74498.05,0.972,7,none
2026-08-20 23:31:12,2026-08-20 23:30:00,73299.0,73168.0,69323.0,5.7355,5.5465,7.4651,-1.5,68283.15,74498.05,0.976,7,none
2026-08-20 23:36:01,2026-08-20 23:35:00,73145.0,73144.0,69323.0,5.5133,5.5119,7.4651,-1.5,68283.15,74498.05,0.979,7,none
2026-08-20 23:41:04,2026-08-20 23:40:00,73092.0,73086.0,69323.0,5.4369,5.4282,7.4651,-1.5,68283.15,74498.05,0.983,7,none
2026-08-20 23:46:02,2026-08-20 23:45:00,73047.0,73024.0,69323.0,5.372,5.3388,7.4651,-1.5,68283.15,74498.05,0.986,7,none
2026-08-20 23:51:07,2026-08-20 23:50:00,73033.0,73024.0,69323.0,5.3518,5.3388,7.4651,-1.5,68283.15,74498.05,0.99,7,none
2026-08-20 23:55:59,2026-08-20 23:54:00,73080.0,72975.0,69323.0,5.4196,5.2681,7.4651,-1.5,68283.15,74498.05,0.993,7,none
2026-08-21 00:01:14,2026-08-21 00:00:00,73043.0,73001.0,69323.0,5.3662,5.3056,7.4651,-1.5,68283.15,74498.05,0.997,7,none
2026-08-21 00:06:17,2026-08-21 00:05:00,73147.0,73069.0,69323.0,5.5162,5.4037,7.4651,-1.5,68283.15,74498.05,1.0,7,none
2026-08-21 00:11:07,2026-08-21 00:10:00,73315.0,73256.0,69323.0,5.7586,5.6734,7.4651,-1.5,68283.15,74498.05,1.003,7,none
2026-08-21 00:16:06,2026-08-21 00:15:00,73359.0,73341.0,69323.0,5.822,5.7961,7.4651,-1.5,68283.15,74498.05,1.007,7,none
2026-08-21 00:21:04,2026-08-21 00:20:00,73649.0,73565.0,69323.0,6.2404,6.1192,7.4651,-1.5,68283.15,74498.05,1.01,7,none
2026-08-21 00:26:03,2026-08-21 00:25:00,73823.0,73787.0,69323.0,6.4914,6.4394,7.4651,-1.5,68283.15,74498.05,1.014,7,none
2026-08-21 00:31:15,2026-08-21 00:30:00,73742.0,73677.0,69323.0,6.3745,6.2807,7.4651,-1.5,68283.15,74498.05,1.017,7,none
2026-08-21 00:36:03,2026-08-21 00:35:00,73700.0,73679.0,69323.0,6.3139,6.2836,7.4651,-1.5,68283.15,74498.05,1.021,7,none
2026-08-21 00:41:00,2026-08-21 00:39:00,73631.0,73630.0,69323.0,6.2144,6.2129,7.4651,-1.5,68283.15,74498.05,1.024,7,none
2026-08-21 00:46:07,2026-08-21 00:45:00,73654.0,73654.0,69323.0,6.2476,6.2476,7.4651,-1.5,68283.15,74498.05,1.028,7,none
2026-08-21 00:51:09,2026-08-21 00:50:00,73749.0,73707.0,69323.0,6.3846,6.324,7.4651,-1.5,68283.15,74498.05,1.031,7,none
2026-08-21 00:56:03,2026-08-21 00:55:00,73623.0,73580.0,69323.0,6.2028,6.1408,7.4651,-1.5,68283.15,74498.05,1.035,7,none
2026-08-21 01:01:18,2026-08-21 01:00:00,73670.0,73651.0,69323.0,6.2706,6.2432,7.4651,-1.5,68283.15,74498.05,1.038,7,none
2026-08-21 01:06:06,2026-08-21 01:05:00,73806.0,73785.0,69323.0,6.4668,6.4365,7.4651,-1.5,68283.15,74498.05,1.042,7,none
2026-08-21 01:11:09,2026-08-21 01:10:00,73931.0,73910.0,69323.0,6.6471,6.6169,7.4651,-1.5,68283.15,74498.05,1.045,7,none
2026-08-21 01:16:17,2026-08-21 01:15:00,73936.0,73934.0,69323.0,6.6544,6.6515,7.4651,-1.5,68283.15,74498.05,1.049,7,none
2026-08-21 01:21:03,2026-08-21 01:20:00,74471.0,74471.0,69323.0,7.4261,7.4261,7.4651,-1.5,68283.15,74498.05,1.052,7,none
2026-08-21 01:26:07,2026-08-21 01:25:00,74529.0,74468.0,69323.0,7.5098,7.4218,7.4651,-1.5,68283.15,74498.05,1.056,7,target_reached
2026-08-22 00:06:23,2026-08-22 00:05:00,78013.0,77986.0,78383.0,-0.472,-0.5065,3.1193,-1.5,77207.26,80828.01,0.0,7,none
2026-08-22 00:11:02,2026-08-22 00:10:00,78036.0,77902.0,78383.0,-0.4427,-0.6137,3.1193,-1.5,77207.26,80828.01,0.003,7,none
2026-08-22 00:16:03,2026-08-22 00:15:00,78026.0,77885.0,78383.0,-0.4555,-0.6353,3.1193,-1.5,77207.26,80828.01,0.007,7,none
2026-08-22 00:21:04,2026-08-22 00:20:00,78104.0,78081.0,78383.0,-0.3559,-0.3853,3.1193,-1.5,77207.26,80828.01,0.01,7,none
2026-08-22 00:26:03,2026-08-22 00:25:00,78101.0,78090.0,78383.0,-0.3598,-0.3738,3.1193,-1.5,77207.26,80828.01,0.014,7,none
2026-08-22 00:31:14,2026-08-22 00:30:00,78026.0,77946.0,78383.0,-0.4555,-0.5575,3.1193,-1.5,77207.26,80828.01,0.017,7,none
2026-08-22 00:33:50,2026-08-22 00:32:00,77956.0,77952.0,78383.0,-0.5448,-0.5499,3.1193,-1.5,77207.26,80828.01,0.019,7,none
2026-08-22 00:36:05,2026-08-22 00:35:00,77983.0,77931.0,78383.0,-0.5103,-0.5767,3.1193,-1.5,77207.26,80828.01,0.021,7,none
2026-08-22 00:41:05,2026-08-22 00:40:00,77934.0,77932.0,78383.0,-0.5728,-0.5754,3.1193,-1.5,77207.26,80828.01,0.024,7,none
2026-08-22 00:46:05,2026-08-22 00:45:00,77777.0,77776.0,78383.0,-0.7731,-0.7744,3.1193,-1.5,77207.26,80828.01,0.028,7,none
2026-08-22 00:51:04,2026-08-22 00:50:00,77824.0,77814.0,78383.0,-0.7132,-0.7259,3.1193,-1.5,77207.26,80828.01,0.031,7,none
2026-08-22 00:56:08,2026-08-22 00:55:00,77960.0,77859.0,78383.0,-0.5397,-0.6685,3.1193,-1.5,77207.26,80828.01,0.035,7,none
2026-08-22 01:01:12,2026-08-22 01:00:00,77973.0,77958.0,78383.0,-0.5231,-0.5422,3.1193,-1.5,77207.26,80828.01,0.038,7,none
2026-08-22 01:05:59,2026-08-22 01:04:00,78108.0,78010.0,78383.0,-0.3508,-0.4759,3.1193,-1.5,77207.26,80828.01,0.042,7,none
2026-08-22 01:11:08,2026-08-22 01:10:00,78198.0,78095.0,78383.0,-0.236,-0.3674,3.1193,-1.5,77207.26,80828.01,0.045,7,none
2026-08-22 01:16:06,2026-08-22 01:15:00,78168.0,78122.0,78383.0,-0.2743,-0.333,3.1193,-1.5,77207.26,80828.01,0.049,7,none
2026-08-22 01:21:09,2026-08-22 01:20:00,78006.0,78000.0,78383.0,-0.481,-0.4886,3.1193,-1.5,77207.26,80828.01,0.052,7,none
2026-08-22 01:26:07,2026-08-22 01:25:00,78051.0,78022.0,78383.0,-0.4236,-0.4606,3.1193,-1.5,77207.26,80828.01,0.056,7,none
2026-08-22 01:31:14,2026-08-22 01:30:00,78056.0,78037.0,78383.0,-0.4172,-0.4414,3.1193,-1.5,77207.26,80828.01,0.059,7,none
2026-08-22 01:36:01,2026-08-22 01:35:00,78133.0,78115.0,78383.0,-0.3189,-0.3419,3.1193,-1.5,77207.26,80828.01,0.062,7,none
2026-08-22 01:41:06,2026-08-22 01:40:00,78067.0,78031.0,78383.0,-0.4031,-0.4491,3.1193,-1.5,77207.26,80828.01,0.066,7,none
2026-08-22 01:46:06,2026-08-22 01:45:00,77965.0,77936.0,78383.0,-0.5333,-0.5703,3.1193,-1.5,77207.26,80828.01,0.069,7,none
2026-08-22 01:51:09,2026-08-22 01:50:00,77878.0,77845.0,78383.0,-0.6443,-0.6864,3.1193,-1.5,77207.26,80828.01,0.073,7,none
2026-08-22 01:56:03,2026-08-22 01:55:00,77950.0,77904.0,78383.0,-0.5524,-0.6111,3.1193,-1.5,77207.26,80828.01,0.076,7,none
2026-08-22 02:01:18,2026-08-22 02:00:00,77935.0,77817.0,78383.0,-0.5716,-0.7221,3.1193,-1.5,77207.26,80828.01,0.08,7,none
2026-08-22 02:06:05,2026-08-22 02:05:00,78048.0,77996.0,78383.0,-0.4274,-0.4937,3.1193,-1.5,77207.26,80828.01,0.083,7,none
2026-08-22 02:08:16,2026-08-22 02:07:00,78035.0,77974.0,78383.0,-0.444,-0.5218,3.1193,-1.5,77207.26,80828.01,0.085,7,none
2026-08-22 02:11:03,2026-08-22 02:10:00,78072.0,78039.0,78383.0,-0.3968,-0.4389,3.1193,-1.5,77207.26,80828.01,0.087,7,none
2026-08-22 02:16:06,2026-08-22 02:15:00,78186.0,78067.0,78383.0,-0.2513,-0.4031,3.1193,-1.5,77207.26,80828.01,0.09,7,none
2026-08-22 02:21:09,2026-08-22 02:20:00,78182.0,78139.0,78383.0,-0.2564,-0.3113,3.1193,-1.5,77207.26,80828.01,0.094,7,none
2026-08-22 02:26:03,2026-08-22 02:25:00,78312.0,78221.0,78383.0,-0.0906,-0.2067,3.1193,-1.5,77207.26,80828.01,0.097,7,none
2026-08-22 02:31:12,2026-08-22 02:30:00,78486.0,78406.0,78383.0,0.1314,0.0293,3.1193,-1.5,77207.26,80828.01,0.101,7,none
2026-08-22 02:35:58,2026-08-22 02:34:00,78326.0,78309.0,78383.0,-0.0727,-0.0944,3.1193,-1.5,77207.26,80828.01,0.104,7,none
2026-08-22 02:41:04,2026-08-22 02:40:00,78439.0,78422.0,78383.0,0.0714,0.0498,3.1193,-1.5,77207.26,80828.01,0.108,7,none
2026-08-22 02:46:07,2026-08-22 02:45:00,78469.0,78460.0,78383.0,0.1097,0.0982,3.1193,-1.5,77207.26,80828.01,0.111,7,none
2026-08-22 02:51:09,2026-08-22 02:50:00,78462.0,78377.0,78383.0,0.1008,-0.0077,3.1193,-1.5,77207.26,80828.01,0.115,7,none
2026-08-22 02:56:06,2026-08-22 02:55:00,78498.0,78472.0,78383.0,0.1467,0.1135,3.1193,-1.5,77207.26,80828.01,0.118,7,none
2026-08-22 03:01:17,2026-08-22 03:00:00,78493.0,78472.0,78383.0,0.1403,0.1135,3.1193,-1.5,77207.26,80828.01,0.122,7,none
2026-08-22 03:05:59,2026-08-22 03:04:00,78623.0,78611.0,78383.0,0.3062,0.2909,3.1193,-1.5,77207.26,80828.01,0.125,7,none
2026-08-22 03:11:10,2026-08-22 03:10:00,78549.0,78522.0,78383.0,0.2118,0.1773,3.1193,-1.5,77207.26,80828.01,0.128,7,none
2026-08-22 03:16:13,2026-08-22 03:15:00,78492.0,78410.0,78383.0,0.1391,0.0344,3.1193,-1.5,77207.26,80828.01,0.132,7,none
2026-08-22 03:21:06,2026-08-22 03:20:00,78550.0,78550.0,78383.0,0.2131,0.2131,3.1193,-1.5,77207.26,80828.01,0.135,7,none
2026-08-22 03:26:01,2026-08-22 03:25:00,78760.0,78640.0,78383.0,0.481,0.3279,3.1193,-1.5,77207.26,80828.01,0.139,7,none
2026-08-22 03:31:12,2026-08-22 03:30:00,78835.0,78800.0,78383.0,0.5767,0.532,3.1193,-1.5,77207.26,80828.01,0.142,7,none
2026-08-22 03:33:00,2026-08-22 03:31:00,78821.0,78806.0,78383.0,0.5588,0.5397,3.1193,-1.5,77207.26,80828.01,0.144,7,none
2026-08-22 03:36:05,2026-08-22 03:35:00,78786.0,78716.0,78383.0,0.5141,0.4248,3.1193,-1.5,77207.26,80828.01,0.146,7,none
2026-08-22 03:41:07,2026-08-22 03:40:00,78699.0,78678.0,78383.0,0.4031,0.3764,3.1193,-1.5,77207.26,80828.01,0.149,7,none
2026-08-22 03:46:07,2026-08-22 03:45:00,78635.0,78605.0,78383.0,0.3215,0.2832,3.1193,-1.5,77207.26,80828.01,0.153,7,none
2026-08-22 03:51:09,2026-08-22 03:50:00,78683.0,78605.0,78383.0,0.3827,0.2832,3.1193,-1.5,77207.26,80828.01,0.156,7,none
2026-08-22 03:56:10,2026-08-22 03:55:00,78546.0,78545.0,78383.0,0.208,0.2067,3.1193,-1.5,77207.26,80828.01,0.16,7,none
2026-08-22 04:01:16,2026-08-22 04:00:00,78509.0,78463.0,78383.0,0.1607,0.1021,3.1193,-1.5,77207.26,80828.01,0.163,7,none
2026-08-22 04:06:00,2026-08-22 04:04:00,78431.0,78343.0,78383.0,0.0612,-0.051,3.1193,-1.5,77207.26,80828.01,0.167,7,none
2026-08-22 04:11:07,2026-08-22 04:10:00,78407.0,78368.0,78383.0,0.0306,-0.0191,3.1193,-1.5,77207.26,80828.01,0.17,7,none
2026-08-22 04:16:07,2026-08-22 04:15:00,78401.0,78391.0,78383.0,0.023,0.0102,3.1193,-1.5,77207.26,80828.01,0.174,7,none
2026-08-22 04:21:04,2026-08-22 04:20:00,78400.0,78311.0,78383.0,0.0217,-0.0919,3.1193,-1.5,77207.26,80828.01,0.177,7,none
2026-08-22 04:26:04,2026-08-22 04:25:00,78567.0,78550.0,78383.0,0.2347,0.2131,3.1193,-1.5,77207.26,80828.01,0.18,7,none
2026-08-22 04:31:12,2026-08-22 04:30:00,78585.0,78581.0,78383.0,0.2577,0.2526,3.1193,-1.5,77207.26,80828.01,0.184,7,none
2026-08-22 04:36:06,2026-08-22 04:35:00,78740.0,78667.0,78383.0,0.4555,0.3623,3.1193,-1.5,77207.26,80828.01,0.187,7,none
2026-08-22 04:41:07,2026-08-22 04:40:00,78765.0,78729.0,78383.0,0.4874,0.4414,3.1193,-1.5,77207.26,80828.01,0.191,7,none
2026-08-22 04:46:00,2026-08-22 04:44:00,78722.0,78705.0,78383.0,0.4325,0.4108,3.1193,-1.5,77207.26,80828.01,0.194,7,none
2026-08-22 04:51:07,2026-08-22 04:50:00,78586.0,78585.0,78383.0,0.259,0.2577,3.1193,-1.5,77207.26,80828.01,0.198,7,none
2026-08-22 04:56:07,2026-08-22 04:55:00,78591.0,78560.0,78383.0,0.2654,0.2258,3.1193,-1.5,77207.26,80828.01,0.201,7,none
2026-08-22 05:01:19,2026-08-22 05:00:00,78594.0,78492.0,78383.0,0.2692,0.1391,3.1193,-1.5,77207.26,80828.01,0.205,7,none
2026-08-22 05:06:09,2026-08-22 05:05:00,78578.0,78502.0,78383.0,0.2488,0.1518,3.1193,-1.5,77207.26,80828.01,0.208,7,none
2026-08-22 05:11:07,2026-08-22 05:10:00,76741.0,76651.0,78383.0,-2.0948,-2.2097,3.1193,-1.5,77207.26,80828.01,0.212,7,stop_loss
2026-08-23 00:06:21,2026-08-23 00:05:00,77193.0,77177.0,77133.0,0.0778,0.057,3.6165,-1.5,75976.01,79922.49,0.0,7,none
2026-08-23 00:11:04,2026-08-23 00:10:00,77140.0,77140.0,77133.0,0.0091,0.0091,3.6165,-1.5,75976.01,79922.49,0.003,7,none
2026-08-23 00:16:02,2026-08-23 00:15:00,77114.0,77114.0,77133.0,-0.0246,-0.0246,3.6165,-1.5,75976.01,79922.49,0.007,7,none
2026-08-23 00:21:02,2026-08-23 00:20:00,77160.0,77160.0,77133.0,0.035,0.035,3.6165,-1.5,75976.01,79922.49,0.01,7,none
2026-08-23 00:26:07,2026-08-23 00:25:00,77258.0,77235.0,77133.0,0.1621,0.1322,3.6165,-1.5,75976.01,79922.49,0.014,7,none
2026-08-23 00:31:14,2026-08-23 00:30:00,77292.0,77291.0,77133.0,0.2061,0.2048,3.6165,-1.5,75976.01,79922.49,0.017,7,none
2026-08-23 00:36:09,2026-08-23 00:35:00,77332.0,77325.0,77133.0,0.258,0.2489,3.6165,-1.5,75976.01,79922.49,0.021,7,none
2026-08-23 00:41:10,2026-08-23 00:40:00,77300.0,77296.0,77133.0,0.2165,0.2113,3.6165,-1.5,75976.01,79922.49,0.024,7,none
2026-08-23 00:46:03,2026-08-23 00:45:00,77339.0,77323.0,77133.0,0.2671,0.2463,3.6165,-1.5,75976.01,79922.49,0.028,7,none
2026-08-23 00:51:00,2026-08-23 00:49:00,77382.0,77323.0,77133.0,0.3228,0.2463,3.6165,-1.5,75976.01,79922.49,0.031,7,none
2026-08-23 00:56:01,2026-08-23 00:55:00,77388.0,77368.0,77133.0,0.3306,0.3047,3.6165,-1.5,75976.01,79922.49,0.035,7,none
2026-08-23 01:01:15,2026-08-23 01:00:00,77320.0,77319.0,77133.0,0.2424,0.2411,3.6165,-1.5,75976.01,79922.49,0.038,7,none
2026-08-23 01:06:06,2026-08-23 01:05:00,77318.0,77237.0,77133.0,0.2398,0.1348,3.6165,-1.5,75976.01,79922.49,0.042,7,none
2026-08-23 01:11:07,2026-08-23 01:10:00,77322.0,77306.0,77133.0,0.245,0.2243,3.6165,-1.5,75976.01,79922.49,0.045,7,none
2026-08-23 01:16:08,2026-08-23 01:15:00,77432.0,77431.0,77133.0,0.3876,0.3863,3.6165,-1.5,75976.01,79922.49,0.049,7,none
2026-08-23 01:21:07,2026-08-23 01:20:00,77388.0,77368.0,77133.0,0.3306,0.3047,3.6165,-1.5,75976.01,79922.49,0.052,7,none
2026-08-23 01:26:12,2026-08-23 01:25:00,77321.0,77316.0,77133.0,0.2437,0.2373,3.6165,-1.5,75976.01,79922.49,0.056,7,none
2026-08-23 01:31:09,2026-08-23 01:30:00,77350.0,77324.0,77133.0,0.2813,0.2476,3.6165,-1.5,75976.01,79922.49,0.059,7,none
2026-08-23 01:36:03,2026-08-23 01:35:00,77268.0,77239.0,77133.0,0.175,0.1374,3.6165,-1.5,75976.01,79922.49,0.062,7,none
2026-08-23 01:41:11,2026-08-23 01:40:00,77315.0,77311.0,77133.0,0.236,0.2308,3.6165,-1.5,75976.01,79922.49,0.066,7,none
2026-08-23 01:46:03,2026-08-23 01:45:00,77327.0,77305.0,77133.0,0.2515,0.223,3.6165,-1.5,75976.01,79922.49,0.069,7,none
2026-08-23 01:51:06,2026-08-23 01:50:00,77315.0,77258.0,77133.0,0.236,0.1621,3.6165,-1.5,75976.01,79922.49,0.073,7,none
2026-08-23 01:56:05,2026-08-23 01:55:00,77264.0,77264.0,77133.0,0.1698,0.1698,3.6165,-1.5,75976.01,79922.49,0.076,7,none
2026-08-23 02:01:17,2026-08-23 02:00:00,77235.0,77233.0,77133.0,0.1322,0.1296,3.6165,-1.5,75976.01,79922.49,0.08,7,none
2026-08-23 02:05:59,2026-08-23 02:04:00,77183.0,77183.0,77133.0,0.0648,0.0648,3.6165,-1.5,75976.01,79922.49,0.083,7,none
2026-08-23 02:11:09,2026-08-23 02:10:00,77152.0,77152.0,77133.0,0.0246,0.0246,3.6165,-1.5,75976.01,79922.49,0.087,7,none
2026-08-23 02:16:05,2026-08-23 02:15:00,77169.0,77107.0,77133.0,0.0467,-0.0337,3.6165,-1.5,75976.01,79922.49,0.09,7,none
2026-08-23 02:17:51,2026-08-23 02:16:00,77168.0,77168.0,77133.0,0.0454,0.0454,3.6165,-1.5,75976.01,79922.49,0.091,7,none
2026-08-23 02:21:08,2026-08-23 02:20:00,77157.0,77157.0,77133.0,0.0311,0.0311,3.6165,-1.5,75976.01,79922.49,0.094,7,none
2026-08-23 02:26:09,2026-08-23 02:25:00,77148.0,77112.0,77133.0,0.0194,-0.0272,3.6165,-1.5,75976.01,79922.49,0.097,7,none
2026-08-23 02:31:11,2026-08-23 02:30:00,77175.0,77166.0,77133.0,0.0545,0.0428,3.6165,-1.5,75976.01,79922.49,0.101,7,none
2026-08-23 02:36:02,2026-08-23 02:35:00,77232.0,77232.0,77133.0,0.1283,0.1283,3.6165,-1.5,75976.01,79922.49,0.104,7,none
2026-08-23 02:41:03,2026-08-23 02:40:00,77247.0,77243.0,77133.0,0.1478,0.1426,3.6165,-1.5,75976.01,79922.49,0.108,7,none
2026-08-23 02:46:04,2026-08-23 02:45:00,77219.0,77211.0,77133.0,0.1115,0.1011,3.6165,-1.5,75976.01,79922.49,0.111,7,none
2026-08-23 02:51:06,2026-08-23 02:50:00,77181.0,77181.0,77133.0,0.0622,0.0622,3.6165,-1.5,75976.01,79922.49,0.115,7,none
2026-08-23 02:56:03,2026-08-23 02:55:00,77121.0,77120.0,77133.0,-0.0156,-0.0169,3.6165,-1.5,75976.01,79922.49,0.118,7,none
2026-08-23 03:01:15,2026-08-23 03:00:00,77129.0,77128.0,77133.0,-0.0052,-0.0065,3.6165,-1.5,75976.01,79922.49,0.122,7,none
2026-08-23 03:06:07,2026-08-23 03:05:00,77117.0,77116.0,77133.0,-0.0207,-0.022,3.6165,-1.5,75976.01,79922.49,0.125,7,none
2026-08-23 03:11:03,2026-08-23 03:10:00,77082.0,77068.0,77133.0,-0.0661,-0.0843,3.6165,-1.5,75976.01,79922.49,0.128,7,none
2026-08-23 03:16:05,2026-08-23 03:15:00,77118.0,77118.0,77133.0,-0.0194,-0.0194,3.6165,-1.5,75976.01,79922.49,0.132,7,none
2026-08-23 03:21:03,2026-08-23 03:20:00,77141.0,77128.0,77133.0,0.0104,-0.0065,3.6165,-1.5,75976.01,79922.49,0.135,7,none
2026-08-23 03:26:08,2026-08-23 03:25:00,77088.0,77072.0,77133.0,-0.0583,-0.0791,3.6165,-1.5,75976.01,79922.49,0.139,7,none
2026-08-23 03:31:09,2026-08-23 03:30:00,77008.0,77008.0,77133.0,-0.1621,-0.1621,3.6165,-1.5,75976.01,79922.49,0.142,7,none
2026-08-23 03:36:02,2026-08-23 03:35:00,77003.0,76990.0,77133.0,-0.1685,-0.1854,3.6165,-1.5,75976.01,79922.49,0.146,7,none
2026-08-23 03:41:08,2026-08-23 03:40:00,76945.0,76937.0,77133.0,-0.2437,-0.2541,3.6165,-1.5,75976.01,79922.49,0.149,7,none
2026-08-23 03:46:07,2026-08-23 03:45:00,76956.0,76909.0,77133.0,-0.2295,-0.2904,3.6165,-1.5,75976.01,79922.49,0.153,7,none
2026-08-23 03:51:05,2026-08-23 03:50:00,77002.0,76993.0,77133.0,-0.1698,-0.1815,3.6165,-1.5,75976.01,79922.49,0.156,7,none
2026-08-23 03:56:06,2026-08-23 03:55:00,76997.0,76996.0,77133.0,-0.1763,-0.1776,3.6165,-1.5,75976.01,79922.49,0.16,7,none
2026-08-23 04:01:20,2026-08-23 04:00:00,76956.0,76956.0,77133.0,-0.2295,-0.2295,3.6165,-1.5,75976.01,79922.49,0.163,7,none
2026-08-23 04:06:07,2026-08-23 04:05:00,76927.0,76890.0,77133.0,-0.2671,-0.315,3.6165,-1.5,75976.01,79922.49,0.167,7,none
2026-08-23 04:11:04,2026-08-23 04:10:00,76896.0,76872.0,77133.0,-0.3073,-0.3384,3.6165,-1.5,75976.01,79922.49,0.17,7,none
2026-08-23 04:16:11,2026-08-23 04:15:00,77037.0,77037.0,77133.0,-0.1245,-0.1245,3.6165,-1.5,75976.01,79922.49,0.174,7,none
2026-08-23 04:21:06,2026-08-23 04:20:00,76855.0,76832.0,77133.0,-0.3604,-0.3902,3.6165,-1.5,75976.01,79922.49,0.177,7,none
2026-08-23 04:26:04,2026-08-23 04:25:00,76979.0,76961.0,77133.0,-0.1997,-0.223,3.6165,-1.5,75976.01,79922.49,0.181,7,none
2026-08-23 04:31:06,2026-08-23 04:30:00,76996.0,76996.0,77133.0,-0.1776,-0.1776,3.6165,-1.5,75976.01,79922.49,0.184,7,none
2026-08-23 04:36:04,2026-08-23 04:35:00,76885.0,76883.0,77133.0,-0.3215,-0.3241,3.6165,-1.5,75976.01,79922.49,0.187,7,none
2026-08-23 04:41:01,2026-08-23 04:40:00,76938.0,76901.0,77133.0,-0.2528,-0.3008,3.6165,-1.5,75976.01,79922.49,0.191,7,none
2026-08-23 04:46:09,2026-08-23 04:45:00,76800.0,76800.0,77133.0,-0.4317,-0.4317,3.6165,-1.5,75976.01,79922.49,0.194,7,none
2026-08-23 04:51:13,2026-08-23 04:50:00,76738.0,76671.0,77133.0,-0.5121,-0.599,3.6165,-1.5,75976.01,79922.49,0.198,7,none
2026-08-23 04:55:59,2026-08-23 04:54:00,76739.0,76727.0,77133.0,-0.5108,-0.5264,3.6165,-1.5,75976.01,79922.49,0.201,7,none
2026-08-23 05:01:14,2026-08-23 05:00:00,76740.0,76614.0,77133.0,-0.5095,-0.6729,3.6165,-1.5,75976.01,79922.49,0.205,7,none
2026-08-23 05:06:01,2026-08-23 05:04:00,76624.0,76540.0,77133.0,-0.6599,-0.7688,3.6165,-1.5,75976.01,79922.49,0.208,7,none
2026-08-23 05:11:01,2026-08-23 05:10:00,76409.0,76339.0,77133.0,-0.9386,-1.0294,3.6165,-1.5,75976.01,79922.49,0.212,7,none
2026-08-23 05:16:08,2026-08-23 05:15:00,76055.0,75900.0,77133.0,-1.3976,-1.5985,3.6165,-1.5,75976.01,79922.49,0.215,7,stop_loss
2026-08-24 00:06:19,2026-08-24 00:05:00,77667.0,77667.0,77133.0,0.6923,0.6923,3.6165,-1.5,75976.01,79922.49,0.0,7,none
2026-08-24 00:11:07,2026-08-24 00:10:00,77771.0,77705.0,77133.0,0.8271,0.7416,3.6165,-1.5,75976.01,79922.49,0.003,7,none
2026-08-24 00:16:02,2026-08-24 00:15:00,77669.0,77668.0,77133.0,0.6949,0.6936,3.6165,-1.5,75976.01,79922.49,0.007,7,none
2026-08-24 00:21:07,2026-08-24 00:20:00,77584.0,77558.0,77133.0,0.5847,0.551,3.6165,-1.5,75976.01,79922.49,0.01,7,none
2026-08-24 00:26:01,2026-08-24 00:25:00,77466.0,77428.0,77133.0,0.4317,0.3825,3.6165,-1.5,75976.01,79922.49,0.014,7,none
2026-08-24 00:31:14,2026-08-24 00:30:00,77429.0,77408.0,77133.0,0.3838,0.3565,3.6165,-1.5,75976.01,79922.49,0.017,7,none
2026-08-24 00:36:00,2026-08-24 00:34:00,77539.0,77504.0,77133.0,0.5264,0.481,3.6165,-1.5,75976.01,79922.49,0.021,7,none
2026-08-24 00:41:11,2026-08-24 00:40:00,77469.0,77456.0,77133.0,0.4356,0.4188,3.6165,-1.5,75976.01,79922.49,0.024,7,none
2026-08-24 00:46:04,2026-08-24 00:45:00,77341.0,77271.0,77133.0,0.2697,0.1789,3.6165,-1.5,75976.01,79922.49,0.028,7,none
2026-08-24 00:51:11,2026-08-24 00:50:00,77432.0,77402.0,77133.0,0.3876,0.3487,3.6165,-1.5,75976.01,79922.49,0.031,7,none
2026-08-24 00:56:01,2026-08-24 00:55:00,77570.0,77540.0,77133.0,0.5666,0.5277,3.6165,-1.5,75976.01,79922.49,0.035,7,none
2026-08-24 01:01:12,2026-08-24 01:00:00,77653.0,77652.0,77133.0,0.6742,0.6729,3.6165,-1.5,75976.01,79922.49,0.038,7,none
2026-08-24 01:06:05,2026-08-24 01:05:00,77640.0,77623.0,77133.0,0.6573,0.6353,3.6165,-1.5,75976.01,79922.49,0.042,7,none
2026-08-24 01:11:17,2026-08-24 01:10:00,77567.0,77505.0,77133.0,0.5627,0.4823,3.6165,-1.5,75976.01,79922.49,0.045,7,none
2026-08-24 01:16:09,2026-08-24 01:15:00,77452.0,77414.0,77133.0,0.4136,0.3643,3.6165,-1.5,75976.01,79922.49,0.049,7,none
2026-08-24 01:21:05,2026-08-24 01:20:00,77398.0,77398.0,77133.0,0.3436,0.3436,3.6165,-1.5,75976.01,79922.49,0.052,7,none
2026-08-24 01:26:06,2026-08-24 01:25:00,77332.0,77290.0,77133.0,0.258,0.2035,3.6165,-1.5,75976.01,79922.49,0.056,7,none
2026-08-24 01:31:10,2026-08-24 01:30:00,77279.0,77270.0,77133.0,0.1893,0.1776,3.6165,-1.5,75976.01,79922.49,0.059,7,none
2026-08-24 01:36:08,2026-08-24 01:35:00,77341.0,77340.0,77133.0,0.2697,0.2684,3.6165,-1.5,75976.01,79922.49,0.063,7,none
2026-08-24 01:41:13,2026-08-24 01:40:00,77328.0,77297.0,77133.0,0.2528,0.2126,3.6165,-1.5,75976.01,79922.49,0.066,7,none
2026-08-24 01:46:04,2026-08-24 01:45:00,77272.0,77205.0,77133.0,0.1802,0.0933,3.6165,-1.5,75976.01,79922.49,0.069,7,none
2026-08-24 01:51:08,2026-08-24 01:50:00,77281.0,77251.0,77133.0,0.1919,0.153,3.6165,-1.5,75976.01,79922.49,0.073,7,none
2026-08-24 01:56:06,2026-08-24 01:55:00,77158.0,77157.0,77133.0,0.0324,0.0311,3.6165,-1.5,75976.01,79922.49,0.076,7,none
2026-08-24 02:01:22,2026-08-24 02:00:00,76927.0,76914.0,77133.0,-0.2671,-0.2839,3.6165,-1.5,75976.01,79922.49,0.08,7,none
2026-08-24 02:06:07,2026-08-24 02:05:00,77176.0,77108.0,77133.0,0.0557,-0.0324,3.6165,-1.5,75976.01,79922.49,0.083,7,none
2026-08-24 02:11:10,2026-08-24 02:10:00,77153.0,77126.0,77133.0,0.0259,-0.0091,3.6165,-1.5,75976.01,79922.49,0.087,7,none
2026-08-24 02:16:00,2026-08-24 02:14:00,77417.0,77356.0,77133.0,0.3682,0.2891,3.6165,-1.5,75976.01,79922.49,0.09,7,none
2026-08-24 02:21:04,2026-08-24 02:20:00,77480.0,77480.0,77133.0,0.4499,0.4499,3.6165,-1.5,75976.01,79922.49,0.094,7,none
2026-08-24 02:26:03,2026-08-24 02:25:00,77529.0,77501.0,77133.0,0.5134,0.4771,3.6165,-1.5,75976.01,79922.49,0.097,7,none
2026-08-24 02:31:10,2026-08-24 02:30:00,77478.0,77475.0,77133.0,0.4473,0.4434,3.6165,-1.5,75976.01,79922.49,0.101,7,none
2026-08-24 02:36:00,2026-08-24 02:34:00,77541.0,77511.0,77133.0,0.529,0.4901,3.6165,-1.5,75976.01,79922.49,0.104,7,none
2026-08-24 02:41:09,2026-08-24 02:40:00,77538.0,77442.0,77133.0,0.5251,0.4006,3.6165,-1.5,75976.01,79922.49,0.108,7,none
2026-08-24 02:46:07,2026-08-24 02:45:00,77461.0,77461.0,77133.0,0.4252,0.4252,3.6165,-1.5,75976.01,79922.49,0.111,7,none
2026-08-24 02:51:08,2026-08-24 02:50:00,77389.0,77389.0,77133.0,0.3319,0.3319,3.6165,-1.5,75976.01,79922.49,0.115,7,none
2026-08-24 02:56:04,2026-08-24 02:55:00,77574.0,77439.0,77133.0,0.5717,0.3967,3.6165,-1.5,75976.01,79922.49,0.118,7,none
2026-08-24 03:01:16,2026-08-24 03:00:00,77562.0,77521.0,77133.0,0.5562,0.503,3.6165,-1.5,75976.01,79922.49,0.122,7,none
2026-08-24 03:06:06,2026-08-24 03:05:00,77366.0,77366.0,77133.0,0.3021,0.3021,3.6165,-1.5,75976.01,79922.49,0.125,7,none
2026-08-24 03:11:06,2026-08-24 03:10:00,77358.0,77343.0,77133.0,0.2917,0.2723,3.6165,-1.5,75976.01,79922.49,0.128,7,none
2026-08-24 03:16:06,2026-08-24 03:15:00,77270.0,77247.0,77133.0,0.1776,0.1478,3.6165,-1.5,75976.01,79922.49,0.132,7,none
2026-08-24 03:21:11,2026-08-24 03:20:00,77234.0,77221.0,77133.0,0.1309,0.1141,3.6165,-1.5,75976.01,79922.49,0.135,7,none
2026-08-24 03:26:08,2026-08-24 03:25:00,77235.0,77235.0,77133.0,0.1322,0.1322,3.6165,-1.5,75976.01,79922.49,0.139,7,none
2026-08-24 03:31:11,2026-08-24 03:30:00,77119.0,77061.0,77133.0,-0.0182,-0.0933,3.6165,-1.5,75976.01,79922.49,0.142,7,none
2026-08-24 03:36:04,2026-08-24 03:35:00,77119.0,77117.0,77133.0,-0.0182,-0.0207,3.6165,-1.5,75976.01,79922.49,0.146,7,none
2026-08-24 03:41:08,2026-08-24 03:40:00,77018.0,77000.0,77133.0,-0.1491,-0.1724,3.6165,-1.5,75976.01,79922.49,0.149,7,none
2026-08-24 03:43:47,2026-08-24 03:42:00,77058.0,77028.0,77133.0,-0.0972,-0.1361,3.6165,-1.5,75976.01,79922.49,0.151,7,none
2026-08-24 03:46:08,2026-08-24 03:45:00,77061.0,77025.0,77133.0,-0.0933,-0.14,3.6165,-1.5,75976.01,79922.49,0.153,7,none
2026-08-24 03:51:07,2026-08-24 03:50:00,77183.0,77063.0,77133.0,0.0648,-0.0908,3.6165,-1.5,75976.01,79922.49,0.156,7,none
2026-08-24 03:56:02,2026-08-24 03:55:00,77029.0,77017.0,77133.0,-0.1348,-0.1504,3.6165,-1.5,75976.01,79922.49,0.16,7,none
2026-08-24 04:01:16,2026-08-24 04:00:00,77045.0,76976.0,77133.0,-0.1141,-0.2035,3.6165,-1.5,75976.01,79922.49,0.163,7,none
2026-08-24 04:06:03,2026-08-24 04:05:00,77108.0,77101.0,77133.0,-0.0324,-0.0415,3.6165,-1.5,75976.01,79922.49,0.167,7,none
2026-08-24 04:11:14,2026-08-24 04:10:00,77085.0,77061.0,77133.0,-0.0622,-0.0933,3.6165,-1.5,75976.01,79922.49,0.17,7,none
2026-08-24 04:16:09,2026-08-24 04:15:00,77178.0,77084.0,77133.0,0.0583,-0.0635,3.6165,-1.5,75976.01,79922.49,0.174,7,none
2026-08-24 04:21:08,2026-08-24 04:20:00,77267.0,77218.0,77133.0,0.1737,0.1102,3.6165,-1.5,75976.01,79922.49,0.177,7,none
2026-08-24 04:26:01,2026-08-24 04:25:00,77261.0,77221.0,77133.0,0.1659,0.1141,3.6165,-1.5,75976.01,79922.49,0.181,7,none
2026-08-24 04:31:12,2026-08-24 04:30:00,77269.0,77264.0,77133.0,0.1763,0.1698,3.6165,-1.5,75976.01,79922.49,0.184,7,none
2026-08-24 04:34:32,2026-08-24 04:33:00,77247.0,77242.0,77133.0,0.1478,0.1413,3.6165,-1.5,75976.01,79922.49,0.186,7,none
2026-08-24 04:36:00,2026-08-24 04:34:00,77256.0,77247.0,77133.0,0.1595,0.1478,3.6165,-1.5,75976.01,79922.49,0.187,7,none
2026-08-24 04:41:08,2026-08-24 04:40:00,77115.0,77110.0,77133.0,-0.0233,-0.0298,3.6165,-1.5,75976.01,79922.49,0.191,7,none
2026-08-24 04:46:05,2026-08-24 04:45:00,77107.0,77061.0,77133.0,-0.0337,-0.0933,3.6165,-1.5,75976.01,79922.49,0.194,7,none
2026-08-24 04:51:08,2026-08-24 04:50:00,76936.0,76919.0,77133.0,-0.2554,-0.2774,3.6165,-1.5,75976.01,79922.49,0.198,7,none
2026-08-24 04:56:01,2026-08-24 04:55:00,76862.0,76853.0,77133.0,-0.3513,-0.363,3.6165,-1.5,75976.01,79922.49,0.201,7,none
2026-08-24 05:01:12,2026-08-24 05:00:00,76918.0,76905.0,77133.0,-0.2787,-0.2956,3.6165,-1.5,75976.01,79922.49,0.205,7,none
2026-08-24 05:06:01,2026-08-24 05:05:00,76991.0,76990.0,77133.0,-0.1841,-0.1854,3.6165,-1.5,75976.01,79922.49,0.208,7,none
2026-08-24 05:11:03,2026-08-24 05:10:00,77060.0,77046.0,77133.0,-0.0946,-0.1128,3.6165,-1.5,75976.01,79922.49,0.212,7,none
2026-08-24 05:16:08,2026-08-24 05:15:00,77183.0,77169.0,77133.0,0.0648,0.0467,3.6165,-1.5,75976.01,79922.49,0.215,7,none
2026-08-24 05:21:13,2026-08-24 05:20:00,77050.0,77035.0,77133.0,-0.1076,-0.1271,3.6165,-1.5,75976.01,79922.49,0.219,7,none
2026-08-24 05:26:02,2026-08-24 05:25:00,77136.0,77101.0,77133.0,0.0039,-0.0415,3.6165,-1.5,75976.01,79922.49,0.222,7,none
2026-08-24 05:28:50,2026-08-24 05:27:00,77156.0,77153.0,77133.0,0.0298,0.0259,3.6165,-1.5,75976.01,79922.49,0.224,7,none
2026-08-24 05:31:11,2026-08-24 05:30:00,77035.0,77035.0,77133.0,-0.1271,-0.1271,3.6165,-1.5,75976.01,79922.49,0.226,7,none
2026-08-24 05:36:08,2026-08-24 05:35:00,76938.0,76910.0,77133.0,-0.2528,-0.2891,3.6165,-1.5,75976.01,79922.49,0.229,7,none
2026-08-24 05:41:02,2026-08-24 05:40:00,77169.0,77075.0,77133.0,0.0467,-0.0752,3.6165,-1.5,75976.01,79922.49,0.233,7,none
2026-08-24 05:46:05,2026-08-24 05:45:00,77155.0,77136.0,77133.0,0.0285,0.0039,3.6165,-1.5,75976.01,79922.49,0.236,7,none
2026-08-24 05:51:06,2026-08-24 05:50:00,77082.0,77082.0,77133.0,-0.0661,-0.0661,3.6165,-1.5,75976.01,79922.49,0.24,7,none
2026-08-24 05:56:02,2026-08-24 05:55:00,77137.0,77137.0,77133.0,0.0052,0.0052,3.6165,-1.5,75976.01,79922.49,0.243,7,none
2026-08-24 06:01:18,2026-08-24 06:00:00,77220.0,77185.0,77133.0,0.1128,0.0674,3.6165,-1.5,75976.01,79922.49,0.247,7,none
2026-08-24 06:06:05,2026-08-24 06:05:00,77167.0,77138.0,77133.0,0.0441,0.0065,3.6165,-1.5,75976.01,79922.49,0.25,7,none
2026-08-24 06:11:09,2026-08-24 06:10:00,77218.0,77216.0,77133.0,0.1102,0.1076,3.6165,-1.5,75976.01,79922.49,0.254,7,none
2026-08-24 06:16:07,2026-08-24 06:15:00,77461.0,77449.0,77133.0,0.4252,0.4097,3.6165,-1.5,75976.01,79922.49,0.257,7,none
2026-08-24 06:21:09,2026-08-24 06:20:00,77389.0,77389.0,77133.0,0.3319,0.3319,3.6165,-1.5,75976.01,79922.49,0.26,7,none
2026-08-24 06:26:01,2026-08-24 06:25:00,77420.0,77420.0,77133.0,0.3721,0.3721,3.6165,-1.5,75976.01,79922.49,0.264,7,none
2026-08-24 06:31:15,2026-08-24 06:30:00,77401.0,77386.0,77133.0,0.3475,0.328,3.6165,-1.5,75976.01,79922.49,0.267,7,none
2026-08-24 06:34:10,2026-08-24 06:33:00,77315.0,77312.0,77133.0,0.236,0.2321,3.6165,-1.5,75976.01,79922.49,0.269,7,none
2026-08-24 06:36:02,2026-08-24 06:35:00,77322.0,77319.0,77133.0,0.245,0.2411,3.6165,-1.5,75976.01,79922.49,0.271,7,none
2026-08-24 06:41:03,2026-08-24 06:40:00,77278.0,77269.0,77133.0,0.188,0.1763,3.6165,-1.5,75976.01,79922.49,0.274,7,none
2026-08-24 06:46:03,2026-08-24 06:45:00,77419.0,77391.0,77133.0,0.3708,0.3345,3.6165,-1.5,75976.01,79922.49,0.278,7,none
2026-08-24 06:51:06,2026-08-24 06:50:00,77542.0,77521.0,77133.0,0.5303,0.503,3.6165,-1.5,75976.01,79922.49,0.281,7,none
2026-08-24 06:56:05,2026-08-24 06:55:00,77491.0,77490.0,77133.0,0.4641,0.4628,3.6165,-1.5,75976.01,79922.49,0.285,7,none
2026-08-24 07:01:14,2026-08-24 07:00:00,77550.0,77511.0,77133.0,0.5406,0.4901,3.6165,-1.5,75976.01,79922.49,0.288,7,none
2026-08-24 07:06:04,2026-08-24 07:05:00,77551.0,77550.0,77133.0,0.5419,0.5406,3.6165,-1.5,75976.01,79922.49,0.292,7,none
2026-08-24 07:11:06,2026-08-24 07:10:00,77649.0,77599.0,77133.0,0.669,0.6042,3.6165,-1.5,75976.01,79922.49,0.295,7,none
2026-08-24 07:16:29,2026-08-24 07:15:00,77737.0,77737.0,77133.0,0.7831,0.7831,3.6165,-1.5,75976.01,79922.49,0.299,7,none
2026-08-24 07:21:11,2026-08-24 07:20:00,77657.0,77649.0,77133.0,0.6793,0.669,3.6165,-1.5,75976.01,79922.49,0.302,7,none
2026-08-24 07:26:18,2026-08-24 07:25:00,77718.0,77710.0,77133.0,0.7584,0.7481,3.6165,-1.5,75976.01,79922.49,0.306,7,none
2026-08-24 07:31:06,2026-08-24 07:30:00,77600.0,77582.0,77133.0,0.6054,0.5821,3.6165,-1.5,75976.01,79922.49,0.309,7,none
2026-08-24 07:36:07,2026-08-24 07:35:00,77535.0,77534.0,77133.0,0.5212,0.5199,3.6165,-1.5,75976.01,79922.49,0.313,7,none
2026-08-24 07:41:06,2026-08-24 07:40:00,77512.0,77512.0,77133.0,0.4914,0.4914,3.6165,-1.5,75976.01,79922.49,0.316,7,none
2026-08-24 07:46:04,2026-08-24 07:45:00,77421.0,77392.0,77133.0,0.3734,0.3358,3.6165,-1.5,75976.01,79922.49,0.319,7,none
2026-08-24 07:48:56,2026-08-24 07:47:00,77468.0,77442.0,77133.0,0.4343,0.4006,3.6165,-1.5,75976.01,79922.49,0.321,7,none
2026-08-24 07:50:59,2026-08-24 07:49:00,77430.0,77425.0,77133.0,0.385,0.3786,3.6165,-1.5,75976.01,79922.49,0.323,7,none
2026-08-24 07:56:04,2026-08-24 07:55:00,77366.0,77366.0,77133.0,0.3021,0.3021,3.6165,-1.5,75976.01,79922.49,0.326,7,none
2026-08-24 08:01:19,2026-08-24 08:00:00,77381.0,77361.0,77133.0,0.3215,0.2956,3.6165,-1.5,75976.01,79922.49,0.33,7,none
2026-08-24 08:06:09,2026-08-24 08:05:00,77359.0,77310.0,77133.0,0.293,0.2295,3.6165,-1.5,75976.01,79922.49,0.333,7,none
2026-08-24 08:11:07,2026-08-24 08:10:00,77370.0,77370.0,77133.0,0.3073,0.3073,3.6165,-1.5,75976.01,79922.49,0.337,7,none
2026-08-24 08:16:06,2026-08-24 08:15:00,77238.0,77238.0,77133.0,0.1361,0.1361,3.6165,-1.5,75976.01,79922.49,0.34,7,none
2026-08-24 08:21:13,2026-08-24 08:20:00,77169.0,77167.0,77133.0,0.0467,0.0441,3.6165,-1.5,75976.01,79922.49,0.344,7,none
2026-08-24 08:26:01,2026-08-24 08:25:00,76973.0,76952.0,77133.0,-0.2074,-0.2347,3.6165,-1.5,75976.01,79922.49,0.347,7,none
2026-08-24 08:31:09,2026-08-24 08:30:00,76979.0,76946.0,77133.0,-0.1997,-0.2424,3.6165,-1.5,75976.01,79922.49,0.351,7,none
2026-08-24 08:35:30,2026-08-24 08:34:00,77067.0,77066.0,77133.0,-0.0856,-0.0869,3.6165,-1.5,75976.01,79922.49,0.354,7,none
2026-08-24 08:41:05,2026-08-24 08:40:00,77114.0,77114.0,77133.0,-0.0246,-0.0246,3.6165,-1.5,75976.01,79922.49,0.358,7,none
2026-08-24 08:46:07,2026-08-24 08:45:00,77159.0,77143.0,77133.0,0.0337,0.013,3.6165,-1.5,75976.01,79922.49,0.361,7,none
2026-08-24 08:51:04,2026-08-24 08:50:00,77142.0,77141.0,77133.0,0.0117,0.0104,3.6165,-1.5,75976.01,79922.49,0.365,7,none
2026-08-24 08:56:05,2026-08-24 08:55:00,77109.0,77079.0,77133.0,-0.0311,-0.07,3.6165,-1.5,75976.01,79922.49,0.368,7,none
2026-08-24 09:01:13,2026-08-24 09:00:00,77080.0,77069.0,77133.0,-0.0687,-0.083,3.6165,-1.5,75976.01,79922.49,0.372,7,none
2026-08-24 09:06:09,2026-08-24 09:05:00,77214.0,77209.0,77133.0,0.105,0.0985,3.6165,-1.5,75976.01,79922.49,0.375,7,none
2026-08-24 09:11:10,2026-08-24 09:10:00,77254.0,77239.0,77133.0,0.1569,0.1374,3.6165,-1.5,75976.01,79922.49,0.379,7,none
2026-08-24 09:16:09,2026-08-24 09:15:00,77407.0,77337.0,77133.0,0.3552,0.2645,3.6165,-1.5,75976.01,79922.49,0.382,7,none
2026-08-24 09:21:15,2026-08-24 09:20:00,77384.0,77316.0,77133.0,0.3254,0.2373,3.6165,-1.5,75976.01,79922.49,0.386,7,none
2026-08-24 09:26:03,2026-08-24 09:25:00,77280.0,77256.0,77133.0,0.1906,0.1595,3.6165,-1.5,75976.01,79922.49,0.389,7,none
2026-08-24 09:31:03,2026-08-24 09:30:00,77453.0,77450.0,77133.0,0.4149,0.411,3.6165,-1.5,75976.01,79922.49,0.392,7,none
2026-08-24 09:35:42,2026-08-24 09:34:00,77467.0,77445.0,77133.0,0.433,0.4045,3.6165,-1.5,75976.01,79922.49,0.396,7,none
2026-08-24 09:41:10,2026-08-24 09:40:00,77494.0,77493.0,77133.0,0.468,0.4667,3.6165,-1.5,75976.01,79922.49,0.399,7,none
2026-08-24 09:45:59,2026-08-24 09:44:00,77502.0,77501.0,77133.0,0.4784,0.4771,3.6165,-1.5,75976.01,79922.49,0.403,7,none
2026-08-24 09:51:09,2026-08-24 09:50:00,77532.0,77531.0,77133.0,0.5173,0.516,3.6165,-1.5,75976.01,79922.49,0.406,7,none
2026-08-24 09:56:04,2026-08-24 09:55:00,77633.0,77622.0,77133.0,0.6482,0.634,3.6165,-1.5,75976.01,79922.49,0.41,7,none
2026-08-24 10:01:15,2026-08-24 10:00:00,77609.0,77583.0,77133.0,0.6171,0.5834,3.6165,-1.5,75976.01,79922.49,0.413,7,none
2026-08-24 10:06:01,2026-08-24 10:05:00,77643.0,77643.0,77133.0,0.6612,0.6612,3.6165,-1.5,75976.01,79922.49,0.417,7,none
2026-08-24 10:11:09,2026-08-24 10:10:00,77777.0,77733.0,77133.0,0.8349,0.7779,3.6165,-1.5,75976.01,79922.49,0.42,7,none
2026-08-24 10:16:03,2026-08-24 10:15:00,77815.0,77813.0,77133.0,0.8842,0.8816,3.6165,-1.5,75976.01,79922.49,0.424,7,none
2026-08-24 10:21:08,2026-08-24 10:20:00,77914.0,77909.0,77133.0,1.0125,1.0061,3.6165,-1.5,75976.01,79922.49,0.427,7,none
2026-08-24 10:26:06,2026-08-24 10:25:00,77891.0,77868.0,77133.0,0.9827,0.9529,3.6165,-1.5,75976.01,79922.49,0.431,7,none
2026-08-24 10:26:57,2026-08-24 10:25:00,77891.0,77868.0,77133.0,0.9827,0.9529,3.6165,-1.5,75976.01,79922.49,0.431,7,none
2026-08-24 10:31:08,2026-08-24 10:30:00,77935.0,77888.0,77133.0,1.0398,0.9788,3.6165,-1.5,75976.01,79922.49,0.434,7,none
2026-08-24 10:36:01,2026-08-24 10:35:00,77989.0,77958.0,77133.0,1.1098,1.0696,3.6165,-1.5,75976.01,79922.49,0.437,7,none
2026-08-24 10:41:09,2026-08-24 10:40:00,77824.0,77824.0,77133.0,0.8959,0.8959,3.6165,-1.5,75976.01,79922.49,0.441,7,none
2026-08-24 10:46:05,2026-08-24 10:45:00,77846.0,77771.0,77133.0,0.9244,0.8271,3.6165,-1.5,75976.01,79922.49,0.444,7,none
2026-08-24 10:51:11,2026-08-24 10:50:00,77750.0,77750.0,77133.0,0.7999,0.7999,3.6165,-1.5,75976.01,79922.49,0.448,7,none
2026-08-24 10:56:04,2026-08-24 10:55:00,77633.0,77632.0,77133.0,0.6482,0.6469,3.6165,-1.5,75976.01,79922.49,0.451,7,none
2026-08-24 11:01:13,2026-08-24 11:00:00,77613.0,77612.0,77133.0,0.6223,0.621,3.6165,-1.5,75976.01,79922.49,0.455,7,none
2026-08-24 11:06:06,2026-08-24 11:05:00,77612.0,77603.0,77133.0,0.621,0.6093,3.6165,-1.5,75976.01,79922.49,0.458,7,none
2026-08-24 11:11:04,2026-08-24 11:10:00,77792.0,77731.0,77133.0,0.8544,0.7753,3.6165,-1.5,75976.01,79922.49,0.462,7,none
2026-08-24 11:16:04,2026-08-24 11:15:00,77846.0,77821.0,77133.0,0.9244,0.892,3.6165,-1.5,75976.01,79922.49,0.465,7,none
2026-08-24 11:17:29,2026-08-24 11:16:00,77831.0,77766.0,77133.0,0.9049,0.8207,3.6165,-1.5,75976.01,79922.49,0.466,7,none
2026-08-24 11:21:04,2026-08-24 11:20:00,77910.0,77875.0,77133.0,1.0074,0.962,3.6165,-1.5,75976.01,79922.49,0.469,7,none
2026-08-24 11:25:59,2026-08-24 11:24:00,77864.0,77854.0,77133.0,0.9477,0.9347,3.6165,-1.5,75976.01,79922.49,0.472,7,none
2026-08-24 11:31:21,2026-08-24 11:30:00,77887.0,77880.0,77133.0,0.9775,0.9685,3.6165,-1.5,75976.01,79922.49,0.476,7,none
2026-08-24 11:36:09,2026-08-24 11:35:00,78348.0,78202.0,77133.0,1.5752,1.3859,3.6165,-1.5,75976.01,79922.49,0.479,7,none
2026-08-24 11:41:06,2026-08-24 11:40:00,78556.0,78344.0,77133.0,1.8449,1.57,3.6165,-1.5,75976.01,79922.49,0.483,7,none
2026-08-24 11:46:02,2026-08-24 11:45:00,78513.0,78511.0,77133.0,1.7891,1.7865,3.6165,-1.5,75976.01,79922.49,0.486,7,none
2026-08-24 11:51:10,2026-08-24 11:50:00,78200.0,78200.0,77133.0,1.3833,1.3833,3.6165,-1.5,75976.01,79922.49,0.49,7,none
2026-08-24 11:56:07,2026-08-24 11:55:00,78246.0,78206.0,77133.0,1.443,1.3911,3.6165,-1.5,75976.01,79922.49,0.493,7,none
2026-08-24 12:01:18,2026-08-24 12:00:00,78399.0,78380.0,77133.0,1.6413,1.6167,3.6165,-1.5,75976.01,79922.49,0.497,7,none
2026-08-24 12:06:07,2026-08-24 12:05:00,78220.0,78220.0,77133.0,1.4093,1.4093,3.6165,-1.5,75976.01,79922.49,0.5,7,none
2026-08-24 12:11:04,2026-08-24 12:10:00,78279.0,78247.0,77133.0,1.4857,1.4443,3.6165,-1.5,75976.01,79922.49,0.503,7,none
2026-08-24 12:16:05,2026-08-24 12:15:00,78250.0,78191.0,77133.0,1.4481,1.3717,3.6165,-1.5,75976.01,79922.49,0.507,7,none
2026-08-24 12:21:03,2026-08-24 12:20:00,78293.0,78292.0,77133.0,1.5039,1.5026,3.6165,-1.5,75976.01,79922.49,0.51,7,none
2026-08-24 12:23:28,2026-08-24 12:22:00,78402.0,78387.0,77133.0,1.6452,1.6258,3.6165,-1.5,75976.01,79922.49,0.512,7,none
2026-08-24 12:26:02,2026-08-24 12:25:00,78525.0,78465.0,77133.0,1.8047,1.7269,3.6165,-1.5,75976.01,79922.49,0.514,7,none
2026-08-24 12:31:04,2026-08-24 12:30:00,78594.0,78493.0,77133.0,1.8941,1.7632,3.6165,-1.5,75976.01,79922.49,0.517,7,none
2026-08-24 12:36:11,2026-08-24 12:35:00,78651.0,78590.0,77133.0,1.968,1.8889,3.6165,-1.5,75976.01,79922.49,0.521,7,none
2026-08-24 12:41:00,2026-08-24 12:39:00,78760.0,78701.0,77133.0,2.1093,2.0329,3.6165,-1.5,75976.01,79922.49,0.524,7,none
2026-08-24 12:46:07,2026-08-24 12:45:00,78834.0,78785.0,77133.0,2.2053,2.1418,3.6165,-1.5,75976.01,79922.49,0.528,7,none
2026-08-24 12:51:10,2026-08-24 12:50:00,79116.0,79025.0,77133.0,2.5709,2.4529,3.6165,-1.5,75976.01,79922.49,0.531,7,none
2026-08-24 12:56:01,2026-08-24 12:55:00,79261.0,79194.0,77133.0,2.7589,2.672,3.6165,-1.5,75976.01,79922.49,0.535,7,none
2026-08-24 13:01:22,2026-08-24 13:00:00,79152.0,79135.0,77133.0,2.6176,2.5955,3.6165,-1.5,75976.01,79922.49,0.538,7,none
2026-08-24 13:06:08,2026-08-24 13:05:00,79094.0,79061.0,77133.0,2.5424,2.4996,3.6165,-1.5,75976.01,79922.49,0.542,7,none
2026-08-24 13:11:05,2026-08-24 13:10:00,79337.0,79297.0,77133.0,2.8574,2.8055,3.6165,-1.5,75976.01,79922.49,0.545,7,none
2026-08-24 13:16:11,2026-08-24 13:15:00,79084.0,79084.0,77133.0,2.5294,2.5294,3.6165,-1.5,75976.01,79922.49,0.549,7,none
2026-08-24 13:21:12,2026-08-24 13:20:00,79104.0,79050.0,77133.0,2.5553,2.4853,3.6165,-1.5,75976.01,79922.49,0.552,7,none
2026-08-24 13:26:03,2026-08-24 13:25:00,79095.0,78983.0,77133.0,2.5437,2.3985,3.6165,-1.5,75976.01,79922.49,0.556,7,none
2026-08-24 13:31:12,2026-08-24 13:30:00,79068.0,78994.0,77133.0,2.5087,2.4127,3.6165,-1.5,75976.01,79922.49,0.559,7,none
2026-08-24 13:36:09,2026-08-24 13:35:00,78924.0,78834.0,77133.0,2.322,2.2053,3.6165,-1.5,75976.01,79922.49,0.563,7,none
2026-08-24 13:41:10,2026-08-24 13:40:00,78532.0,78500.0,77133.0,1.8138,1.7723,3.6165,-1.5,75976.01,79922.49,0.566,7,none
2026-08-24 13:46:05,2026-08-24 13:45:00,78084.0,78084.0,77133.0,1.2329,1.2329,3.6165,-1.5,75976.01,79922.49,0.569,7,none
2026-08-24 13:51:12,2026-08-24 13:50:00,78404.0,78281.0,77133.0,1.6478,1.4883,3.6165,-1.5,75976.01,79922.49,0.573,7,none
2026-08-24 13:56:22,2026-08-24 13:55:00,78461.0,78364.0,77133.0,1.7217,1.5959,3.6165,-1.5,75976.01,79922.49,0.577,7,none
2026-08-24 14:01:21,2026-08-24 14:00:00,78758.0,78647.0,77133.0,2.1068,1.9628,3.6165,-1.5,75976.01,79922.49,0.58,7,none
2026-08-24 14:06:09,2026-08-24 14:05:00,78925.0,78768.0,77133.0,2.3233,2.1197,3.6165,-1.5,75976.01,79922.49,0.583,7,none
2026-08-24 14:11:06,2026-08-24 14:10:00,79151.0,79007.0,77133.0,2.6163,2.4296,3.6165,-1.5,75976.01,79922.49,0.587,7,none
2026-08-24 14:16:17,2026-08-24 14:15:00,79317.0,79264.0,77133.0,2.8315,2.7628,3.6165,-1.5,75976.01,79922.49,0.59,7,none
2026-08-24 14:21:08,2026-08-24 14:20:00,79289.0,79181.0,77133.0,2.7952,2.6552,3.6165,-1.5,75976.01,79922.49,0.594,7,none
2026-08-24 14:26:04,2026-08-24 14:25:00,79118.0,79004.0,77133.0,2.5735,2.4257,3.6165,-1.5,75976.01,79922.49,0.597,7,none
2026-08-24 14:31:16,2026-08-24 14:30:00,79552.0,79405.0,77133.0,3.1361,2.9456,3.6165,-1.5,75976.01,79922.49,0.601,7,none
2026-08-24 14:36:10,2026-08-24 14:35:00,79715.0,79662.0,77133.0,3.3475,3.2788,3.6165,-1.5,75976.01,79922.49,0.604,7,none
2026-08-24 14:41:11,2026-08-24 14:40:00,79754.0,79650.0,77133.0,3.398,3.2632,3.6165,-1.5,75976.01,79922.49,0.608,7,none
2026-08-24 14:46:09,2026-08-24 14:45:00,79746.0,79627.0,77133.0,3.3877,3.2334,3.6165,-1.5,75976.01,79922.49,0.611,7,none
2026-08-24 14:56:11,2026-08-24 14:55:00,79400.0,79331.0,77133.0,2.9391,2.8496,3.6165,-1.5,75976.01,79922.49,0.618,7,none
2026-08-24 15:01:23,2026-08-24 15:00:00,79508.0,79469.0,77133.0,3.0791,3.0285,3.6165,-1.5,75976.01,79922.49,0.622,7,none
2026-08-24 15:06:05,2026-08-24 15:05:00,79573.0,79474.0,77133.0,3.1634,3.035,3.6165,-1.5,75976.01,79922.49,0.625,7,none
2026-08-24 15:11:10,2026-08-24 15:10:00,79650.0,79601.0,77133.0,3.2632,3.1997,3.6165,-1.5,75976.01,79922.49,0.629,7,none
2026-08-24 15:16:12,2026-08-24 15:15:00,79674.0,79601.0,77133.0,3.2943,3.1997,3.6165,-1.5,75976.01,79922.49,0.632,7,none
2026-08-24 15:21:13,2026-08-24 15:20:00,79838.0,79782.0,77133.0,3.5069,3.4343,3.6165,-1.5,75976.01,79922.49,0.635,7,none
2026-08-24 15:26:07,2026-08-24 15:25:00,79819.0,79760.0,77133.0,3.4823,3.4058,3.6165,-1.5,75976.01,79922.49,0.639,7,none
2026-08-24 15:28:38,2026-08-24 15:27:00,80000.0,79940.0,77133.0,3.717,3.6392,3.6165,-1.5,75976.01,79922.49,0.641,7,target_reached
2026-08-25 00:06:21,2026-08-25 00:05:00,78942.0,78918.0,78996.0,-0.0684,-0.0987,3.7335,-1.5,77811.06,81945.32,0.0,7,none
2026-08-25 00:11:02,2026-08-25 00:10:00,78994.0,78927.0,78996.0,-0.0025,-0.0873,3.7335,-1.5,77811.06,81945.32,0.003,7,none
2026-08-25 00:16:00,2026-08-25 00:15:00,78876.0,78868.0,78996.0,-0.1519,-0.162,3.7335,-1.5,77811.06,81945.32,0.007,7,none
2026-08-25 00:21:09,2026-08-25 00:20:00,78769.0,78754.0,78996.0,-0.2874,-0.3063,3.7335,-1.5,77811.06,81945.32,0.01,7,none
2026-08-25 00:26:13,2026-08-25 00:25:00,78869.0,78802.0,78996.0,-0.1608,-0.2456,3.7335,-1.5,77811.06,81945.32,0.014,7,none
2026-08-25 00:31:14,2026-08-25 00:30:00,78793.0,78770.0,78996.0,-0.257,-0.2861,3.7335,-1.5,77811.06,81945.32,0.017,7,none
2026-08-25 00:35:25,2026-08-25 00:34:00,78775.0,78759.0,78996.0,-0.2798,-0.3,3.7335,-1.5,77811.06,81945.32,0.02,7,none
2026-08-25 00:41:11,2026-08-25 00:40:00,78921.0,78921.0,78996.0,-0.0949,-0.0949,3.7335,-1.5,77811.06,81945.32,0.024,7,none
2026-08-25 00:46:08,2026-08-25 00:45:00,79548.0,79355.0,78996.0,0.6988,0.4545,3.7335,-1.5,77811.06,81945.32,0.028,7,none
2026-08-25 00:51:06,2026-08-25 00:50:00,79701.0,79486.0,78996.0,0.8925,0.6203,3.7335,-1.5,77811.06,81945.32,0.031,7,none
2026-08-25 00:56:06,2026-08-25 00:55:00,79856.0,79790.0,78996.0,1.0887,1.0051,3.7335,-1.5,77811.06,81945.32,0.035,7,none
2026-08-25 01:01:23,2026-08-25 01:00:00,79806.0,79715.0,78996.0,1.0254,0.9102,3.7335,-1.5,77811.06,81945.32,0.038,7,none
2026-08-25 01:06:03,2026-08-25 01:05:00,79859.0,79838.0,78996.0,1.0925,1.0659,3.7335,-1.5,77811.06,81945.32,0.042,7,none
2026-08-25 01:11:11,2026-08-25 01:10:00,79696.0,79639.0,78996.0,0.8861,0.814,3.7335,-1.5,77811.06,81945.32,0.045,7,none
2026-08-25 01:16:08,2026-08-25 01:15:00,79526.0,79502.0,78996.0,0.6709,0.6405,3.7335,-1.5,77811.06,81945.32,0.049,7,none
2026-08-25 01:21:04,2026-08-25 01:20:00,79796.0,79749.0,78996.0,1.0127,0.9532,3.7335,-1.5,77811.06,81945.32,0.052,7,none
2026-08-25 01:26:07,2026-08-25 01:25:00,79824.0,79755.0,78996.0,1.0482,0.9608,3.7335,-1.5,77811.06,81945.32,0.056,7,none
2026-08-25 01:31:09,2026-08-25 01:30:00,79849.0,79835.0,78996.0,1.0798,1.0621,3.7335,-1.5,77811.06,81945.32,0.059,7,none
2026-08-25 01:36:04,2026-08-25 01:35:00,79727.0,79705.0,78996.0,0.9254,0.8975,3.7335,-1.5,77811.06,81945.32,0.062,7,none
2026-08-25 01:41:08,2026-08-25 01:40:00,79846.0,79838.0,78996.0,1.076,1.0659,3.7335,-1.5,77811.06,81945.32,0.066,7,none
2026-08-25 01:46:05,2026-08-25 01:45:00,79737.0,79717.0,78996.0,0.938,0.9127,3.7335,-1.5,77811.06,81945.32,0.069,7,none
2026-08-25 01:51:06,2026-08-25 01:50:00,79711.0,79685.0,78996.0,0.9051,0.8722,3.7335,-1.5,77811.06,81945.32,0.073,7,none
2026-08-25 01:56:07,2026-08-25 01:55:00,79687.0,79622.0,78996.0,0.8747,0.7924,3.7335,-1.5,77811.06,81945.32,0.076,7,none
2026-08-25 02:01:19,2026-08-25 02:00:00,79798.0,79798.0,78996.0,1.0152,1.0152,3.7335,-1.5,77811.06,81945.32,0.08,7,none
2026-08-25 02:06:06,2026-08-25 02:05:00,79801.0,79784.0,78996.0,1.019,0.9975,3.7335,-1.5,77811.06,81945.32,0.083,7,none
2026-08-25 02:11:06,2026-08-25 02:10:00,79917.0,79800.0,78996.0,1.1659,1.0178,3.7335,-1.5,77811.06,81945.32,0.087,7,none
2026-08-25 02:16:02,2026-08-25 02:15:00,79842.0,79836.0,78996.0,1.0709,1.0633,3.7335,-1.5,77811.06,81945.32,0.09,7,none
2026-08-25 02:21:04,2026-08-25 02:20:00,80929.0,80784.0,78996.0,2.447,2.2634,3.7335,-1.5,77811.06,81945.32,0.094,7,none
2026-08-25 02:25:59,2026-08-25 02:24:00,80812.0,80615.0,78996.0,2.2989,2.0495,3.7335,-1.5,77811.06,81945.32,0.097,7,none
2026-08-25 02:31:17,2026-08-25 02:30:00,80912.0,80909.0,78996.0,2.4254,2.4216,3.7335,-1.5,77811.06,81945.32,0.101,7,none
2026-08-25 02:35:57,2026-08-25 02:34:00,80879.0,80819.0,78996.0,2.3837,2.3077,3.7335,-1.5,77811.06,81945.32,0.104,7,none
2026-08-25 02:41:09,2026-08-25 02:40:00,80985.0,80948.0,78996.0,2.5178,2.471,3.7335,-1.5,77811.06,81945.32,0.108,7,none
2026-08-25 02:46:05,2026-08-25 02:45:00,80782.0,80774.0,78996.0,2.2609,2.2507,3.7335,-1.5,77811.06,81945.32,0.111,7,none
2026-08-25 02:51:12,2026-08-25 02:50:00,80499.0,80436.0,78996.0,1.9026,1.8229,3.7335,-1.5,77811.06,81945.32,0.115,7,none
2026-08-25 02:56:03,2026-08-25 02:55:00,80721.0,80625.0,78996.0,2.1837,2.0621,3.7335,-1.5,77811.06,81945.32,0.118,7,none
2026-08-25 03:01:16,2026-08-25 03:00:00,80724.0,80672.0,78996.0,2.1875,2.1216,3.7335,-1.5,77811.06,81945.32,0.122,7,none
2026-08-25 03:06:09,2026-08-25 03:05:00,80850.0,80850.0,78996.0,2.347,2.347,3.7335,-1.5,77811.06,81945.32,0.125,7,none
2026-08-25 03:10:58,2026-08-25 03:09:00,80884.0,80884.0,78996.0,2.39,2.39,3.7335,-1.5,77811.06,81945.32,0.128,7,none
2026-08-25 03:16:09,2026-08-25 03:15:00,80756.0,80739.0,78996.0,2.228,2.2064,3.7335,-1.5,77811.06,81945.32,0.132,7,none
2026-08-25 03:21:07,2026-08-25 03:20:00,80733.0,80732.0,78996.0,2.1988,2.1976,3.7335,-1.5,77811.06,81945.32,0.135,7,none
2026-08-25 03:26:04,2026-08-25 03:25:00,80622.0,80612.0,78996.0,2.0583,2.0457,3.7335,-1.5,77811.06,81945.32,0.139,7,none
2026-08-25 03:31:17,2026-08-25 03:30:00,80687.0,80625.0,78996.0,2.1406,2.0621,3.7335,-1.5,77811.06,81945.32,0.142,7,none
2026-08-25 03:35:59,2026-08-25 03:34:00,80774.0,80773.0,78996.0,2.2507,2.2495,3.7335,-1.5,77811.06,81945.32,0.146,7,none
2026-08-25 03:38:52,2026-08-25 03:37:00,80778.0,80771.0,78996.0,2.2558,2.2469,3.7335,-1.5,77811.06,81945.32,0.148,7,none
2026-08-25 03:41:09,2026-08-25 03:40:00,80779.0,80689.0,78996.0,2.2571,2.1431,3.7335,-1.5,77811.06,81945.32,0.149,7,none
2026-08-25 03:46:05,2026-08-25 03:45:00,80631.0,80549.0,78996.0,2.0697,1.9659,3.7335,-1.5,77811.06,81945.32,0.153,7,none
2026-08-25 03:51:07,2026-08-25 03:50:00,80553.0,80481.0,78996.0,1.971,1.8798,3.7335,-1.5,77811.06,81945.32,0.156,7,none
2026-08-25 03:56:00,2026-08-25 03:54:00,80576.0,80539.0,78996.0,2.0001,1.9533,3.7335,-1.5,77811.06,81945.32,0.16,7,none
2026-08-25 04:01:20,2026-08-25 04:00:00,80516.0,80478.0,78996.0,1.9241,1.876,3.7335,-1.5,77811.06,81945.32,0.163,7,none
2026-08-25 04:06:15,2026-08-25 04:05:00,80414.0,80351.0,78996.0,1.795,1.7153,3.7335,-1.5,77811.06,81945.32,0.167,7,none
2026-08-25 04:11:20,2026-08-25 04:10:00,80421.0,80380.0,78996.0,1.8039,1.752,3.7335,-1.5,77811.06,81945.32,0.17,7,none
2026-08-25 04:16:03,2026-08-25 04:15:00,80406.0,80406.0,78996.0,1.7849,1.7849,3.7335,-1.5,77811.06,81945.32,0.174,7,none
2026-08-25 04:21:10,2026-08-25 04:20:00,80332.0,80267.0,78996.0,1.6912,1.6089,3.7335,-1.5,77811.06,81945.32,0.177,7,none
2026-08-25 04:26:05,2026-08-25 04:25:00,80362.0,80350.0,78996.0,1.7292,1.714,3.7335,-1.5,77811.06,81945.32,0.181,7,none
2026-08-25 04:28:20,2026-08-25 04:27:00,80260.0,80237.0,78996.0,1.6001,1.571,3.7335,-1.5,77811.06,81945.32,0.182,7,none
2026-08-25 04:31:08,2026-08-25 04:30:00,80209.0,80209.0,78996.0,1.5355,1.5355,3.7335,-1.5,77811.06,81945.32,0.184,7,none
2026-08-25 04:36:01,2026-08-25 04:35:00,80388.0,80301.0,78996.0,1.7621,1.652,3.7335,-1.5,77811.06,81945.32,0.187,7,none
2026-08-25 04:41:10,2026-08-25 04:40:00,80356.0,80307.0,78996.0,1.7216,1.6596,3.7335,-1.5,77811.06,81945.32,0.191,7,none
2026-08-25 04:46:17,2026-08-25 04:45:00,80310.0,80246.0,78996.0,1.6634,1.5824,3.7335,-1.5,77811.06,81945.32,0.195,7,none
2026-08-25 04:51:07,2026-08-25 04:50:00,80331.0,80312.0,78996.0,1.69,1.6659,3.7335,-1.5,77811.06,81945.32,0.198,7,none
2026-08-25 04:55:57,2026-08-25 04:54:00,80265.0,80264.0,78996.0,1.6064,1.6051,3.7335,-1.5,77811.06,81945.32,0.201,7,none
2026-08-25 05:01:23,2026-08-25 05:00:00,80342.0,80341.0,78996.0,1.7039,1.7026,3.7335,-1.5,77811.06,81945.32,0.205,7,none
2026-08-25 05:06:05,2026-08-25 05:05:00,80491.0,80474.0,78996.0,1.8925,1.871,3.7335,-1.5,77811.06,81945.32,0.208,7,none
2026-08-25 05:11:05,2026-08-25 05:10:00,80537.0,80526.0,78996.0,1.9507,1.9368,3.7335,-1.5,77811.06,81945.32,0.212,7,none
2026-08-25 05:16:03,2026-08-25 05:15:00,80510.0,80484.0,78996.0,1.9166,1.8836,3.7335,-1.5,77811.06,81945.32,0.215,7,none
2026-08-25 05:21:12,2026-08-25 05:20:00,80537.0,80537.0,78996.0,1.9507,1.9507,3.7335,-1.5,77811.06,81945.32,0.219,7,none
2026-08-25 05:22:32,2026-08-25 05:21:00,80541.0,80500.0,78996.0,1.9558,1.9039,3.7335,-1.5,77811.06,81945.32,0.22,7,none
2026-08-25 05:26:05,2026-08-25 05:25:00,80658.0,80579.0,78996.0,2.1039,2.0039,3.7335,-1.5,77811.06,81945.32,0.222,7,none
2026-08-25 05:31:12,2026-08-25 05:30:00,80677.0,80621.0,78996.0,2.128,2.0571,3.7335,-1.5,77811.06,81945.32,0.226,7,none
2026-08-25 05:36:03,2026-08-25 05:35:00,80805.0,80773.0,78996.0,2.29,2.2495,3.7335,-1.5,77811.06,81945.32,0.229,7,none
2026-08-25 05:41:04,2026-08-25 05:40:00,80786.0,80771.0,78996.0,2.2659,2.2469,3.7335,-1.5,77811.06,81945.32,0.233,7,none
2026-08-25 05:46:16,2026-08-25 05:45:00,80743.0,80720.0,78996.0,2.2115,2.1824,3.7335,-1.5,77811.06,81945.32,0.236,7,none
2026-08-25 05:51:10,2026-08-25 05:50:00,80750.0,80749.0,78996.0,2.2204,2.2191,3.7335,-1.5,77811.06,81945.32,0.24,7,none
2026-08-25 05:56:00,2026-08-25 05:54:00,80670.0,80649.0,78996.0,2.1191,2.0925,3.7335,-1.5,77811.06,81945.32,0.243,7,none
2026-08-25 06:01:20,2026-08-25 06:00:00,80734.0,80719.0,78996.0,2.2001,2.1811,3.7335,-1.5,77811.06,81945.32,0.247,7,none
2026-08-25 06:06:09,2026-08-25 06:05:00,80711.0,80711.0,78996.0,2.171,2.171,3.7335,-1.5,77811.06,81945.32,0.25,7,none
2026-08-25 06:11:09,2026-08-25 06:10:00,80781.0,80762.0,78996.0,2.2596,2.2356,3.7335,-1.5,77811.06,81945.32,0.253,7,none
2026-08-25 06:16:02,2026-08-25 06:15:00,80812.0,80799.0,78996.0,2.2989,2.2824,3.7335,-1.5,77811.06,81945.32,0.257,7,none
2026-08-25 06:21:04,2026-08-25 06:20:00,80829.0,80825.0,78996.0,2.3204,2.3153,3.7335,-1.5,77811.06,81945.32,0.26,7,none
2026-08-25 06:25:42,2026-08-25 06:24:00,80808.0,80798.0,78996.0,2.2938,2.2811,3.7335,-1.5,77811.06,81945.32,0.264,7,none
2026-08-25 06:31:10,2026-08-25 06:30:00,80762.0,80762.0,78996.0,2.2356,2.2356,3.7335,-1.5,77811.06,81945.32,0.267,7,none
2026-08-25 06:36:10,2026-08-25 06:35:00,80668.0,80635.0,78996.0,2.1166,2.0748,3.7335,-1.5,77811.06,81945.32,0.271,7,none
2026-08-25 06:41:07,2026-08-25 06:40:00,80549.0,80532.0,78996.0,1.9659,1.9444,3.7335,-1.5,77811.06,81945.32,0.274,7,none
2026-08-25 06:46:03,2026-08-25 06:45:00,80522.0,80521.0,78996.0,1.9317,1.9305,3.7335,-1.5,77811.06,81945.32,0.278,7,none
2026-08-25 06:51:11,2026-08-25 06:50:00,80535.0,80524.0,78996.0,1.9482,1.9343,3.7335,-1.5,77811.06,81945.32,0.281,7,none
2026-08-25 06:56:04,2026-08-25 06:55:00,80474.0,80440.0,78996.0,1.871,1.8279,3.7335,-1.5,77811.06,81945.32,0.285,7,none
2026-08-25 07:01:17,2026-08-25 07:00:00,80641.0,80565.0,78996.0,2.0824,1.9862,3.7335,-1.5,77811.06,81945.32,0.288,7,none
2026-08-25 07:06:02,2026-08-25 07:05:00,80821.0,80778.0,78996.0,2.3102,2.2558,3.7335,-1.5,77811.06,81945.32,0.292,7,none
2026-08-25 07:11:03,2026-08-25 07:10:00,80749.0,80737.0,78996.0,2.2191,2.2039,3.7335,-1.5,77811.06,81945.32,0.295,7,none
2026-08-25 07:16:11,2026-08-25 07:15:00,80699.0,80699.0,78996.0,2.1558,2.1558,3.7335,-1.5,77811.06,81945.32,0.299,7,none
2026-08-25 07:21:10,2026-08-25 07:20:00,80649.0,80649.0,78996.0,2.0925,2.0925,3.7335,-1.5,77811.06,81945.32,0.302,7,none
2026-08-25 07:26:00,2026-08-25 07:25:00,80654.0,80630.0,78996.0,2.0988,2.0685,3.7335,-1.5,77811.06,81945.32,0.305,7,none
2026-08-25 07:31:11,2026-08-25 07:30:00,80634.0,80634.0,78996.0,2.0735,2.0735,3.7335,-1.5,77811.06,81945.32,0.309,7,none
2026-08-25 07:35:17,2026-08-25 07:34:00,80629.0,80621.0,78996.0,2.0672,2.0571,3.7335,-1.5,77811.06,81945.32,0.312,7,none
2026-08-25 07:41:06,2026-08-25 07:40:00,80547.0,80500.0,78996.0,1.9634,1.9039,3.7335,-1.5,77811.06,81945.32,0.316,7,none
2026-08-25 07:46:04,2026-08-25 07:45:00,80471.0,80469.0,78996.0,1.8672,1.8647,3.7335,-1.5,77811.06,81945.32,0.319,7,none
2026-08-25 07:51:05,2026-08-25 07:50:00,79826.0,79763.0,78996.0,1.0507,0.9709,3.7335,-1.5,77811.06,81945.32,0.323,7,none
2026-08-25 07:56:06,2026-08-25 07:55:00,79707.0,79665.0,78996.0,0.9,0.8469,3.7335,-1.5,77811.06,81945.32,0.326,7,none
2026-08-25 08:01:14,2026-08-25 08:00:00,79723.0,79712.0,78996.0,0.9203,0.9064,3.7335,-1.5,77811.06,81945.32,0.33,7,none
2026-08-25 08:06:06,2026-08-25 08:05:00,79858.0,79783.0,78996.0,1.0912,0.9963,3.7335,-1.5,77811.06,81945.32,0.333,7,none
2026-08-25 08:11:04,2026-08-25 08:10:00,79875.0,79845.0,78996.0,1.1127,1.0747,3.7335,-1.5,77811.06,81945.32,0.337,7,none
2026-08-25 08:16:05,2026-08-25 08:15:00,79990.0,79932.0,78996.0,1.2583,1.1849,3.7335,-1.5,77811.06,81945.32,0.34,7,none
2026-08-25 08:21:06,2026-08-25 08:20:00,80073.0,80001.0,78996.0,1.3634,1.2722,3.7335,-1.5,77811.06,81945.32,0.344,7,none
2026-08-25 08:26:04,2026-08-25 08:25:00,80212.0,80110.0,78996.0,1.5393,1.4102,3.7335,-1.5,77811.06,81945.32,0.347,7,none
2026-08-25 08:29:15,2026-08-25 08:28:00,80207.0,80186.0,78996.0,1.533,1.5064,3.7335,-1.5,77811.06,81945.32,0.349,7,none
2026-08-25 08:31:15,2026-08-25 08:30:00,80212.0,80195.0,78996.0,1.5393,1.5178,3.7335,-1.5,77811.06,81945.32,0.351,7,none
2026-08-25 08:36:02,2026-08-25 08:35:00,80191.0,80179.0,78996.0,1.5127,1.4975,3.7335,-1.5,77811.06,81945.32,0.354,7,none
2026-08-25 08:41:15,2026-08-25 08:40:00,79967.0,79942.0,78996.0,1.2292,1.1975,3.7335,-1.5,77811.06,81945.32,0.358,7,none
2026-08-25 08:46:08,2026-08-25 08:45:00,80032.0,80032.0,78996.0,1.3115,1.3115,3.7335,-1.5,77811.06,81945.32,0.361,7,none
2026-08-25 08:51:04,2026-08-25 08:50:00,79939.0,79911.0,78996.0,1.1937,1.1583,3.7335,-1.5,77811.06,81945.32,0.365,7,none
2026-08-25 08:56:03,2026-08-25 08:55:00,79853.0,79853.0,78996.0,1.0849,1.0849,3.7335,-1.5,77811.06,81945.32,0.368,7,none
2026-08-25 09:01:19,2026-08-25 09:00:00,79917.0,79881.0,78996.0,1.1659,1.1203,3.7335,-1.5,77811.06,81945.32,0.372,7,none
2026-08-25 09:06:05,2026-08-25 09:05:00,79726.0,79699.0,78996.0,0.9241,0.8899,3.7335,-1.5,77811.06,81945.32,0.375,7,none
2026-08-25 09:11:13,2026-08-25 09:10:00,79778.0,79773.0,78996.0,0.9899,0.9836,3.7335,-1.5,77811.06,81945.32,0.379,7,none
2026-08-25 09:16:11,2026-08-25 09:15:00,79856.0,79832.0,78996.0,1.0887,1.0583,3.7335,-1.5,77811.06,81945.32,0.382,7,none
2026-08-25 09:21:03,2026-08-25 09:20:00,79879.0,79837.0,78996.0,1.1178,1.0646,3.7335,-1.5,77811.06,81945.32,0.385,7,none
2026-08-25 09:24:05,2026-08-25 09:23:00,79921.0,79906.0,78996.0,1.1709,1.152,3.7335,-1.5,77811.06,81945.32,0.387,7,none
2026-08-25 09:26:12,2026-08-25 09:25:00,79911.0,79910.0,78996.0,1.1583,1.157,3.7335,-1.5,77811.06,81945.32,0.389,7,none
2026-08-25 09:31:17,2026-08-25 09:30:00,79842.0,79820.0,78996.0,1.0709,1.0431,3.7335,-1.5,77811.06,81945.32,0.392,7,none
2026-08-25 09:36:03,2026-08-25 09:35:00,79882.0,79876.0,78996.0,1.1216,1.114,3.7335,-1.5,77811.06,81945.32,0.396,7,none
2026-08-25 09:41:10,2026-08-25 09:40:00,79883.0,79839.0,78996.0,1.1228,1.0671,3.7335,-1.5,77811.06,81945.32,0.399,7,none
2026-08-25 09:46:05,2026-08-25 09:45:00,79649.0,79649.0,78996.0,0.8266,0.8266,3.7335,-1.5,77811.06,81945.32,0.403,7,none
2026-08-25 09:51:04,2026-08-25 09:50:00,79443.0,79433.0,78996.0,0.5659,0.5532,3.7335,-1.5,77811.06,81945.32,0.406,7,none
2026-08-25 09:56:08,2026-08-25 09:55:00,79145.0,79057.0,78996.0,0.1886,0.0772,3.7335,-1.5,77811.06,81945.32,0.41,7,none
2026-08-25 10:01:18,2026-08-25 10:00:00,79144.0,79144.0,78996.0,0.1874,0.1874,3.7335,-1.5,77811.06,81945.32,0.413,7,none
2026-08-25 10:06:05,2026-08-25 10:05:00,79232.0,79139.0,78996.0,0.2987,0.181,3.7335,-1.5,77811.06,81945.32,0.417,7,none
2026-08-25 10:11:09,2026-08-25 10:10:00,79308.0,79215.0,78996.0,0.395,0.2772,3.7335,-1.5,77811.06,81945.32,0.42,7,none
2026-08-25 10:16:07,2026-08-25 10:15:00,79300.0,79290.0,78996.0,0.3848,0.3722,3.7335,-1.5,77811.06,81945.32,0.424,7,none
2026-08-25 10:20:58,2026-08-25 10:19:00,79368.0,79356.0,78996.0,0.4709,0.4557,3.7335,-1.5,77811.06,81945.32,0.427,7,none
2026-08-25 10:26:10,2026-08-25 10:25:00,79296.0,79292.0,78996.0,0.3798,0.3747,3.7335,-1.5,77811.06,81945.32,0.431,7,none
2026-08-25 10:31:12,2026-08-25 10:30:00,79253.0,79240.0,78996.0,0.3253,0.3089,3.7335,-1.5,77811.06,81945.32,0.434,7,none
2026-08-25 10:36:08,2026-08-25 10:35:00,79271.0,79244.0,78996.0,0.3481,0.3139,3.7335,-1.5,77811.06,81945.32,0.438,7,none
2026-08-25 10:41:05,2026-08-25 10:40:00,79271.0,79248.0,78996.0,0.3481,0.319,3.7335,-1.5,77811.06,81945.32,0.441,7,none
2026-08-25 10:45:58,2026-08-25 10:44:00,79297.0,79276.0,78996.0,0.381,0.3544,3.7335,-1.5,77811.06,81945.32,0.444,7,none
2026-08-25 10:51:10,2026-08-25 10:50:00,79339.0,79323.0,78996.0,0.4342,0.4139,3.7335,-1.5,77811.06,81945.32,0.448,7,none
2026-08-25 10:56:12,2026-08-25 10:55:00,79363.0,79362.0,78996.0,0.4646,0.4633,3.7335,-1.5,77811.06,81945.32,0.451,7,none
2026-08-25 11:01:22,2026-08-25 11:00:00,79295.0,79283.0,78996.0,0.3785,0.3633,3.7335,-1.5,77811.06,81945.32,0.455,7,none
2026-08-25 11:05:59,2026-08-25 11:04:00,79250.0,79250.0,78996.0,0.3215,0.3215,3.7335,-1.5,77811.06,81945.32,0.458,7,none
2026-08-25 11:11:13,2026-08-25 11:10:00,79150.0,79139.0,78996.0,0.1949,0.181,3.7335,-1.5,77811.06,81945.32,0.462,7,none
2026-08-25 11:16:09,2026-08-25 11:15:00,79092.0,79059.0,78996.0,0.1215,0.0798,3.7335,-1.5,77811.06,81945.32,0.465,7,none
2026-08-25 11:21:08,2026-08-25 11:20:00,79237.0,79170.0,78996.0,0.3051,0.2203,3.7335,-1.5,77811.06,81945.32,0.469,7,none
2026-08-25 11:26:01,2026-08-25 11:25:00,79252.0,79251.0,78996.0,0.3241,0.3228,3.7335,-1.5,77811.06,81945.32,0.472,7,none
2026-08-25 11:31:07,2026-08-25 11:30:00,79305.0,79233.0,78996.0,0.3912,0.3,3.7335,-1.5,77811.06,81945.32,0.476,7,none
2026-08-25 11:36:04,2026-08-25 11:35:00,79358.0,79327.0,78996.0,0.4583,0.419,3.7335,-1.5,77811.06,81945.32,0.479,7,none
2026-08-25 11:41:12,2026-08-25 11:40:00,79306.0,79268.0,78996.0,0.3924,0.3443,3.7335,-1.5,77811.06,81945.32,0.483,7,none
2026-08-25 11:46:10,2026-08-25 11:45:00,79124.0,79112.0,78996.0,0.162,0.1468,3.7335,-1.5,77811.06,81945.32,0.486,7,none
2026-08-25 11:51:46,2026-08-25 11:50:00,79156.0,79068.0,78996.0,0.2025,0.0911,3.7335,-1.5,77811.06,81945.32,0.49,7,none
2026-08-25 11:56:04,2026-08-25 11:55:00,79077.0,79017.0,78996.0,0.1025,0.0266,3.7335,-1.5,77811.06,81945.32,0.493,7,none
2026-08-25 12:01:21,2026-08-25 12:00:00,79100.0,79099.0,78996.0,0.1317,0.1304,3.7335,-1.5,77811.06,81945.32,0.497,7,none
2026-08-25 12:06:04,2026-08-25 12:05:00,78880.0,78870.0,78996.0,-0.1468,-0.1595,3.7335,-1.5,77811.06,81945.32,0.5,7,none
2026-08-25 12:11:09,2026-08-25 12:10:00,78845.0,78802.0,78996.0,-0.1911,-0.2456,3.7335,-1.5,77811.06,81945.32,0.503,7,none
2026-08-25 12:16:03,2026-08-25 12:15:00,79028.0,79028.0,78996.0,0.0405,0.0405,3.7335,-1.5,77811.06,81945.32,0.507,7,none
2026-08-25 12:21:09,2026-08-25 12:20:00,78897.0,78891.0,78996.0,-0.1253,-0.1329,3.7335,-1.5,77811.06,81945.32,0.51,7,none
2026-08-25 12:23:59,2026-08-25 12:22:00,78709.0,78687.0,78996.0,-0.3633,-0.3912,3.7335,-1.5,77811.06,81945.32,0.512,7,none
2026-08-25 12:26:09,2026-08-25 12:25:00,78768.0,78768.0,78996.0,-0.2886,-0.2886,3.7335,-1.5,77811.06,81945.32,0.514,7,none
2026-08-25 12:31:10,2026-08-25 12:30:00,78868.0,78778.0,78996.0,-0.162,-0.276,3.7335,-1.5,77811.06,81945.32,0.517,7,none
2026-08-25 12:36:08,2026-08-25 12:35:00,78959.0,78935.0,78996.0,-0.0468,-0.0772,3.7335,-1.5,77811.06,81945.32,0.521,7,none
2026-08-25 12:41:10,2026-08-25 12:40:00,78814.0,78750.0,78996.0,-0.2304,-0.3114,3.7335,-1.5,77811.06,81945.32,0.524,7,none
2026-08-25 12:46:11,2026-08-25 12:45:00,78939.0,78877.0,78996.0,-0.0722,-0.1506,3.7335,-1.5,77811.06,81945.32,0.528,7,none
2026-08-25 12:51:11,2026-08-25 12:50:00,79056.0,79019.0,78996.0,0.076,0.0291,3.7335,-1.5,77811.06,81945.32,0.531,7,none
2026-08-25 12:56:15,2026-08-25 12:55:00,79018.0,78988.0,78996.0,0.0278,-0.0101,3.7335,-1.5,77811.06,81945.32,0.535,7,none
2026-08-25 13:01:20,2026-08-25 13:00:00,78987.0,78966.0,78996.0,-0.0114,-0.038,3.7335,-1.5,77811.06,81945.32,0.538,7,none
2026-08-25 13:06:10,2026-08-25 13:05:00,79044.0,79035.0,78996.0,0.0608,0.0494,3.7335,-1.5,77811.06,81945.32,0.542,7,none
2026-08-25 13:11:11,2026-08-25 13:10:00,78884.0,78835.0,78996.0,-0.1418,-0.2038,3.7335,-1.5,77811.06,81945.32,0.545,7,none
2026-08-25 13:16:07,2026-08-25 13:15:00,78726.0,78726.0,78996.0,-0.3418,-0.3418,3.7335,-1.5,77811.06,81945.32,0.549,7,none
2026-08-25 13:21:23,2026-08-25 13:20:00,78765.0,78699.0,78996.0,-0.2924,-0.376,3.7335,-1.5,77811.06,81945.32,0.552,7,none
2026-08-25 13:26:09,2026-08-25 13:25:00,78728.0,78686.0,78996.0,-0.3393,-0.3924,3.7335,-1.5,77811.06,81945.32,0.556,7,none
2026-08-25 13:31:14,2026-08-25 13:30:00,78657.0,78585.0,78996.0,-0.4291,-0.5203,3.7335,-1.5,77811.06,81945.32,0.559,7,none
2026-08-25 13:36:03,2026-08-25 13:35:00,79086.0,78966.0,78996.0,0.1139,-0.038,3.7335,-1.5,77811.06,81945.32,0.562,7,none
2026-08-25 13:40:04,2026-08-25 13:39:00,79040.0,79024.0,78996.0,0.0557,0.0354,3.7335,-1.5,77811.06,81945.32,0.565,7,none
2026-08-25 13:41:10,2026-08-25 13:40:00,78894.0,78891.0,78996.0,-0.1291,-0.1329,3.7335,-1.5,77811.06,81945.32,0.566,7,none
2026-08-25 13:46:11,2026-08-25 13:45:00,78468.0,78450.0,78996.0,-0.6684,-0.6912,3.7335,-1.5,77811.06,81945.32,0.569,7,none
2026-08-25 13:51:12,2026-08-25 13:50:00,78389.0,78353.0,78996.0,-0.7684,-0.814,3.7335,-1.5,77811.06,81945.32,0.573,7,none
2026-08-25 13:56:06,2026-08-25 13:55:00,78383.0,78226.0,78996.0,-0.776,-0.9747,3.7335,-1.5,77811.06,81945.32,0.576,7,none
2026-08-25 14:01:16,2026-08-25 14:00:00,78612.0,78600.0,78996.0,-0.4861,-0.5013,3.7335,-1.5,77811.06,81945.32,0.58,7,none
2026-08-25 14:06:07,2026-08-25 14:05:00,78847.0,78796.0,78996.0,-0.1886,-0.2532,3.7335,-1.5,77811.06,81945.32,0.583,7,none
2026-08-25 14:11:13,2026-08-25 14:10:00,78940.0,78879.0,78996.0,-0.0709,-0.1481,3.7335,-1.5,77811.06,81945.32,0.587,7,none
2026-08-25 14:16:17,2026-08-25 14:15:00,79017.0,78876.0,78996.0,0.0266,-0.1519,3.7335,-1.5,77811.06,81945.32,0.59,7,none
2026-08-25 14:21:00,2026-08-25 14:20:00,78972.0,78872.0,78996.0,-0.0304,-0.157,3.7335,-1.5,77811.06,81945.32,0.594,7,none
2026-08-25 14:26:09,2026-08-25 14:25:00,79077.0,79070.0,78996.0,0.1025,0.0937,3.7335,-1.5,77811.06,81945.32,0.597,7,none
2026-08-25 14:31:14,2026-08-25 14:30:00,79150.0,79029.0,78996.0,0.1949,0.0418,3.7335,-1.5,77811.06,81945.32,0.601,7,none
2026-08-25 14:34:10,2026-08-25 14:33:00,79335.0,79269.0,78996.0,0.4291,0.3456,3.7335,-1.5,77811.06,81945.32,0.603,7,none
2026-08-25 14:36:04,2026-08-25 14:35:00,79217.0,79182.0,78996.0,0.2798,0.2355,3.7335,-1.5,77811.06,81945.32,0.604,7,none
2026-08-25 14:41:09,2026-08-25 14:40:00,79105.0,79070.0,78996.0,0.138,0.0937,3.7335,-1.5,77811.06,81945.32,0.608,7,none
2026-08-25 14:46:17,2026-08-25 14:45:00,79177.0,79145.0,78996.0,0.2291,0.1886,3.7335,-1.5,77811.06,81945.32,0.611,7,none
2026-08-25 14:51:18,2026-08-25 14:50:00,79216.0,79185.0,78996.0,0.2785,0.2393,3.7335,-1.5,77811.06,81945.32,0.615,7,none
2026-08-25 14:55:59,2026-08-25 14:54:00,79245.0,79234.0,78996.0,0.3152,0.3013,3.7335,-1.5,77811.06,81945.32,0.618,7,none
2026-08-25 15:01:22,2026-08-25 15:00:00,79183.0,79142.0,78996.0,0.2367,0.1848,3.7335,-1.5,77811.06,81945.32,0.622,7,none
2026-08-25 15:06:03,2026-08-25 15:05:00,79205.0,79171.0,78996.0,0.2646,0.2215,3.7335,-1.5,77811.06,81945.32,0.625,7,none
2026-08-25 15:11:08,2026-08-25 15:10:00,79200.0,79171.0,78996.0,0.2582,0.2215,3.7335,-1.5,77811.06,81945.32,0.628,7,none
2026-08-25 15:16:10,2026-08-25 15:15:00,79117.0,79000.0,78996.0,0.1532,0.0051,3.7335,-1.5,77811.06,81945.32,0.632,7,none
2026-08-25 15:21:11,2026-08-25 15:20:00,79254.0,79182.0,78996.0,0.3266,0.2355,3.7335,-1.5,77811.06,81945.32,0.635,7,none
2026-08-25 15:26:09,2026-08-25 15:25:00,79097.0,79092.0,78996.0,0.1279,0.1215,3.7335,-1.5,77811.06,81945.32,0.639,7,none
2026-08-25 15:31:11,2026-08-25 15:30:00,79238.0,79199.0,78996.0,0.3063,0.257,3.7335,-1.5,77811.06,81945.32,0.642,7,none
2026-08-25 15:33:02,2026-08-25 15:32:00,79194.0,79153.0,78996.0,0.2506,0.1987,3.7335,-1.5,77811.06,81945.32,0.644,7,none
2026-08-25 15:36:07,2026-08-25 15:35:00,79363.0,79266.0,78996.0,0.4646,0.3418,3.7335,-1.5,77811.06,81945.32,0.646,7,none
2026-08-25 15:41:06,2026-08-25 15:40:00,79331.0,79303.0,78996.0,0.4241,0.3886,3.7335,-1.5,77811.06,81945.32,0.649,7,none
2026-08-25 15:46:09,2026-08-25 15:45:00,79418.0,79380.0,78996.0,0.5342,0.4861,3.7335,-1.5,77811.06,81945.32,0.653,7,none
2026-08-25 15:51:14,2026-08-25 15:50:00,79308.0,79246.0,78996.0,0.395,0.3165,3.7335,-1.5,77811.06,81945.32,0.656,7,none
2026-08-25 15:56:05,2026-08-25 15:55:00,79352.0,79326.0,78996.0,0.4507,0.4177,3.7335,-1.5,77811.06,81945.32,0.66,7,none
2026-08-25 16:01:24,2026-08-25 16:00:00,79472.0,79466.0,78996.0,0.6026,0.595,3.7335,-1.5,77811.06,81945.32,0.663,7,none
2026-08-25 16:06:07,2026-08-25 16:05:00,79446.0,79446.0,78996.0,0.5696,0.5696,3.7335,-1.5,77811.06,81945.32,0.667,7,none
2026-08-25 16:11:08,2026-08-25 16:10:00,79312.0,79293.0,78996.0,0.4,0.376,3.7335,-1.5,77811.06,81945.32,0.67,7,none
2026-08-25 16:16:10,2026-08-25 16:15:00,79187.0,79127.0,78996.0,0.2418,0.1658,3.7335,-1.5,77811.06,81945.32,0.674,7,none
2026-08-25 16:21:07,2026-08-25 16:20:00,79236.0,79213.0,78996.0,0.3038,0.2747,3.7335,-1.5,77811.06,81945.32,0.677,7,none
2026-08-25 16:23:26,2026-08-25 16:22:00,79182.0,79154.0,78996.0,0.2355,0.2,3.7335,-1.5,77811.06,81945.32,0.679,7,none
2026-08-25 16:26:06,2026-08-25 16:25:00,79122.0,79080.0,78996.0,0.1595,0.1063,3.7335,-1.5,77811.06,81945.32,0.681,7,none
2026-08-25 16:31:08,2026-08-25 16:30:00,79199.0,79142.0,78996.0,0.257,0.1848,3.7335,-1.5,77811.06,81945.32,0.684,7,none
2026-08-25 16:36:07,2026-08-25 16:35:00,79285.0,79285.0,78996.0,0.3658,0.3658,3.7335,-1.5,77811.06,81945.32,0.687,7,none
2026-08-25 16:41:07,2026-08-25 16:40:00,79177.0,79177.0,78996.0,0.2291,0.2291,3.7335,-1.5,77811.06,81945.32,0.691,7,none
2026-08-25 16:46:08,2026-08-25 16:45:00,79314.0,79208.0,78996.0,0.4026,0.2684,3.7335,-1.5,77811.06,81945.32,0.694,7,none
2026-08-25 16:51:11,2026-08-25 16:50:00,79229.0,79221.0,78996.0,0.295,0.2848,3.7335,-1.5,77811.06,81945.32,0.698,7,none
2026-08-25 16:56:03,2026-08-25 16:55:00,79094.0,79089.0,78996.0,0.1241,0.1177,3.7335,-1.5,77811.06,81945.32,0.701,7,none
2026-08-25 17:01:18,2026-08-25 17:00:00,79079.0,79079.0,78996.0,0.1051,0.1051,3.7335,-1.5,77811.06,81945.32,0.705,7,none
2026-08-25 17:06:04,2026-08-25 17:05:00,79086.0,79055.0,78996.0,0.1139,0.0747,3.7335,-1.5,77811.06,81945.32,0.708,7,none
2026-08-25 17:11:09,2026-08-25 17:10:00,78908.0,78908.0,78996.0,-0.1114,-0.1114,3.7335,-1.5,77811.06,81945.32,0.712,7,none
2026-08-25 17:16:16,2026-08-25 17:15:00,78954.0,78943.0,78996.0,-0.0532,-0.0671,3.7335,-1.5,77811.06,81945.32,0.715,7,none
2026-08-25 17:21:09,2026-08-25 17:20:00,78979.0,78948.0,78996.0,-0.0215,-0.0608,3.7335,-1.5,77811.06,81945.32,0.719,7,none
2026-08-25 17:22:10,2026-08-25 17:21:00,78973.0,78948.0,78996.0,-0.0291,-0.0608,3.7335,-1.5,77811.06,81945.32,0.719,7,none
2026-08-25 17:26:14,2026-08-25 17:25:00,78826.0,78784.0,78996.0,-0.2152,-0.2684,3.7335,-1.5,77811.06,81945.32,0.722,7,none
2026-08-25 17:31:15,2026-08-25 17:30:00,78866.0,78774.0,78996.0,-0.1646,-0.281,3.7335,-1.5,77811.06,81945.32,0.726,7,none
2026-08-25 17:36:12,2026-08-25 17:35:00,78976.0,78972.0,78996.0,-0.0253,-0.0304,3.7335,-1.5,77811.06,81945.32,0.729,7,none
2026-08-25 17:41:09,2026-08-25 17:40:00,79101.0,79015.0,78996.0,0.1329,0.0241,3.7335,-1.5,77811.06,81945.32,0.733,7,none
2026-08-25 17:46:09,2026-08-25 17:45:00,79153.0,79119.0,78996.0,0.1987,0.1557,3.7335,-1.5,77811.06,81945.32,0.736,7,none
2026-08-25 17:51:15,2026-08-25 17:50:00,79137.0,79131.0,78996.0,0.1785,0.1709,3.7335,-1.5,77811.06,81945.32,0.74,7,none
2026-08-25 17:56:01,2026-08-25 17:55:00,79208.0,79169.0,78996.0,0.2684,0.219,3.7335,-1.5,77811.06,81945.32,0.743,7,none
2026-08-25 18:01:18,2026-08-25 18:00:00,79214.0,79200.0,78996.0,0.276,0.2582,3.7335,-1.5,77811.06,81945.32,0.747,7,none
2026-08-25 18:06:04,2026-08-25 18:05:00,79248.0,79210.0,78996.0,0.319,0.2709,3.7335,-1.5,77811.06,81945.32,0.75,7,none
2026-08-25 18:11:09,2026-08-25 18:10:00,79231.0,79212.0,78996.0,0.2975,0.2734,3.7335,-1.5,77811.06,81945.32,0.753,7,none
2026-08-25 18:16:04,2026-08-25 18:15:00,79311.0,79306.0,78996.0,0.3988,0.3924,3.7335,-1.5,77811.06,81945.32,0.757,7,none
2026-08-25 18:21:10,2026-08-25 18:20:00,79242.0,79242.0,78996.0,0.3114,0.3114,3.7335,-1.5,77811.06,81945.32,0.76,7,none
2026-08-25 18:22:12,2026-08-25 18:21:00,79222.0,79222.0,78996.0,0.2861,0.2861,3.7335,-1.5,77811.06,81945.32,0.761,7,none
2026-08-25 18:26:09,2026-08-25 18:25:00,79253.0,79235.0,78996.0,0.3253,0.3025,3.7335,-1.5,77811.06,81945.32,0.764,7,none
2026-08-25 18:31:15,2026-08-25 18:30:00,79196.0,79196.0,78996.0,0.2532,0.2532,3.7335,-1.5,77811.06,81945.32,0.767,7,none
2026-08-25 18:36:18,2026-08-25 18:35:00,79140.0,79126.0,78996.0,0.1823,0.1646,3.7335,-1.5,77811.06,81945.32,0.771,7,none
2026-08-25 18:41:11,2026-08-25 18:40:00,79127.0,79127.0,78996.0,0.1658,0.1658,3.7335,-1.5,77811.06,81945.32,0.774,7,none
2026-08-25 18:46:14,2026-08-25 18:45:00,79164.0,79155.0,78996.0,0.2127,0.2013,3.7335,-1.5,77811.06,81945.32,0.778,7,none
2026-08-25 18:51:18,2026-08-25 18:50:00,79184.0,79176.0,78996.0,0.238,0.2279,3.7335,-1.5,77811.06,81945.32,0.781,7,none
2026-08-25 18:56:11,2026-08-25 18:55:00,79051.0,79031.0,78996.0,0.0696,0.0443,3.7335,-1.5,77811.06,81945.32,0.785,7,none
2026-08-25 19:01:20,2026-08-25 19:00:00,79123.0,79104.0,78996.0,0.1608,0.1367,3.7335,-1.5,77811.06,81945.32,0.788,7,none
2026-08-25 19:06:06,2026-08-25 19:05:00,79074.0,78989.0,78996.0,0.0987,-0.0089,3.7335,-1.5,77811.06,81945.32,0.792,7,none
2026-08-25 19:11:09,2026-08-25 19:10:00,79060.0,79043.0,78996.0,0.081,0.0595,3.7335,-1.5,77811.06,81945.32,0.795,7,none
2026-08-25 19:16:02,2026-08-25 19:15:00,79167.0,79125.0,78996.0,0.2165,0.1633,3.7335,-1.5,77811.06,81945.32,0.799,7,none
2026-08-25 19:21:12,2026-08-25 19:20:00,79137.0,79136.0,78996.0,0.1785,0.1772,3.7335,-1.5,77811.06,81945.32,0.802,7,none
2026-08-25 19:22:33,2026-08-25 19:21:00,79181.0,79136.0,78996.0,0.2342,0.1772,3.7335,-1.5,77811.06,81945.32,0.803,7,none
2026-08-25 19:26:01,2026-08-25 19:25:00,79074.0,79073.0,78996.0,0.0987,0.0975,3.7335,-1.5,77811.06,81945.32,0.805,7,none
2026-08-25 19:31:09,2026-08-25 19:30:00,78884.0,78883.0,78996.0,-0.1418,-0.143,3.7335,-1.5,77811.06,81945.32,0.809,7,none
2026-08-25 19:36:06,2026-08-25 19:35:00,78887.0,78868.0,78996.0,-0.138,-0.162,3.7335,-1.5,77811.06,81945.32,0.812,7,none
2026-08-25 19:41:05,2026-08-25 19:40:00,78802.0,78801.0,78996.0,-0.2456,-0.2468,3.7335,-1.5,77811.06,81945.32,0.816,7,none
2026-08-25 19:46:09,2026-08-25 19:45:00,78771.0,78724.0,78996.0,-0.2848,-0.3443,3.7335,-1.5,77811.06,81945.32,0.819,7,none
2026-08-25 19:51:04,2026-08-25 19:50:00,78738.0,78727.0,78996.0,-0.3266,-0.3405,3.7335,-1.5,77811.06,81945.32,0.823,7,none
2026-08-25 19:55:59,2026-08-25 19:54:00,78883.0,78883.0,78996.0,-0.143,-0.143,3.7335,-1.5,77811.06,81945.32,0.826,7,none
2026-08-25 20:01:22,2026-08-25 20:00:00,78897.0,78897.0,78996.0,-0.1253,-0.1253,3.7335,-1.5,77811.06,81945.32,0.83,7,none
2026-08-25 20:06:04,2026-08-25 20:05:00,78783.0,78716.0,78996.0,-0.2696,-0.3544,3.7335,-1.5,77811.06,81945.32,0.833,7,none
2026-08-25 20:11:07,2026-08-25 20:10:00,78819.0,78811.0,78996.0,-0.2241,-0.2342,3.7335,-1.5,77811.06,81945.32,0.837,7,none
2026-08-25 20:16:05,2026-08-25 20:15:00,78867.0,78830.0,78996.0,-0.1633,-0.2101,3.7335,-1.5,77811.06,81945.32,0.84,7,none
2026-08-25 20:21:03,2026-08-25 20:20:00,78898.0,78890.0,78996.0,-0.1241,-0.1342,3.7335,-1.5,77811.06,81945.32,0.844,7,none
2026-08-25 20:26:01,2026-08-25 20:24:00,78879.0,78878.0,78996.0,-0.1481,-0.1494,3.7335,-1.5,77811.06,81945.32,0.847,7,none
2026-08-25 20:31:15,2026-08-25 20:30:00,78720.0,78720.0,78996.0,-0.3494,-0.3494,3.7335,-1.5,77811.06,81945.32,0.851,7,none
2026-08-25 20:36:11,2026-08-25 20:35:00,78752.0,78726.0,78996.0,-0.3089,-0.3418,3.7335,-1.5,77811.06,81945.32,0.854,7,none
2026-08-25 20:41:04,2026-08-25 20:40:00,78517.0,78507.0,78996.0,-0.6064,-0.619,3.7335,-1.5,77811.06,81945.32,0.858,7,none
2026-08-25 20:46:05,2026-08-25 20:45:00,78486.0,78434.0,78996.0,-0.6456,-0.7114,3.7335,-1.5,77811.06,81945.32,0.861,7,none
2026-08-25 20:51:09,2026-08-25 20:50:00,78378.0,78170.0,78996.0,-0.7823,-1.0456,3.7335,-1.5,77811.06,81945.32,0.865,7,none
2026-08-25 20:56:04,2026-08-25 20:55:00,78223.0,78201.0,78996.0,-0.9785,-1.0064,3.7335,-1.5,77811.06,81945.32,0.868,7,none
2026-08-25 21:01:19,2026-08-25 21:00:00,78192.0,78134.0,78996.0,-1.0178,-1.0912,3.7335,-1.5,77811.06,81945.32,0.872,7,none
2026-08-25 21:06:05,2026-08-25 21:05:00,78244.0,78171.0,78996.0,-0.9519,-1.0444,3.7335,-1.5,77811.06,81945.32,0.875,7,none
2026-08-25 21:11:12,2026-08-25 21:10:00,78072.0,77892.0,78996.0,-1.1697,-1.3975,3.7335,-1.5,77811.06,81945.32,0.879,7,none
2026-08-25 21:16:08,2026-08-25 21:15:00,78190.0,78166.0,78996.0,-1.0203,-1.0507,3.7335,-1.5,77811.06,81945.32,0.882,7,none
2026-08-25 21:21:06,2026-08-25 21:20:00,78291.0,78237.0,78996.0,-0.8925,-0.9608,3.7335,-1.5,77811.06,81945.32,0.885,7,none
2026-08-25 21:26:09,2026-08-25 21:25:00,78362.0,78306.0,78996.0,-0.8026,-0.8735,3.7335,-1.5,77811.06,81945.32,0.889,7,none
2026-08-25 21:31:13,2026-08-25 21:30:00,78443.0,78419.0,78996.0,-0.7,-0.7304,3.7335,-1.5,77811.06,81945.32,0.892,7,none
2026-08-25 21:36:05,2026-08-25 21:35:00,78506.0,78438.0,78996.0,-0.6203,-0.7064,3.7335,-1.5,77811.06,81945.32,0.896,7,none
2026-08-25 21:41:06,2026-08-25 21:40:00,78609.0,78554.0,78996.0,-0.4899,-0.5595,3.7335,-1.5,77811.06,81945.32,0.899,7,none
2026-08-25 21:46:00,2026-08-25 21:45:00,78577.0,78534.0,78996.0,-0.5304,-0.5848,3.7335,-1.5,77811.06,81945.32,0.903,7,none
2026-08-25 21:51:08,2026-08-25 21:50:00,78564.0,78559.0,78996.0,-0.5469,-0.5532,3.7335,-1.5,77811.06,81945.32,0.906,7,none
2026-08-25 21:56:06,2026-08-25 21:55:00,78551.0,78515.0,78996.0,-0.5633,-0.6089,3.7335,-1.5,77811.06,81945.32,0.91,7,none
2026-08-25 22:01:16,2026-08-25 22:00:00,78642.0,78546.0,78996.0,-0.4481,-0.5696,3.7335,-1.5,77811.06,81945.32,0.913,7,none
2026-08-25 22:05:59,2026-08-25 22:04:00,78692.0,78678.0,78996.0,-0.3848,-0.4026,3.7335,-1.5,77811.06,81945.32,0.917,7,none
2026-08-25 22:11:07,2026-08-25 22:10:00,78809.0,78785.0,78996.0,-0.2367,-0.2671,3.7335,-1.5,77811.06,81945.32,0.92,7,none
2026-08-25 22:14:39,2026-08-25 22:13:00,78918.0,78870.0,78996.0,-0.0987,-0.1595,3.7335,-1.5,77811.06,81945.32,0.923,7,none
2026-08-25 22:16:03,2026-08-25 22:15:00,78932.0,78908.0,78996.0,-0.081,-0.1114,3.7335,-1.5,77811.06,81945.32,0.924,7,none
2026-08-25 22:21:06,2026-08-25 22:20:00,78834.0,78833.0,78996.0,-0.2051,-0.2063,3.7335,-1.5,77811.06,81945.32,0.927,7,none
2026-08-25 22:25:59,2026-08-25 22:24:00,78851.0,78826.0,78996.0,-0.1836,-0.2152,3.7335,-1.5,77811.06,81945.32,0.93,7,none
2026-08-25 22:31:08,2026-08-25 22:30:00,78617.0,78562.0,78996.0,-0.4798,-0.5494,3.7335,-1.5,77811.06,81945.32,0.934,7,none
2026-08-25 22:36:00,2026-08-25 22:34:00,78813.0,78774.0,78996.0,-0.2317,-0.281,3.7335,-1.5,77811.06,81945.32,0.937,7,none
2026-08-25 22:41:11,2026-08-25 22:40:00,78762.0,78752.0,78996.0,-0.2962,-0.3089,3.7335,-1.5,77811.06,81945.32,0.941,7,none
2026-08-25 22:46:13,2026-08-25 22:45:00,78826.0,78740.0,78996.0,-0.2152,-0.3241,3.7335,-1.5,77811.06,81945.32,0.945,7,none
2026-08-25 22:51:09,2026-08-25 22:50:00,78839.0,78817.0,78996.0,-0.1987,-0.2266,3.7335,-1.5,77811.06,81945.32,0.948,7,none
2026-08-25 22:56:07,2026-08-25 22:55:00,78870.0,78844.0,78996.0,-0.1595,-0.1924,3.7335,-1.5,77811.06,81945.32,0.951,7,none
2026-08-25 23:01:17,2026-08-25 23:00:00,78873.0,78821.0,78996.0,-0.1557,-0.2215,3.7335,-1.5,77811.06,81945.32,0.955,7,none
2026-08-25 23:06:09,2026-08-25 23:05:00,78908.0,78907.0,78996.0,-0.1114,-0.1127,3.7335,-1.5,77811.06,81945.32,0.958,7,none
2026-08-25 23:11:07,2026-08-25 23:10:00,78765.0,78765.0,78996.0,-0.2924,-0.2924,3.7335,-1.5,77811.06,81945.32,0.962,7,none
2026-08-25 23:16:00,2026-08-25 23:15:00,78895.0,78895.0,78996.0,-0.1279,-0.1279,3.7335,-1.5,77811.06,81945.32,0.965,7,none
2026-08-25 23:21:07,2026-08-25 23:20:00,78734.0,78705.0,78996.0,-0.3317,-0.3684,3.7335,-1.5,77811.06,81945.32,0.969,7,none
2026-08-25 23:26:02,2026-08-25 23:25:00,78624.0,78597.0,78996.0,-0.4709,-0.5051,3.7335,-1.5,77811.06,81945.32,0.972,7,none
2026-08-25 23:31:16,2026-08-25 23:30:00,78607.0,78607.0,78996.0,-0.4924,-0.4924,3.7335,-1.5,77811.06,81945.32,0.976,7,none
2026-08-25 23:36:05,2026-08-25 23:35:00,78675.0,78647.0,78996.0,-0.4063,-0.4418,3.7335,-1.5,77811.06,81945.32,0.979,7,none
2026-08-25 23:41:05,2026-08-25 23:40:00,78605.0,78596.0,78996.0,-0.495,-0.5064,3.7335,-1.5,77811.06,81945.32,0.983,7,none
2026-08-25 23:46:04,2026-08-25 23:45:00,78459.0,78423.0,78996.0,-0.6798,-0.7254,3.7335,-1.5,77811.06,81945.32,0.986,7,none
2026-08-25 23:51:11,2026-08-25 23:50:00,78406.0,78406.0,78996.0,-0.7469,-0.7469,3.7335,-1.5,77811.06,81945.32,0.99,7,none
2026-08-25 23:56:02,2026-08-25 23:55:00,78437.0,78422.0,78996.0,-0.7076,-0.7266,3.7335,-1.5,77811.06,81945.32,0.993,7,none
2026-08-26 00:01:14,2026-08-26 00:00:00,78466.0,78449.0,78996.0,-0.6709,-0.6924,3.7335,-1.5,77811.06,81945.32,0.997,7,none
2026-08-26 00:06:19,2026-08-26 00:05:00,78428.0,78415.0,78996.0,-0.719,-0.7355,3.7335,-1.5,77811.06,81945.32,1.0,7,none
2026-08-26 00:11:13,2026-08-26 00:10:00,78270.0,78270.0,78996.0,-0.919,-0.919,3.7335,-1.5,77811.06,81945.32,1.004,7,none
2026-08-26 00:16:11,2026-08-26 00:15:00,78472.0,78293.0,78996.0,-0.6633,-0.8899,3.7335,-1.5,77811.06,81945.32,1.007,7,none
2026-08-26 00:21:04,2026-08-26 00:20:00,78521.0,78479.0,78996.0,-0.6013,-0.6545,3.7335,-1.5,77811.06,81945.32,1.01,7,none
2026-08-26 00:25:59,2026-08-26 00:24:00,78560.0,78539.0,78996.0,-0.5519,-0.5785,3.7335,-1.5,77811.06,81945.32,1.014,7,none
2026-08-26 00:31:16,2026-08-26 00:30:00,78607.0,78554.0,78996.0,-0.4924,-0.5595,3.7335,-1.5,77811.06,81945.32,1.017,7,none
2026-08-26 00:35:57,2026-08-26 00:34:00,78550.0,78550.0,78996.0,-0.5646,-0.5646,3.7335,-1.5,77811.06,81945.32,1.021,7,none
2026-08-26 00:41:12,2026-08-26 00:40:00,78376.0,78350.0,78996.0,-0.7848,-0.8178,3.7335,-1.5,77811.06,81945.32,1.024,7,none
2026-08-26 00:46:19,2026-08-26 00:45:00,78376.0,78347.0,78996.0,-0.7848,-0.8216,3.7335,-1.5,77811.06,81945.32,1.028,7,none
2026-08-26 00:51:06,2026-08-26 00:50:00,78589.0,78493.0,78996.0,-0.5152,-0.6367,3.7335,-1.5,77811.06,81945.32,1.031,7,none
2026-08-26 00:56:01,2026-08-26 00:54:00,78671.0,78600.0,78996.0,-0.4114,-0.5013,3.7335,-1.5,77811.06,81945.32,1.035,7,none
2026-08-26 01:01:19,2026-08-26 01:00:00,78626.0,78577.0,78996.0,-0.4684,-0.5304,3.7335,-1.5,77811.06,81945.32,1.038,7,none
2026-08-26 01:06:09,2026-08-26 01:05:00,78829.0,78777.0,78996.0,-0.2114,-0.2772,3.7335,-1.5,77811.06,81945.32,1.042,7,none
2026-08-26 01:11:11,2026-08-26 01:10:00,78784.0,78711.0,78996.0,-0.2684,-0.3608,3.7335,-1.5,77811.06,81945.32,1.045,7,none
2026-08-26 01:16:07,2026-08-26 01:15:00,78776.0,78698.0,78996.0,-0.2785,-0.3772,3.7335,-1.5,77811.06,81945.32,1.049,7,none
2026-08-26 01:21:03,2026-08-26 01:20:00,78831.0,78815.0,78996.0,-0.2089,-0.2291,3.7335,-1.5,77811.06,81945.32,1.052,7,none
2026-08-26 01:26:10,2026-08-26 01:25:00,78724.0,78705.0,78996.0,-0.3443,-0.3684,3.7335,-1.5,77811.06,81945.32,1.056,7,none
2026-08-26 01:31:12,2026-08-26 01:30:00,78735.0,78686.0,78996.0,-0.3304,-0.3924,3.7335,-1.5,77811.06,81945.32,1.059,7,none
2026-08-26 01:36:07,2026-08-26 01:35:00,78903.0,78863.0,78996.0,-0.1177,-0.1684,3.7335,-1.5,77811.06,81945.32,1.062,7,none
2026-08-26 01:41:10,2026-08-26 01:40:00,78861.0,78860.0,78996.0,-0.1709,-0.1722,3.7335,-1.5,77811.06,81945.32,1.066,7,none
2026-08-26 01:46:05,2026-08-26 01:45:00,78807.0,78807.0,78996.0,-0.2393,-0.2393,3.7335,-1.5,77811.06,81945.32,1.069,7,none
2026-08-26 01:51:04,2026-08-26 01:50:00,78792.0,78761.0,78996.0,-0.2582,-0.2975,3.7335,-1.5,77811.06,81945.32,1.073,7,none
2026-08-26 01:56:05,2026-08-26 01:55:00,78770.0,78761.0,78996.0,-0.2861,-0.2975,3.7335,-1.5,77811.06,81945.32,1.076,7,none
2026-08-26 02:01:13,2026-08-26 02:00:00,78813.0,78791.0,78996.0,-0.2317,-0.2595,3.7335,-1.5,77811.06,81945.32,1.08,7,none
2026-08-26 02:06:02,2026-08-26 02:05:00,78819.0,78817.0,78996.0,-0.2241,-0.2266,3.7335,-1.5,77811.06,81945.32,1.083,7,none
2026-08-26 02:11:08,2026-08-26 02:10:00,78742.0,78731.0,78996.0,-0.3215,-0.3355,3.7335,-1.5,77811.06,81945.32,1.087,7,none
2026-08-26 02:16:13,2026-08-26 02:15:00,78752.0,78728.0,78996.0,-0.3089,-0.3393,3.7335,-1.5,77811.06,81945.32,1.09,7,none
2026-08-26 02:18:11,2026-08-26 02:17:00,78888.0,78799.0,78996.0,-0.1367,-0.2494,3.7335,-1.5,77811.06,81945.32,1.092,7,none
2026-08-26 02:21:05,2026-08-26 02:20:00,78925.0,78876.0,78996.0,-0.0899,-0.1519,3.7335,-1.5,77811.06,81945.32,1.094,7,none
2026-08-26 02:26:10,2026-08-26 02:25:00,79099.0,78972.0,78996.0,0.1304,-0.0304,3.7335,-1.5,77811.06,81945.32,1.097,7,none
2026-08-26 02:31:12,2026-08-26 02:30:00,79124.0,79113.0,78996.0,0.162,0.1481,3.7335,-1.5,77811.06,81945.32,1.101,7,none
2026-08-26 02:36:06,2026-08-26 02:35:00,79199.0,79167.0,78996.0,0.257,0.2165,3.7335,-1.5,77811.06,81945.32,1.104,7,none
2026-08-26 02:41:06,2026-08-26 02:40:00,79181.0,79177.0,78996.0,0.2342,0.2291,3.7335,-1.5,77811.06,81945.32,1.108,7,none
2026-08-26 02:45:59,2026-08-26 02:44:00,79133.0,79133.0,78996.0,0.1734,0.1734,3.7335,-1.5,77811.06,81945.32,1.111,7,none
2026-08-26 02:51:05,2026-08-26 02:50:00,79081.0,79080.0,78996.0,0.1076,0.1063,3.7335,-1.5,77811.06,81945.32,1.115,7,none
2026-08-26 02:56:06,2026-08-26 02:55:00,79093.0,79051.0,78996.0,0.1228,0.0696,3.7335,-1.5,77811.06,81945.32,1.118,7,none
2026-08-26 03:01:14,2026-08-26 03:00:00,79103.0,79066.0,78996.0,0.1354,0.0886,3.7335,-1.5,77811.06,81945.32,1.122,7,none
2026-08-26 03:06:03,2026-08-26 03:05:00,79061.0,79056.0,78996.0,0.0823,0.076,3.7335,-1.5,77811.06,81945.32,1.125,7,none
2026-08-26 03:11:07,2026-08-26 03:10:00,79046.0,79035.0,78996.0,0.0633,0.0494,3.7335,-1.5,77811.06,81945.32,1.128,7,none
2026-08-26 03:16:09,2026-08-26 03:15:00,79049.0,79028.0,78996.0,0.0671,0.0405,3.7335,-1.5,77811.06,81945.32,1.132,7,none
2026-08-26 03:21:07,2026-08-26 03:20:00,79012.0,78981.0,78996.0,0.0203,-0.019,3.7335,-1.5,77811.06,81945.32,1.135,7,none
2026-08-26 03:26:09,2026-08-26 03:25:00,79094.0,79078.0,78996.0,0.1241,0.1038,3.7335,-1.5,77811.06,81945.32,1.139,7,none
2026-08-26 03:31:11,2026-08-26 03:30:00,79027.0,79026.0,78996.0,0.0392,0.038,3.7335,-1.5,77811.06,81945.32,1.142,7,none
2026-08-26 03:36:04,2026-08-26 03:35:00,79044.0,78976.0,78996.0,0.0608,-0.0253,3.7335,-1.5,77811.06,81945.32,1.146,7,none
2026-08-26 03:41:14,2026-08-26 03:40:00,78979.0,78978.0,78996.0,-0.0215,-0.0228,3.7335,-1.5,77811.06,81945.32,1.149,7,none
2026-08-26 03:44:04,2026-08-26 03:43:00,79053.0,79037.0,78996.0,0.0722,0.0519,3.7335,-1.5,77811.06,81945.32,1.151,7,none
2026-08-26 03:46:08,2026-08-26 03:45:00,79034.0,79034.0,78996.0,0.0481,0.0481,3.7335,-1.5,77811.06,81945.32,1.153,7,none
2026-08-26 03:51:06,2026-08-26 03:50:00,78967.0,78948.0,78996.0,-0.0367,-0.0608,3.7335,-1.5,77811.06,81945.32,1.156,7,none
2026-08-26 03:56:01,2026-08-26 03:55:00,79080.0,79022.0,78996.0,0.1063,0.0329,3.7335,-1.5,77811.06,81945.32,1.16,7,none
2026-08-26 04:01:18,2026-08-26 04:00:00,79001.0,79000.0,78996.0,0.0063,0.0051,3.7335,-1.5,77811.06,81945.32,1.163,7,none
2026-08-26 04:06:05,2026-08-26 04:05:00,79027.0,78981.0,78996.0,0.0392,-0.019,3.7335,-1.5,77811.06,81945.32,1.167,7,none
2026-08-26 04:11:06,2026-08-26 04:10:00,79161.0,79142.0,78996.0,0.2089,0.1848,3.7335,-1.5,77811.06,81945.32,1.17,7,none
2026-08-26 04:16:06,2026-08-26 04:15:00,79016.0,78959.0,78996.0,0.0253,-0.0468,3.7335,-1.5,77811.06,81945.32,1.174,7,none
2026-08-26 04:21:06,2026-08-26 04:20:00,79030.0,79030.0,78996.0,0.043,0.043,3.7335,-1.5,77811.06,81945.32,1.177,7,none
2026-08-26 04:26:02,2026-08-26 04:25:00,79087.0,79086.0,78996.0,0.1152,0.1139,3.7335,-1.5,77811.06,81945.32,1.18,7,none
2026-08-26 04:29:09,2026-08-26 04:28:00,79014.0,79013.0,78996.0,0.0228,0.0215,3.7335,-1.5,77811.06,81945.32,1.183,7,none
2026-08-26 04:31:13,2026-08-26 04:30:00,79047.0,79011.0,78996.0,0.0646,0.019,3.7335,-1.5,77811.06,81945.32,1.184,7,none
2026-08-26 04:36:06,2026-08-26 04:35:00,78889.0,78889.0,78996.0,-0.1354,-0.1354,3.7335,-1.5,77811.06,81945.32,1.187,7,none
2026-08-26 04:41:03,2026-08-26 04:40:00,78937.0,78925.0,78996.0,-0.0747,-0.0899,3.7335,-1.5,77811.06,81945.32,1.191,7,none
2026-08-26 04:46:09,2026-08-26 04:45:00,78898.0,78898.0,78996.0,-0.1241,-0.1241,3.7335,-1.5,77811.06,81945.32,1.194,7,none
2026-08-26 04:51:09,2026-08-26 04:50:00,78864.0,78846.0,78996.0,-0.1671,-0.1899,3.7335,-1.5,77811.06,81945.32,1.198,7,none
2026-08-26 04:56:00,2026-08-26 04:54:00,78868.0,78861.0,78996.0,-0.162,-0.1709,3.7335,-1.5,77811.06,81945.32,1.201,7,none
2026-08-26 05:01:16,2026-08-26 05:00:00,78816.0,78815.0,78996.0,-0.2279,-0.2291,3.7335,-1.5,77811.06,81945.32,1.205,7,none
2026-08-26 05:06:07,2026-08-26 05:05:00,78672.0,78655.0,78996.0,-0.4101,-0.4317,3.7335,-1.5,77811.06,81945.32,1.208,7,none
2026-08-26 05:11:06,2026-08-26 05:10:00,78826.0,78789.0,78996.0,-0.2152,-0.262,3.7335,-1.5,77811.06,81945.32,1.212,7,none
2026-08-26 05:16:07,2026-08-26 05:15:00,78838.0,78828.0,78996.0,-0.2,-0.2127,3.7335,-1.5,77811.06,81945.32,1.215,7,none
2026-08-26 05:21:07,2026-08-26 05:20:00,78804.0,78741.0,78996.0,-0.2431,-0.3228,3.7335,-1.5,77811.06,81945.32,1.219,7,none
2026-08-26 05:23:14,2026-08-26 05:22:00,78884.0,78834.0,78996.0,-0.1418,-0.2051,3.7335,-1.5,77811.06,81945.32,1.22,7,none
2026-08-26 05:26:02,2026-08-26 05:25:00,78979.0,78976.0,78996.0,-0.0215,-0.0253,3.7335,-1.5,77811.06,81945.32,1.222,7,none
2026-08-26 05:31:15,2026-08-26 05:30:00,79032.0,78969.0,78996.0,0.0456,-0.0342,3.7335,-1.5,77811.06,81945.32,1.226,7,none
2026-08-26 05:36:03,2026-08-26 05:35:00,79036.0,79030.0,78996.0,0.0506,0.043,3.7335,-1.5,77811.06,81945.32,1.229,7,none
2026-08-26 05:41:10,2026-08-26 05:40:00,79077.0,79050.0,78996.0,0.1025,0.0684,3.7335,-1.5,77811.06,81945.32,1.233,7,none
2026-08-26 05:46:03,2026-08-26 05:45:00,79069.0,79069.0,78996.0,0.0924,0.0924,3.7335,-1.5,77811.06,81945.32,1.236,7,none
2026-08-26 05:51:07,2026-08-26 05:50:00,79027.0,79027.0,78996.0,0.0392,0.0392,3.7335,-1.5,77811.06,81945.32,1.24,7,none
2026-08-26 05:56:01,2026-08-26 05:55:00,78985.0,78946.0,78996.0,-0.0139,-0.0633,3.7335,-1.5,77811.06,81945.32,1.243,7,none
2026-08-26 06:01:17,2026-08-26 06:00:00,79126.0,79077.0,78996.0,0.1646,0.1025,3.7335,-1.5,77811.06,81945.32,1.247,7,none
2026-08-26 06:06:05,2026-08-26 06:05:00,79173.0,79098.0,78996.0,0.2241,0.1291,3.7335,-1.5,77811.06,81945.32,1.25,7,none
2026-08-26 06:11:13,2026-08-26 06:10:00,79110.0,79109.0,78996.0,0.1443,0.143,3.7335,-1.5,77811.06,81945.32,1.254,7,none
2026-08-26 06:16:14,2026-08-26 06:15:00,78984.0,78975.0,78996.0,-0.0152,-0.0266,3.7335,-1.5,77811.06,81945.32,1.257,7,none
2026-08-26 06:21:11,2026-08-26 06:20:00,78993.0,78861.0,78996.0,-0.0038,-0.1709,3.7335,-1.5,77811.06,81945.32,1.26,7,none
2026-08-26 06:26:06,2026-08-26 06:25:00,78881.0,78812.0,78996.0,-0.1456,-0.2329,3.7335,-1.5,77811.06,81945.32,1.264,7,none
2026-08-26 06:27:12,2026-08-26 06:26:00,78903.0,78870.0,78996.0,-0.1177,-0.1595,3.7335,-1.5,77811.06,81945.32,1.265,7,none
2026-08-26 06:31:10,2026-08-26 06:30:00,78891.0,78871.0,78996.0,-0.1329,-0.1582,3.7335,-1.5,77811.06,81945.32,1.267,7,none
2026-08-26 06:36:05,2026-08-26 06:35:00,78893.0,78892.0,78996.0,-0.1304,-0.1317,3.7335,-1.5,77811.06,81945.32,1.271,7,none
2026-08-26 06:41:05,2026-08-26 06:40:00,78859.0,78844.0,78996.0,-0.1734,-0.1924,3.7335,-1.5,77811.06,81945.32,1.274,7,none
2026-08-26 06:46:08,2026-08-26 06:45:00,78930.0,78916.0,78996.0,-0.0835,-0.1013,3.7335,-1.5,77811.06,81945.32,1.278,7,none
2026-08-26 06:51:08,2026-08-26 06:50:00,78885.0,78869.0,78996.0,-0.1405,-0.1608,3.7335,-1.5,77811.06,81945.32,1.281,7,none
2026-08-26 06:56:08,2026-08-26 06:55:00,78902.0,78900.0,78996.0,-0.119,-0.1215,3.7335,-1.5,77811.06,81945.32,1.285,7,none
2026-08-26 07:01:12,2026-08-26 07:00:00,78897.0,78897.0,78996.0,-0.1253,-0.1253,3.7335,-1.5,77811.06,81945.32,1.288,7,none
2026-08-26 07:06:01,2026-08-26 07:05:00,79041.0,78999.0,78996.0,0.057,0.0038,3.7335,-1.5,77811.06,81945.32,1.292,7,none
2026-08-26 07:11:09,2026-08-26 07:10:00,78981.0,78926.0,78996.0,-0.019,-0.0886,3.7335,-1.5,77811.06,81945.32,1.295,7,none
2026-08-26 07:16:06,2026-08-26 07:15:00,78982.0,78969.0,78996.0,-0.0177,-0.0342,3.7335,-1.5,77811.06,81945.32,1.299,7,none
2026-08-26 07:21:27,2026-08-26 07:20:00,78942.0,78942.0,78996.0,-0.0684,-0.0684,3.7335,-1.5,77811.06,81945.32,1.302,7,none
2026-08-26 07:26:08,2026-08-26 07:25:00,78970.0,78933.0,78996.0,-0.0329,-0.0798,3.7335,-1.5,77811.06,81945.32,1.306,7,none
2026-08-26 07:31:10,2026-08-26 07:30:00,78932.0,78915.0,78996.0,-0.081,-0.1025,3.7335,-1.5,77811.06,81945.32,1.309,7,none
2026-08-26 07:36:01,2026-08-26 07:35:00,78995.0,78963.0,78996.0,-0.0013,-0.0418,3.7335,-1.5,77811.06,81945.32,1.312,7,none
2026-08-26 07:41:11,2026-08-26 07:40:00,78982.0,78982.0,78996.0,-0.0177,-0.0177,3.7335,-1.5,77811.06,81945.32,1.316,7,none
2026-08-26 07:46:10,2026-08-26 07:45:00,78978.0,78978.0,78996.0,-0.0228,-0.0228,3.7335,-1.5,77811.06,81945.32,1.319,7,none
2026-08-26 07:51:10,2026-08-26 07:50:00,78999.0,78970.0,78996.0,0.0038,-0.0329,3.7335,-1.5,77811.06,81945.32,1.323,7,none
2026-08-26 07:56:03,2026-08-26 07:55:00,78904.0,78904.0,78996.0,-0.1165,-0.1165,3.7335,-1.5,77811.06,81945.32,1.326,7,none
2026-08-26 08:01:24,2026-08-26 08:00:00,78901.0,78885.0,78996.0,-0.1203,-0.1405,3.7335,-1.5,77811.06,81945.32,1.33,7,none
2026-08-26 08:06:03,2026-08-26 08:05:00,78814.0,78808.0,78996.0,-0.2304,-0.238,3.7335,-1.5,77811.06,81945.32,1.333,7,none
2026-08-26 08:11:09,2026-08-26 08:10:00,79082.0,79041.0,78996.0,0.1089,0.057,3.7335,-1.5,77811.06,81945.32,1.337,7,none
2026-08-26 08:16:05,2026-08-26 08:15:00,79038.0,79018.0,78996.0,0.0532,0.0278,3.7335,-1.5,77811.06,81945.32,1.34,7,none
2026-08-26 08:21:09,2026-08-26 08:20:00,78991.0,78984.0,78996.0,-0.0063,-0.0152,3.7335,-1.5,77811.06,81945.32,1.344,7,none
2026-08-26 08:26:08,2026-08-26 08:25:00,78977.0,78963.0,78996.0,-0.0241,-0.0418,3.7335,-1.5,77811.06,81945.32,1.347,7,none
2026-08-26 08:29:17,2026-08-26 08:28:00,78993.0,78973.0,78996.0,-0.0038,-0.0291,3.7335,-1.5,77811.06,81945.32,1.349,7,none
2026-08-26 08:31:09,2026-08-26 08:30:00,78931.0,78921.0,78996.0,-0.0823,-0.0949,3.7335,-1.5,77811.06,81945.32,1.351,7,none
2026-08-26 08:36:01,2026-08-26 08:35:00,78916.0,78915.0,78996.0,-0.1013,-0.1025,3.7335,-1.5,77811.06,81945.32,1.354,7,none
2026-08-26 08:41:02,2026-08-26 08:40:00,78907.0,78907.0,78996.0,-0.1127,-0.1127,3.7335,-1.5,77811.06,81945.32,1.358,7,none
2026-08-26 08:46:04,2026-08-26 08:45:00,78976.0,78976.0,78996.0,-0.0253,-0.0253,3.7335,-1.5,77811.06,81945.32,1.361,7,none
2026-08-26 08:51:03,2026-08-26 08:50:00,78909.0,78904.0,78996.0,-0.1101,-0.1165,3.7335,-1.5,77811.06,81945.32,1.365,7,none
2026-08-26 08:56:04,2026-08-26 08:55:00,78692.0,78636.0,78996.0,-0.3848,-0.4557,3.7335,-1.5,77811.06,81945.32,1.368,7,none
2026-08-26 09:01:14,2026-08-26 09:00:00,78719.0,78650.0,78996.0,-0.3507,-0.438,3.7335,-1.5,77811.06,81945.32,1.372,7,none
2026-08-26 09:06:05,2026-08-26 09:05:00,78839.0,78807.0,78996.0,-0.1987,-0.2393,3.7335,-1.5,77811.06,81945.32,1.375,7,none
2026-08-26 09:11:13,2026-08-26 09:10:00,78820.0,78800.0,78996.0,-0.2228,-0.2481,3.7335,-1.5,77811.06,81945.32,1.379,7,none
2026-08-26 09:16:12,2026-08-26 09:15:00,78667.0,78667.0,78996.0,-0.4165,-0.4165,3.7335,-1.5,77811.06,81945.32,1.382,7,none
2026-08-26 09:21:15,2026-08-26 09:20:00,78490.0,78454.0,78996.0,-0.6405,-0.6861,3.7335,-1.5,77811.06,81945.32,1.385,7,none
2026-08-26 09:26:03,2026-08-26 09:25:00,78457.0,78389.0,78996.0,-0.6823,-0.7684,3.7335,-1.5,77811.06,81945.32,1.389,7,none
2026-08-26 09:29:49,2026-08-26 09:28:00,78475.0,78452.0,78996.0,-0.6595,-0.6886,3.7335,-1.5,77811.06,81945.32,1.391,7,none
2026-08-26 09:31:16,2026-08-26 09:30:00,78468.0,78467.0,78996.0,-0.6684,-0.6697,3.7335,-1.5,77811.06,81945.32,1.392,7,none
2026-08-26 09:36:12,2026-08-26 09:35:00,78543.0,78542.0,78996.0,-0.5734,-0.5747,3.7335,-1.5,77811.06,81945.32,1.396,7,none
2026-08-26 09:41:04,2026-08-26 09:40:00,78407.0,78386.0,78996.0,-0.7456,-0.7722,3.7335,-1.5,77811.06,81945.32,1.399,7,none
2026-08-26 09:46:09,2026-08-26 09:45:00,78355.0,78298.0,78996.0,-0.8114,-0.8836,3.7335,-1.5,77811.06,81945.32,1.403,7,none
2026-08-26 09:51:12,2026-08-26 09:50:00,78423.0,78386.0,78996.0,-0.7254,-0.7722,3.7335,-1.5,77811.06,81945.32,1.406,7,none
2026-08-26 09:56:02,2026-08-26 09:55:00,78415.0,78384.0,78996.0,-0.7355,-0.7747,3.7335,-1.5,77811.06,81945.32,1.41,7,none
2026-08-26 10:01:21,2026-08-26 10:00:00,78390.0,78390.0,78996.0,-0.7671,-0.7671,3.7335,-1.5,77811.06,81945.32,1.413,7,none
2026-08-26 10:06:01,2026-08-26 10:05:00,78327.0,78298.0,78996.0,-0.8469,-0.8836,3.7335,-1.5,77811.06,81945.32,1.417,7,none
2026-08-26 10:11:09,2026-08-26 10:10:00,78325.0,78316.0,78996.0,-0.8494,-0.8608,3.7335,-1.5,77811.06,81945.32,1.42,7,none
2026-08-26 10:16:10,2026-08-26 10:15:00,78424.0,78420.0,78996.0,-0.7241,-0.7292,3.7335,-1.5,77811.06,81945.32,1.424,7,none
2026-08-26 10:21:05,2026-08-26 10:20:00,78524.0,78524.0,78996.0,-0.5975,-0.5975,3.7335,-1.5,77811.06,81945.32,1.427,7,none
2026-08-26 10:23:54,2026-08-26 10:22:00,78525.0,78503.0,78996.0,-0.5962,-0.6241,3.7335,-1.5,77811.06,81945.32,1.429,7,none
2026-08-26 10:26:01,2026-08-26 10:25:00,78582.0,78566.0,78996.0,-0.5241,-0.5443,3.7335,-1.5,77811.06,81945.32,1.43,7,none
2026-08-26 10:31:16,2026-08-26 10:30:00,78639.0,78615.0,78996.0,-0.4519,-0.4823,3.7335,-1.5,77811.06,81945.32,1.434,7,none
2026-08-26 10:36:08,2026-08-26 10:35:00,78642.0,78636.0,78996.0,-0.4481,-0.4557,3.7335,-1.5,77811.06,81945.32,1.438,7,none
2026-08-26 10:41:07,2026-08-26 10:40:00,78691.0,78687.0,78996.0,-0.3861,-0.3912,3.7335,-1.5,77811.06,81945.32,1.441,7,none
2026-08-26 10:46:06,2026-08-26 10:45:00,78729.0,78688.0,78996.0,-0.338,-0.3899,3.7335,-1.5,77811.06,81945.32,1.444,7,none
2026-08-26 10:51:09,2026-08-26 10:50:00,78837.0,78804.0,78996.0,-0.2013,-0.2431,3.7335,-1.5,77811.06,81945.32,1.448,7,none
2026-08-26 10:56:08,2026-08-26 10:55:00,78741.0,78738.0,78996.0,-0.3228,-0.3266,3.7335,-1.5,77811.06,81945.32,1.451,7,none
2026-08-26 11:01:25,2026-08-26 11:00:00,78673.0,78672.0,78996.0,-0.4089,-0.4101,3.7335,-1.5,77811.06,81945.32,1.455,7,none
2026-08-26 11:06:09,2026-08-26 11:05:00,78739.0,78708.0,78996.0,-0.3253,-0.3646,3.7335,-1.5,77811.06,81945.32,1.458,7,none
2026-08-26 11:11:07,2026-08-26 11:10:00,78679.0,78664.0,78996.0,-0.4013,-0.4203,3.7335,-1.5,77811.06,81945.32,1.462,7,none
2026-08-26 11:16:12,2026-08-26 11:15:00,78681.0,78680.0,78996.0,-0.3988,-0.4,3.7335,-1.5,77811.06,81945.32,1.465,7,none
2026-08-26 11:19:16,2026-08-26 11:18:00,78642.0,78637.0,78996.0,-0.4481,-0.4545,3.7335,-1.5,77811.06,81945.32,1.467,7,none
2026-08-26 11:21:09,2026-08-26 11:20:00,78622.0,78621.0,78996.0,-0.4734,-0.4747,3.7335,-1.5,77811.06,81945.32,1.469,7,none
2026-08-26 11:26:18,2026-08-26 11:25:00,78675.0,78674.0,78996.0,-0.4063,-0.4076,3.7335,-1.5,77811.06,81945.32,1.472,7,none
2026-08-26 11:31:14,2026-08-26 11:30:00,78598.0,78598.0,78996.0,-0.5038,-0.5038,3.7335,-1.5,77811.06,81945.32,1.476,7,none
2026-08-26 11:36:07,2026-08-26 11:35:00,78584.0,78529.0,78996.0,-0.5215,-0.5912,3.7335,-1.5,77811.06,81945.32,1.479,7,none
2026-08-26 11:41:02,2026-08-26 11:40:00,78366.0,78324.0,78996.0,-0.7975,-0.8507,3.7335,-1.5,77811.06,81945.32,1.483,7,none
2026-08-26 11:46:08,2026-08-26 11:45:00,78420.0,78420.0,78996.0,-0.7292,-0.7292,3.7335,-1.5,77811.06,81945.32,1.486,7,none
2026-08-26 11:51:18,2026-08-26 11:50:00,78408.0,78370.0,78996.0,-0.7443,-0.7924,3.7335,-1.5,77811.06,81945.32,1.49,7,none
2026-08-26 11:56:02,2026-08-26 11:55:00,78498.0,78497.0,78996.0,-0.6304,-0.6317,3.7335,-1.5,77811.06,81945.32,1.493,7,none
2026-08-26 12:01:23,2026-08-26 12:00:00,78520.0,78473.0,78996.0,-0.6026,-0.6621,3.7335,-1.5,77811.06,81945.32,1.497,7,none
2026-08-26 12:06:06,2026-08-26 12:05:00,78410.0,78399.0,78996.0,-0.7418,-0.7557,3.7335,-1.5,77811.06,81945.32,1.5,7,none
2026-08-26 12:11:11,2026-08-26 12:10:00,78434.0,78415.0,78996.0,-0.7114,-0.7355,3.7335,-1.5,77811.06,81945.32,1.504,7,none
2026-08-26 12:16:07,2026-08-26 12:15:00,78343.0,78343.0,78996.0,-0.8266,-0.8266,3.7335,-1.5,77811.06,81945.32,1.507,7,none
2026-08-26 12:21:09,2026-08-26 12:20:00,78471.0,78367.0,78996.0,-0.6646,-0.7962,3.7335,-1.5,77811.06,81945.32,1.51,7,none
2026-08-26 12:25:59,2026-08-26 12:24:00,78560.0,78530.0,78996.0,-0.5519,-0.5899,3.7335,-1.5,77811.06,81945.32,1.514,7,none
2026-08-26 12:31:14,2026-08-26 12:30:00,78314.0,77955.0,78996.0,-0.8633,-1.3178,3.7335,-1.5,77811.06,81945.32,1.517,7,none
2026-08-26 12:36:05,2026-08-26 12:35:00,78453.0,78395.0,78996.0,-0.6874,-0.7608,3.7335,-1.5,77811.06,81945.32,1.521,7,none
2026-08-26 12:41:14,2026-08-26 12:40:00,78208.0,78203.0,78996.0,-0.9975,-1.0038,3.7335,-1.5,77811.06,81945.32,1.524,7,none
2026-08-26 12:46:04,2026-08-26 12:45:00,78301.0,78245.0,78996.0,-0.8798,-0.9507,3.7335,-1.5,77811.06,81945.32,1.528,7,none
2026-08-26 12:51:01,2026-08-26 12:49:00,78295.0,78253.0,78996.0,-0.8874,-0.9406,3.7335,-1.5,77811.06,81945.32,1.531,7,none
2026-08-26 12:56:10,2026-08-26 12:55:00,78313.0,78280.0,78996.0,-0.8646,-0.9064,3.7335,-1.5,77811.06,81945.32,1.535,7,none
2026-08-26 13:01:18,2026-08-26 13:00:00,78356.0,78266.0,78996.0,-0.8102,-0.9241,3.7335,-1.5,77811.06,81945.32,1.538,7,none
2026-08-26 13:06:07,2026-08-26 13:05:00,78197.0,78191.0,78996.0,-1.0114,-1.019,3.7335,-1.5,77811.06,81945.32,1.542,7,none
2026-08-26 13:11:09,2026-08-26 13:10:00,78098.0,78012.0,78996.0,-1.1368,-1.2456,3.7335,-1.5,77811.06,81945.32,1.545,7,none
2026-08-26 13:16:09,2026-08-26 13:15:00,78125.0,78089.0,78996.0,-1.1026,-1.1482,3.7335,-1.5,77811.06,81945.32,1.549,7,none
2026-08-26 13:21:12,2026-08-26 13:20:00,78100.0,78099.0,78996.0,-1.1342,-1.1355,3.7335,-1.5,77811.06,81945.32,1.552,7,none
2026-08-26 13:26:12,2026-08-26 13:25:00,77987.0,77954.0,78996.0,-1.2773,-1.3191,3.7335,-1.5,77811.06,81945.32,1.556,7,none
2026-08-26 13:31:12,2026-08-26 13:30:00,78183.0,78018.0,78996.0,-1.0292,-1.238,3.7335,-1.5,77811.06,81945.32,1.559,7,none
2026-08-26 13:36:07,2026-08-26 13:35:00,78303.0,78274.0,78996.0,-0.8773,-0.914,3.7335,-1.5,77811.06,81945.32,1.562,7,none
2026-08-26 13:41:08,2026-08-26 13:40:00,78402.0,78307.0,78996.0,-0.7519,-0.8722,3.7335,-1.5,77811.06,81945.32,1.566,7,none
2026-08-26 13:44:34,2026-08-26 13:43:00,78422.0,78384.0,78996.0,-0.7266,-0.7747,3.7335,-1.5,77811.06,81945.32,1.568,7,none
2026-08-26 13:46:12,2026-08-26 13:45:00,78522.0,78464.0,78996.0,-0.6,-0.6735,3.7335,-1.5,77811.06,81945.32,1.57,7,none
2026-08-26 13:51:08,2026-08-26 13:50:00,78274.0,78274.0,78996.0,-0.914,-0.914,3.7335,-1.5,77811.06,81945.32,1.573,7,none
2026-08-26 13:56:08,2026-08-26 13:55:00,78298.0,78175.0,78996.0,-0.8836,-1.0393,3.7335,-1.5,77811.06,81945.32,1.576,7,none
2026-08-26 14:01:23,2026-08-26 14:00:00,78403.0,78276.0,78996.0,-0.7507,-0.9114,3.7335,-1.5,77811.06,81945.32,1.58,7,none
2026-08-26 14:06:09,2026-08-26 14:05:00,78525.0,78498.0,78996.0,-0.5962,-0.6304,3.7335,-1.5,77811.06,81945.32,1.583,7,none
2026-08-26 14:11:07,2026-08-26 14:10:00,78545.0,78462.0,78996.0,-0.5709,-0.676,3.7335,-1.5,77811.06,81945.32,1.587,7,none
2026-08-26 14:16:03,2026-08-26 14:15:00,78487.0,78431.0,78996.0,-0.6443,-0.7152,3.7335,-1.5,77811.06,81945.32,1.59,7,none
2026-08-26 14:21:08,2026-08-26 14:20:00,78511.0,78469.0,78996.0,-0.614,-0.6671,3.7335,-1.5,77811.06,81945.32,1.594,7,none
2026-08-26 14:26:06,2026-08-26 14:25:00,78315.0,78299.0,78996.0,-0.8621,-0.8823,3.7335,-1.5,77811.06,81945.32,1.597,7,none
2026-08-26 14:31:25,2026-08-26 14:30:00,78226.0,78190.0,78996.0,-0.9747,-1.0203,3.7335,-1.5,77811.06,81945.32,1.601,7,none
2026-08-26 14:33:56,2026-08-26 14:32:00,78228.0,78190.0,78996.0,-0.9722,-1.0203,3.7335,-1.5,77811.06,81945.32,1.603,7,none
2026-08-26 14:36:04,2026-08-26 14:35:00,78117.0,78080.0,78996.0,-1.1127,-1.1596,3.7335,-1.5,77811.06,81945.32,1.604,7,none
2026-08-26 14:41:15,2026-08-26 14:40:00,78133.0,78125.0,78996.0,-1.0925,-1.1026,3.7335,-1.5,77811.06,81945.32,1.608,7,none
2026-08-26 14:46:13,2026-08-26 14:45:00,77877.0,77875.0,78996.0,-1.4165,-1.4191,3.7335,-1.5,77811.06,81945.32,1.611,7,none
2026-08-26 14:51:15,2026-08-26 14:50:00,77935.0,77929.0,78996.0,-1.3431,-1.3507,3.7335,-1.5,77811.06,81945.32,1.615,7,none
2026-08-26 14:56:00,2026-08-26 14:55:00,77797.0,77775.0,78996.0,-1.5178,-1.5456,3.7335,-1.5,77811.06,81945.32,1.618,7,stop_loss
2026-08-27 00:06:30,2026-08-27 00:05:00,78908.0,78836.0,79026.0,-0.1493,-0.2404,2.6022,-1.3011,77997.81,81082.39,0.0,7,none
2026-08-27 00:11:12,2026-08-27 00:10:00,78886.0,78886.0,79026.0,-0.1772,-0.1772,2.6022,-1.3011,77997.81,81082.39,0.003,7,none
2026-08-27 00:16:08,2026-08-27 00:15:00,78824.0,78814.0,79026.0,-0.2556,-0.2683,2.6022,-1.3011,77997.81,81082.39,0.007,7,none
2026-08-27 00:21:13,2026-08-27 00:20:00,78935.0,78920.0,79026.0,-0.1152,-0.1341,2.6022,-1.3011,77997.81,81082.39,0.01,7,none
2026-08-27 00:25:56,2026-08-27 00:24:00,78853.0,78852.0,79026.0,-0.2189,-0.2202,2.6022,-1.3011,77997.81,81082.39,0.014,7,none
2026-08-27 00:31:13,2026-08-27 00:30:00,78861.0,78860.0,79026.0,-0.2088,-0.2101,2.6022,-1.3011,77997.81,81082.39,0.017,7,none
2026-08-27 00:36:03,2026-08-27 00:35:00,78813.0,78812.0,79026.0,-0.2695,-0.2708,2.6022,-1.3011,77997.81,81082.39,0.021,7,none
2026-08-27 00:41:04,2026-08-27 00:40:00,78800.0,78799.0,79026.0,-0.286,-0.2872,2.6022,-1.3011,77997.81,81082.39,0.024,7,none
2026-08-27 00:46:04,2026-08-27 00:45:00,78819.0,78819.0,79026.0,-0.2619,-0.2619,2.6022,-1.3011,77997.81,81082.39,0.028,7,none
2026-08-27 00:51:06,2026-08-27 00:50:00,78810.0,78777.0,79026.0,-0.2733,-0.3151,2.6022,-1.3011,77997.81,81082.39,0.031,7,none
2026-08-27 00:56:01,2026-08-27 00:55:00,78705.0,78702.0,79026.0,-0.4062,-0.41,2.6022,-1.3011,77997.81,81082.39,0.035,7,none
2026-08-27 01:01:21,2026-08-27 01:00:00,78675.0,78666.0,79026.0,-0.4442,-0.4555,2.6022,-1.3011,77997.81,81082.39,0.038,7,none
2026-08-27 01:06:04,2026-08-27 01:05:00,78708.0,78707.0,79026.0,-0.4024,-0.4037,2.6022,-1.3011,77997.81,81082.39,0.042,7,none
2026-08-27 01:11:10,2026-08-27 01:10:00,78720.0,78710.0,79026.0,-0.3872,-0.3999,2.6022,-1.3011,77997.81,81082.39,0.045,7,none
2026-08-27 01:16:11,2026-08-27 01:15:00,78633.0,78600.0,79026.0,-0.4973,-0.5391,2.6022,-1.3011,77997.81,81082.39,0.049,7,none
2026-08-27 01:21:08,2026-08-27 01:20:00,78686.0,78650.0,79026.0,-0.4302,-0.4758,2.6022,-1.3011,77997.81,81082.39,0.052,7,none
2026-08-27 01:26:05,2026-08-27 01:25:00,78822.0,78770.0,79026.0,-0.2581,-0.3239,2.6022,-1.3011,77997.81,81082.39,0.055,7,none
2026-08-27 01:31:12,2026-08-27 01:30:00,78931.0,78924.0,79026.0,-0.1202,-0.1291,2.6022,-1.3011,77997.81,81082.39,0.059,7,none
2026-08-27 01:36:07,2026-08-27 01:35:00,78782.0,78767.0,79026.0,-0.3088,-0.3277,2.6022,-1.3011,77997.81,81082.39,0.062,7,none
2026-08-27 01:41:01,2026-08-27 01:40:00,78797.0,78796.0,79026.0,-0.2898,-0.291,2.6022,-1.3011,77997.81,81082.39,0.066,7,none
2026-08-27 01:46:01,2026-08-27 01:44:00,78710.0,78710.0,79026.0,-0.3999,-0.3999,2.6022,-1.3011,77997.81,81082.39,0.069,7,none
2026-08-27 01:51:05,2026-08-27 01:50:00,78978.0,78924.0,79026.0,-0.0607,-0.1291,2.6022,-1.3011,77997.81,81082.39,0.073,7,none
2026-08-27 01:56:06,2026-08-27 01:55:00,78968.0,78913.0,79026.0,-0.0734,-0.143,2.6022,-1.3011,77997.81,81082.39,0.076,7,none
2026-08-27 02:01:11,2026-08-27 02:00:00,78936.0,78877.0,79026.0,-0.1139,-0.1885,2.6022,-1.3011,77997.81,81082.39,0.08,7,none
2026-08-27 02:06:06,2026-08-27 02:05:00,78898.0,78888.0,79026.0,-0.162,-0.1746,2.6022,-1.3011,77997.81,81082.39,0.083,7,none
2026-08-27 02:11:15,2026-08-27 02:10:00,78928.0,78923.0,79026.0,-0.124,-0.1303,2.6022,-1.3011,77997.81,81082.39,0.087,7,none
2026-08-27 02:16:09,2026-08-27 02:15:00,78845.0,78843.0,79026.0,-0.229,-0.2316,2.6022,-1.3011,77997.81,81082.39,0.09,7,none
2026-08-27 02:21:12,2026-08-27 02:20:00,78816.0,78804.0,79026.0,-0.2657,-0.2809,2.6022,-1.3011,77997.81,81082.39,0.094,7,none
2026-08-27 02:26:03,2026-08-27 02:25:00,78721.0,78719.0,79026.0,-0.3859,-0.3885,2.6022,-1.3011,77997.81,81082.39,0.097,7,none
2026-08-27 02:31:14,2026-08-27 02:30:00,78740.0,78727.0,79026.0,-0.3619,-0.3784,2.6022,-1.3011,77997.81,81082.39,0.101,7,none
2026-08-27 02:35:57,2026-08-27 02:34:00,78767.0,78765.0,79026.0,-0.3277,-0.3303,2.6022,-1.3011,77997.81,81082.39,0.104,7,none
2026-08-27 02:41:15,2026-08-27 02:40:00,78701.0,78696.0,79026.0,-0.4113,-0.4176,2.6022,-1.3011,77997.81,81082.39,0.108,7,none
2026-08-27 02:46:13,2026-08-27 02:45:00,78716.0,78709.0,79026.0,-0.3923,-0.4011,2.6022,-1.3011,77997.81,81082.39,0.111,7,none
2026-08-27 02:51:06,2026-08-27 02:50:00,78735.0,78714.0,79026.0,-0.3682,-0.3948,2.6022,-1.3011,77997.81,81082.39,0.114,7,none
2026-08-27 02:56:07,2026-08-27 02:55:00,78728.0,78727.0,79026.0,-0.3771,-0.3784,2.6022,-1.3011,77997.81,81082.39,0.118,7,none
2026-08-27 03:01:22,2026-08-27 03:00:00,78693.0,78687.0,79026.0,-0.4214,-0.429,2.6022,-1.3011,77997.81,81082.39,0.122,7,none
2026-08-27 03:06:00,2026-08-27 03:05:00,78710.0,78709.0,79026.0,-0.3999,-0.4011,2.6022,-1.3011,77997.81,81082.39,0.125,7,none
2026-08-27 03:11:06,2026-08-27 03:10:00,78727.0,78710.0,79026.0,-0.3784,-0.3999,2.6022,-1.3011,77997.81,81082.39,0.128,7,none
2026-08-27 03:16:04,2026-08-27 03:15:00,78644.0,78639.0,79026.0,-0.4834,-0.4897,2.6022,-1.3011,77997.81,81082.39,0.132,7,none
2026-08-27 03:21:06,2026-08-27 03:20:00,78715.0,78715.0,79026.0,-0.3935,-0.3935,2.6022,-1.3011,77997.81,81082.39,0.135,7,none
2026-08-27 03:26:02,2026-08-27 03:25:00,78859.0,78859.0,79026.0,-0.2113,-0.2113,2.6022,-1.3011,77997.81,81082.39,0.139,7,none
2026-08-27 03:31:13,2026-08-27 03:30:00,78857.0,78856.0,79026.0,-0.2139,-0.2151,2.6022,-1.3011,77997.81,81082.39,0.142,7,none
2026-08-27 03:36:06,2026-08-27 03:35:00,78842.0,78827.0,79026.0,-0.2328,-0.2518,2.6022,-1.3011,77997.81,81082.39,0.146,7,none
2026-08-27 03:41:10,2026-08-27 03:40:00,78836.0,78829.0,79026.0,-0.2404,-0.2493,2.6022,-1.3011,77997.81,81082.39,0.149,7,none
2026-08-27 03:46:05,2026-08-27 03:45:00,78905.0,78844.0,79026.0,-0.1531,-0.2303,2.6022,-1.3011,77997.81,81082.39,0.153,7,none
2026-08-27 03:51:08,2026-08-27 03:50:00,78824.0,78824.0,79026.0,-0.2556,-0.2556,2.6022,-1.3011,77997.81,81082.39,0.156,7,none
2026-08-27 03:56:03,2026-08-27 03:55:00,78786.0,78786.0,79026.0,-0.3037,-0.3037,2.6022,-1.3011,77997.81,81082.39,0.16,7,none
2026-08-27 04:01:15,2026-08-27 04:00:00,78828.0,78809.0,79026.0,-0.2506,-0.2746,2.6022,-1.3011,77997.81,81082.39,0.163,7,none
2026-08-27 04:06:05,2026-08-27 04:05:00,78812.0,78812.0,79026.0,-0.2708,-0.2708,2.6022,-1.3011,77997.81,81082.39,0.167,7,none
2026-08-27 04:11:23,2026-08-27 04:10:00,78831.0,78830.0,79026.0,-0.2468,-0.248,2.6022,-1.3011,77997.81,81082.39,0.17,7,none
2026-08-27 04:16:06,2026-08-27 04:15:00,78877.0,78841.0,79026.0,-0.1885,-0.2341,2.6022,-1.3011,77997.81,81082.39,0.173,7,none
2026-08-27 04:21:08,2026-08-27 04:20:00,78849.0,78835.0,79026.0,-0.224,-0.2417,2.6022,-1.3011,77997.81,81082.39,0.177,7,none
2026-08-27 04:26:04,2026-08-27 04:25:00,78815.0,78811.0,79026.0,-0.267,-0.2721,2.6022,-1.3011,77997.81,81082.39,0.18,7,none
2026-08-27 04:31:12,2026-08-27 04:30:00,78725.0,78725.0,79026.0,-0.3809,-0.3809,2.6022,-1.3011,77997.81,81082.39,0.184,7,none
2026-08-27 04:36:07,2026-08-27 04:35:00,78687.0,78686.0,79026.0,-0.429,-0.4302,2.6022,-1.3011,77997.81,81082.39,0.187,7,none
2026-08-27 04:41:09,2026-08-27 04:40:00,78734.0,78734.0,79026.0,-0.3695,-0.3695,2.6022,-1.3011,77997.81,81082.39,0.191,7,none
2026-08-27 04:46:01,2026-08-27 04:45:00,78766.0,78765.0,79026.0,-0.329,-0.3303,2.6022,-1.3011,77997.81,81082.39,0.194,7,none
2026-08-27 04:51:07,2026-08-27 04:50:00,78696.0,78695.0,79026.0,-0.4176,-0.4188,2.6022,-1.3011,77997.81,81082.39,0.198,7,none
2026-08-27 04:56:08,2026-08-27 04:55:00,78729.0,78721.0,79026.0,-0.3758,-0.3859,2.6022,-1.3011,77997.81,81082.39,0.201,7,none
2026-08-27 05:01:13,2026-08-27 05:00:00,78756.0,78756.0,79026.0,-0.3417,-0.3417,2.6022,-1.3011,77997.81,81082.39,0.205,7,none
2026-08-27 05:06:08,2026-08-27 05:05:00,78656.0,78655.0,79026.0,-0.4682,-0.4695,2.6022,-1.3011,77997.81,81082.39,0.208,7,none
2026-08-27 05:11:03,2026-08-27 05:10:00,78681.0,78680.0,79026.0,-0.4366,-0.4378,2.6022,-1.3011,77997.81,81082.39,0.212,7,none
2026-08-27 05:16:12,2026-08-27 05:15:00,78628.0,78627.0,79026.0,-0.5036,-0.5049,2.6022,-1.3011,77997.81,81082.39,0.215,7,none
2026-08-27 05:21:05,2026-08-27 05:20:00,78632.0,78631.0,79026.0,-0.4986,-0.4998,2.6022,-1.3011,77997.81,81082.39,0.219,7,none
2026-08-27 05:26:10,2026-08-27 05:25:00,78752.0,78702.0,79026.0,-0.3467,-0.41,2.6022,-1.3011,77997.81,81082.39,0.222,7,none
2026-08-27 05:31:16,2026-08-27 05:30:00,78658.0,78638.0,79026.0,-0.4657,-0.491,2.6022,-1.3011,77997.81,81082.39,0.226,7,none
2026-08-27 05:36:03,2026-08-27 05:35:00,78603.0,78585.0,79026.0,-0.5353,-0.558,2.6022,-1.3011,77997.81,81082.39,0.229,7,none
2026-08-27 05:41:05,2026-08-27 05:40:00,78713.0,78672.0,79026.0,-0.3961,-0.448,2.6022,-1.3011,77997.81,81082.39,0.232,7,none
2026-08-27 05:46:05,2026-08-27 05:45:00,78706.0,78690.0,79026.0,-0.4049,-0.4252,2.6022,-1.3011,77997.81,81082.39,0.236,7,none
2026-08-27 05:51:06,2026-08-27 05:50:00,78816.0,78815.0,79026.0,-0.2657,-0.267,2.6022,-1.3011,77997.81,81082.39,0.239,7,none
2026-08-27 05:56:07,2026-08-27 05:55:00,78794.0,78777.0,79026.0,-0.2936,-0.3151,2.6022,-1.3011,77997.81,81082.39,0.243,7,none
2026-08-27 06:01:19,2026-08-27 06:00:00,78850.0,78850.0,79026.0,-0.2227,-0.2227,2.6022,-1.3011,77997.81,81082.39,0.247,7,none
2026-08-27 06:05:58,2026-08-27 06:04:00,78786.0,78786.0,79026.0,-0.3037,-0.3037,2.6022,-1.3011,77997.81,81082.39,0.25,7,none
2026-08-27 06:11:05,2026-08-27 06:10:00,78782.0,78782.0,79026.0,-0.3088,-0.3088,2.6022,-1.3011,77997.81,81082.39,0.253,7,none
2026-08-27 06:16:05,2026-08-27 06:15:00,78631.0,78631.0,79026.0,-0.4998,-0.4998,2.6022,-1.3011,77997.81,81082.39,0.257,7,none
2026-08-27 06:21:07,2026-08-27 06:20:00,78695.0,78690.0,79026.0,-0.4188,-0.4252,2.6022,-1.3011,77997.81,81082.39,0.26,7,none
2026-08-27 06:26:08,2026-08-27 06:25:00,78655.0,78654.0,79026.0,-0.4695,-0.4707,2.6022,-1.3011,77997.81,81082.39,0.264,7,none
2026-08-27 06:31:11,2026-08-27 06:30:00,78786.0,78631.0,79026.0,-0.3037,-0.4998,2.6022,-1.3011,77997.81,81082.39,0.267,7,none
2026-08-27 06:36:04,2026-08-27 06:35:00,78744.0,78736.0,79026.0,-0.3568,-0.367,2.6022,-1.3011,77997.81,81082.39,0.271,7,none
2026-08-27 06:41:11,2026-08-27 06:40:00,78732.0,78724.0,79026.0,-0.372,-0.3822,2.6022,-1.3011,77997.81,81082.39,0.274,7,none
2026-08-27 06:46:04,2026-08-27 06:45:00,78757.0,78734.0,79026.0,-0.3404,-0.3695,2.6022,-1.3011,77997.81,81082.39,0.278,7,none
2026-08-27 06:51:07,2026-08-27 06:50:00,78811.0,78778.0,79026.0,-0.2721,-0.3138,2.6022,-1.3011,77997.81,81082.39,0.281,7,none
2026-08-27 06:56:00,2026-08-27 06:55:00,78831.0,78796.0,79026.0,-0.2468,-0.291,2.6022,-1.3011,77997.81,81082.39,0.285,7,none
2026-08-27 07:01:25,2026-08-27 07:00:00,78765.0,78765.0,79026.0,-0.3303,-0.3303,2.6022,-1.3011,77997.81,81082.39,0.288,7,none
2026-08-27 07:06:13,2026-08-27 07:05:00,78778.0,78773.0,79026.0,-0.3138,-0.3201,2.6022,-1.3011,77997.81,81082.39,0.292,7,none
2026-08-27 07:11:07,2026-08-27 07:10:00,78777.0,78777.0,79026.0,-0.3151,-0.3151,2.6022,-1.3011,77997.81,81082.39,0.295,7,none
2026-08-27 07:16:11,2026-08-27 07:15:00,78813.0,78813.0,79026.0,-0.2695,-0.2695,2.6022,-1.3011,77997.81,81082.39,0.299,7,none
2026-08-27 07:21:06,2026-08-27 07:20:00,78808.0,78808.0,79026.0,-0.2759,-0.2759,2.6022,-1.3011,77997.81,81082.39,0.302,7,none
2026-08-27 07:26:01,2026-08-27 07:24:00,78777.0,78777.0,79026.0,-0.3151,-0.3151,2.6022,-1.3011,77997.81,81082.39,0.305,7,none
2026-08-27 07:31:18,2026-08-27 07:30:00,78786.0,78778.0,79026.0,-0.3037,-0.3138,2.6022,-1.3011,77997.81,81082.39,0.309,7,none
2026-08-27 07:36:01,2026-08-27 07:34:00,78852.0,78841.0,79026.0,-0.2202,-0.2341,2.6022,-1.3011,77997.81,81082.39,0.312,7,none
2026-08-27 07:41:09,2026-08-27 07:40:00,78826.0,78826.0,79026.0,-0.2531,-0.2531,2.6022,-1.3011,77997.81,81082.39,0.316,7,none
2026-08-27 07:46:03,2026-08-27 07:45:00,78861.0,78833.0,79026.0,-0.2088,-0.2442,2.6022,-1.3011,77997.81,81082.39,0.319,7,none
2026-08-27 07:51:05,2026-08-27 07:50:00,78900.0,78858.0,79026.0,-0.1594,-0.2126,2.6022,-1.3011,77997.81,81082.39,0.323,7,none
2026-08-27 07:56:07,2026-08-27 07:55:00,79060.0,79027.0,79026.0,0.043,0.0013,2.6022,-1.3011,77997.81,81082.39,0.326,7,none
2026-08-27 08:01:22,2026-08-27 08:00:00,79037.0,79037.0,79026.0,0.0139,0.0139,2.6022,-1.3011,77997.81,81082.39,0.33,7,none
2026-08-27 08:06:09,2026-08-27 08:05:00,79279.0,79274.0,79026.0,0.3201,0.3138,2.6022,-1.3011,77997.81,81082.39,0.333,7,none
2026-08-27 08:11:11,2026-08-27 08:10:00,79824.0,79734.0,79026.0,1.0098,0.8959,2.6022,-1.3011,77997.81,81082.39,0.337,7,none
2026-08-27 08:16:05,2026-08-27 08:15:00,79495.0,79495.0,79026.0,0.5935,0.5935,2.6022,-1.3011,77997.81,81082.39,0.34,7,none
2026-08-27 08:21:09,2026-08-27 08:20:00,79470.0,79442.0,79026.0,0.5618,0.5264,2.6022,-1.3011,77997.81,81082.39,0.344,7,none
2026-08-27 08:26:08,2026-08-27 08:25:00,79678.0,79586.0,79026.0,0.825,0.7086,2.6022,-1.3011,77997.81,81082.39,0.347,7,none
2026-08-27 08:31:16,2026-08-27 08:30:00,79786.0,79747.0,79026.0,0.9617,0.9124,2.6022,-1.3011,77997.81,81082.39,0.351,7,none
2026-08-27 08:36:01,2026-08-27 08:35:00,79818.0,79778.0,79026.0,1.0022,0.9516,2.6022,-1.3011,77997.81,81082.39,0.354,7,none
2026-08-27 08:41:05,2026-08-27 08:40:00,79753.0,79753.0,79026.0,0.92,0.92,2.6022,-1.3011,77997.81,81082.39,0.358,7,none
2026-08-27 08:46:07,2026-08-27 08:45:00,80016.0,79930.0,79026.0,1.2528,1.1439,2.6022,-1.3011,77997.81,81082.39,0.361,7,none
2026-08-27 08:51:07,2026-08-27 08:50:00,79790.0,79786.0,79026.0,0.9668,0.9617,2.6022,-1.3011,77997.81,81082.39,0.364,7,none
2026-08-27 08:56:12,2026-08-27 08:55:00,79728.0,79691.0,79026.0,0.8883,0.8415,2.6022,-1.3011,77997.81,81082.39,0.368,7,none
2026-08-27 09:01:14,2026-08-27 09:00:00,79739.0,79670.0,79026.0,0.9022,0.8149,2.6022,-1.3011,77997.81,81082.39,0.371,7,none
2026-08-27 09:06:11,2026-08-27 09:05:00,79765.0,79715.0,79026.0,0.9351,0.8719,2.6022,-1.3011,77997.81,81082.39,0.375,7,none
2026-08-27 09:11:10,2026-08-27 09:10:00,79846.0,79789.0,79026.0,1.0376,0.9655,2.6022,-1.3011,77997.81,81082.39,0.378,7,none
2026-08-27 09:16:11,2026-08-27 09:15:00,79851.0,79796.0,79026.0,1.044,0.9744,2.6022,-1.3011,77997.81,81082.39,0.382,7,none
2026-08-27 09:21:06,2026-08-27 09:20:00,80076.0,79980.0,79026.0,1.3287,1.2072,2.6022,-1.3011,77997.81,81082.39,0.385,7,none
2026-08-27 09:26:11,2026-08-27 09:25:00,80209.0,80092.0,79026.0,1.497,1.3489,2.6022,-1.3011,77997.81,81082.39,0.389,7,none
2026-08-27 09:31:07,2026-08-27 09:30:00,80352.0,80305.0,79026.0,1.6779,1.6185,2.6022,-1.3011,77997.81,81082.39,0.392,7,none
2026-08-27 09:36:09,2026-08-27 09:35:00,80215.0,80188.0,79026.0,1.5046,1.4704,2.6022,-1.3011,77997.81,81082.39,0.396,7,none
2026-08-27 09:41:04,2026-08-27 09:40:00,80311.0,80240.0,79026.0,1.626,1.5362,2.6022,-1.3011,77997.81,81082.39,0.399,7,none
2026-08-27 09:46:08,2026-08-27 09:45:00,80237.0,80234.0,79026.0,1.5324,1.5286,2.6022,-1.3011,77997.81,81082.39,0.403,7,none
2026-08-27 09:51:09,2026-08-27 09:50:00,80076.0,80056.0,79026.0,1.3287,1.3034,2.6022,-1.3011,77997.81,81082.39,0.406,7,none
2026-08-27 09:56:02,2026-08-27 09:55:00,80051.0,80045.0,79026.0,1.297,1.2894,2.6022,-1.3011,77997.81,81082.39,0.41,7,none
2026-08-27 10:01:19,2026-08-27 10:00:00,79954.0,79921.0,79026.0,1.1743,1.1325,2.6022,-1.3011,77997.81,81082.39,0.413,7,none
2026-08-27 10:06:07,2026-08-27 10:05:00,80066.0,80057.0,79026.0,1.316,1.3046,2.6022,-1.3011,77997.81,81082.39,0.417,7,none
2026-08-27 10:11:13,2026-08-27 10:10:00,80165.0,80155.0,79026.0,1.4413,1.4286,2.6022,-1.3011,77997.81,81082.39,0.42,7,none
2026-08-27 10:16:09,2026-08-27 10:15:00,79860.0,79832.0,79026.0,1.0553,1.0199,2.6022,-1.3011,77997.81,81082.39,0.424,7,none
2026-08-27 10:21:11,2026-08-27 10:20:00,79998.0,79959.0,79026.0,1.23,1.1806,2.6022,-1.3011,77997.81,81082.39,0.427,7,none
2026-08-27 10:26:10,2026-08-27 10:25:00,79706.0,79700.0,79026.0,0.8605,0.8529,2.6022,-1.3011,77997.81,81082.39,0.43,7,none
2026-08-27 10:31:19,2026-08-27 10:30:00,79581.0,79516.0,79026.0,0.7023,0.62,2.6022,-1.3011,77997.81,81082.39,0.434,7,none
2026-08-27 10:36:03,2026-08-27 10:35:00,79563.0,79562.0,79026.0,0.6795,0.6783,2.6022,-1.3011,77997.81,81082.39,0.437,7,none
2026-08-27 10:41:10,2026-08-27 10:40:00,79537.0,79442.0,79026.0,0.6466,0.5264,2.6022,-1.3011,77997.81,81082.39,0.441,7,none
2026-08-27 10:46:10,2026-08-27 10:45:00,79583.0,79583.0,79026.0,0.7048,0.7048,2.6022,-1.3011,77997.81,81082.39,0.444,7,none
2026-08-27 10:51:09,2026-08-27 10:50:00,79537.0,79498.0,79026.0,0.6466,0.5973,2.6022,-1.3011,77997.81,81082.39,0.448,7,none
2026-08-27 10:56:07,2026-08-27 10:55:00,79570.0,79557.0,79026.0,0.6884,0.6719,2.6022,-1.3011,77997.81,81082.39,0.451,7,none
2026-08-27 11:01:28,2026-08-27 11:00:00,79595.0,79545.0,79026.0,0.72,0.6567,2.6022,-1.3011,77997.81,81082.39,0.455,7,none
2026-08-27 11:06:08,2026-08-27 11:05:00,79688.0,79630.0,79026.0,0.8377,0.7643,2.6022,-1.3011,77997.81,81082.39,0.458,7,none
2026-08-27 11:11:13,2026-08-27 11:10:00,79695.0,79675.0,79026.0,0.8466,0.8212,2.6022,-1.3011,77997.81,81082.39,0.462,7,none
2026-08-27 11:16:05,2026-08-27 11:15:00,79750.0,79750.0,79026.0,0.9162,0.9162,2.6022,-1.3011,77997.81,81082.39,0.465,7,none
2026-08-27 11:21:08,2026-08-27 11:20:00,79726.0,79679.0,79026.0,0.8858,0.8263,2.6022,-1.3011,77997.81,81082.39,0.469,7,none
2026-08-27 11:26:11,2026-08-27 11:25:00,79729.0,79724.0,79026.0,0.8896,0.8833,2.6022,-1.3011,77997.81,81082.39,0.472,7,none
2026-08-27 11:31:12,2026-08-27 11:30:00,79415.0,79415.0,79026.0,0.4922,0.4922,2.6022,-1.3011,77997.81,81082.39,0.476,7,none
2026-08-27 11:36:09,2026-08-27 11:35:00,79492.0,79452.0,79026.0,0.5897,0.5391,2.6022,-1.3011,77997.81,81082.39,0.479,7,none
2026-08-27 11:41:11,2026-08-27 11:40:00,79370.0,79370.0,79026.0,0.4353,0.4353,2.6022,-1.3011,77997.81,81082.39,0.483,7,none
2026-08-27 11:46:08,2026-08-27 11:45:00,79442.0,79411.0,79026.0,0.5264,0.4872,2.6022,-1.3011,77997.81,81082.39,0.486,7,none
2026-08-27 11:51:10,2026-08-27 11:50:00,79350.0,79336.0,79026.0,0.41,0.3923,2.6022,-1.3011,77997.81,81082.39,0.489,7,none
2026-08-27 11:56:11,2026-08-27 11:55:00,79485.0,79463.0,79026.0,0.5808,0.553,2.6022,-1.3011,77997.81,81082.39,0.493,7,none
2026-08-27 12:01:12,2026-08-27 12:00:00,79514.0,79476.0,79026.0,0.6175,0.5694,2.6022,-1.3011,77997.81,81082.39,0.496,7,none
2026-08-27 12:06:06,2026-08-27 12:05:00,79417.0,79381.0,79026.0,0.4948,0.4492,2.6022,-1.3011,77997.81,81082.39,0.5,7,none
2026-08-27 12:11:07,2026-08-27 12:10:00,79446.0,79428.0,79026.0,0.5315,0.5087,2.6022,-1.3011,77997.81,81082.39,0.503,7,none
2026-08-27 12:16:14,2026-08-27 12:15:00,79504.0,79482.0,79026.0,0.6049,0.577,2.6022,-1.3011,77997.81,81082.39,0.507,7,none
2026-08-27 12:21:12,2026-08-27 12:20:00,79439.0,79391.0,79026.0,0.5226,0.4619,2.6022,-1.3011,77997.81,81082.39,0.51,7,none
2026-08-27 12:26:08,2026-08-27 12:25:00,79550.0,79523.0,79026.0,0.6631,0.6289,2.6022,-1.3011,77997.81,81082.39,0.514,7,none
2026-08-27 12:31:13,2026-08-27 12:30:00,79524.0,79513.0,79026.0,0.6302,0.6163,2.6022,-1.3011,77997.81,81082.39,0.517,7,none
2026-08-27 12:36:03,2026-08-27 12:35:00,79305.0,79292.0,79026.0,0.353,0.3366,2.6022,-1.3011,77997.81,81082.39,0.521,7,none
2026-08-27 12:41:07,2026-08-27 12:40:00,79334.0,79333.0,79026.0,0.3897,0.3885,2.6022,-1.3011,77997.81,81082.39,0.524,7,none
2026-08-27 12:46:09,2026-08-27 12:45:00,79278.0,79257.0,79026.0,0.3189,0.2923,2.6022,-1.3011,77997.81,81082.39,0.528,7,none
2026-08-27 12:51:08,2026-08-27 12:50:00,79328.0,79296.0,79026.0,0.3822,0.3417,2.6022,-1.3011,77997.81,81082.39,0.531,7,none
2026-08-27 12:56:13,2026-08-27 12:55:00,79286.0,79265.0,79026.0,0.329,0.3024,2.6022,-1.3011,77997.81,81082.39,0.535,7,none
2026-08-27 13:01:16,2026-08-27 13:00:00,79282.0,79265.0,79026.0,0.3239,0.3024,2.6022,-1.3011,77997.81,81082.39,0.538,7,none
2026-08-27 13:06:09,2026-08-27 13:05:00,79292.0,79257.0,79026.0,0.3366,0.2923,2.6022,-1.3011,77997.81,81082.39,0.542,7,none
2026-08-27 13:11:10,2026-08-27 13:10:00,79305.0,79273.0,79026.0,0.353,0.3126,2.6022,-1.3011,77997.81,81082.39,0.545,7,none
2026-08-27 13:16:09,2026-08-27 13:15:00,79391.0,79348.0,79026.0,0.4619,0.4075,2.6022,-1.3011,77997.81,81082.39,0.549,7,none
2026-08-27 13:21:05,2026-08-27 13:20:00,79353.0,79303.0,79026.0,0.4138,0.3505,2.6022,-1.3011,77997.81,81082.39,0.552,7,none
2026-08-27 13:26:12,2026-08-27 13:25:00,79431.0,79362.0,79026.0,0.5125,0.4252,2.6022,-1.3011,77997.81,81082.39,0.556,7,none
2026-08-27 13:31:19,2026-08-27 13:30:00,79330.0,79231.0,79026.0,0.3847,0.2594,2.6022,-1.3011,77997.81,81082.39,0.559,7,none
2026-08-27 13:36:06,2026-08-27 13:35:00,79200.0,79142.0,79026.0,0.2202,0.1468,2.6022,-1.3011,77997.81,81082.39,0.562,7,none
2026-08-27 13:41:14,2026-08-27 13:40:00,79211.0,79152.0,79026.0,0.2341,0.1594,2.6022,-1.3011,77997.81,81082.39,0.566,7,none
2026-08-27 13:46:06,2026-08-27 13:45:00,79307.0,79200.0,79026.0,0.3556,0.2202,2.6022,-1.3011,77997.81,81082.39,0.569,7,none
2026-08-27 13:51:08,2026-08-27 13:50:00,79146.0,79022.0,79026.0,0.1518,-0.0051,2.6022,-1.3011,77997.81,81082.39,0.573,7,none
2026-08-27 13:56:10,2026-08-27 13:55:00,79426.0,79294.0,79026.0,0.5062,0.3391,2.6022,-1.3011,77997.81,81082.39,0.576,7,none
2026-08-27 14:01:17,2026-08-27 14:00:00,79494.0,79493.0,79026.0,0.5922,0.5909,2.6022,-1.3011,77997.81,81082.39,0.58,7,none
2026-08-27 14:06:09,2026-08-27 14:05:00,79762.0,79678.0,79026.0,0.9313,0.825,2.6022,-1.3011,77997.81,81082.39,0.583,7,none
2026-08-27 14:11:14,2026-08-27 14:10:00,79389.0,79388.0,79026.0,0.4593,0.4581,2.6022,-1.3011,77997.81,81082.39,0.587,7,none
2026-08-27 14:16:10,2026-08-27 14:15:00,79436.0,79418.0,79026.0,0.5188,0.496,2.6022,-1.3011,77997.81,81082.39,0.59,7,none
2026-08-27 14:21:15,2026-08-27 14:20:00,79750.0,79695.0,79026.0,0.9162,0.8466,2.6022,-1.3011,77997.81,81082.39,0.594,7,none
2026-08-27 14:26:10,2026-08-27 14:25:00,79786.0,79763.0,79026.0,0.9617,0.9326,2.6022,-1.3011,77997.81,81082.39,0.597,7,none
2026-08-27 14:31:19,2026-08-27 14:30:00,79802.0,79801.0,79026.0,0.982,0.9807,2.6022,-1.3011,77997.81,81082.39,0.601,7,none
2026-08-27 14:36:11,2026-08-27 14:35:00,80000.0,79938.0,79026.0,1.2325,1.1541,2.6022,-1.3011,77997.81,81082.39,0.604,7,none
2026-08-27 14:41:09,2026-08-27 14:40:00,80199.0,80125.0,79026.0,1.4843,1.3907,2.6022,-1.3011,77997.81,81082.39,0.608,7,none
2026-08-27 14:46:13,2026-08-27 14:45:00,80259.0,80222.0,79026.0,1.5602,1.5134,2.6022,-1.3011,77997.81,81082.39,0.611,7,none
2026-08-27 14:51:09,2026-08-27 14:50:00,80117.0,80077.0,79026.0,1.3806,1.3299,2.6022,-1.3011,77997.81,81082.39,0.614,7,none
2026-08-27 14:56:11,2026-08-27 14:55:00,80029.0,80000.0,79026.0,1.2692,1.2325,2.6022,-1.3011,77997.81,81082.39,0.618,7,none
2026-08-27 15:01:24,2026-08-27 15:00:00,80202.0,80165.0,79026.0,1.4881,1.4413,2.6022,-1.3011,77997.81,81082.39,0.622,7,none
2026-08-27 15:06:17,2026-08-27 15:05:00,80334.0,80167.0,79026.0,1.6552,1.4438,2.6022,-1.3011,77997.81,81082.39,0.625,7,none
2026-08-27 15:11:10,2026-08-27 15:10:00,80259.0,80253.0,79026.0,1.5602,1.5527,2.6022,-1.3011,77997.81,81082.39,0.628,7,none
2026-08-27 15:16:14,2026-08-27 15:15:00,80599.0,80597.0,79026.0,1.9905,1.988,2.6022,-1.3011,77997.81,81082.39,0.632,7,none
2026-08-27 15:21:15,2026-08-27 15:20:00,80531.0,80521.0,79026.0,1.9044,1.8918,2.6022,-1.3011,77997.81,81082.39,0.635,7,none
2026-08-27 15:26:08,2026-08-27 15:25:00,80502.0,80479.0,79026.0,1.8677,1.8386,2.6022,-1.3011,77997.81,81082.39,0.639,7,none
2026-08-27 15:31:17,2026-08-27 15:30:00,80484.0,80476.0,79026.0,1.845,1.8348,2.6022,-1.3011,77997.81,81082.39,0.642,7,none
2026-08-27 15:36:10,2026-08-27 15:35:00,80420.0,80371.0,79026.0,1.764,1.702,2.6022,-1.3011,77997.81,81082.39,0.646,7,none
2026-08-27 15:41:11,2026-08-27 15:40:00,80357.0,80315.0,79026.0,1.6843,1.6311,2.6022,-1.3011,77997.81,81082.39,0.649,7,none
2026-08-27 15:46:13,2026-08-27 15:45:00,80368.0,80359.0,79026.0,1.6982,1.6868,2.6022,-1.3011,77997.81,81082.39,0.653,7,none
2026-08-27 15:51:19,2026-08-27 15:50:00,80349.0,80306.0,79026.0,1.6741,1.6197,2.6022,-1.3011,77997.81,81082.39,0.656,7,none
2026-08-27 15:56:07,2026-08-27 15:55:00,80311.0,80310.0,79026.0,1.626,1.6248,2.6022,-1.3011,77997.81,81082.39,0.66,7,none
2026-08-27 16:01:26,2026-08-27 16:00:00,80278.0,80264.0,79026.0,1.5843,1.5666,2.6022,-1.3011,77997.81,81082.39,0.663,7,none
2026-08-27 16:06:08,2026-08-27 16:05:00,80432.0,80371.0,79026.0,1.7792,1.702,2.6022,-1.3011,77997.81,81082.39,0.667,7,none
2026-08-27 16:11:15,2026-08-27 16:10:00,80288.0,80181.0,79026.0,1.5969,1.4615,2.6022,-1.3011,77997.81,81082.39,0.67,7,none
2026-08-27 16:16:11,2026-08-27 16:15:00,80437.0,80355.0,79026.0,1.7855,1.6817,2.6022,-1.3011,77997.81,81082.39,0.674,7,none
2026-08-27 16:21:10,2026-08-27 16:20:00,80457.0,80420.0,79026.0,1.8108,1.764,2.6022,-1.3011,77997.81,81082.39,0.677,7,none
2026-08-27 16:26:09,2026-08-27 16:25:00,80454.0,80416.0,79026.0,1.807,1.7589,2.6022,-1.3011,77997.81,81082.39,0.68,7,none
2026-08-27 16:31:13,2026-08-27 16:30:00,80321.0,80287.0,79026.0,1.6387,1.5957,2.6022,-1.3011,77997.81,81082.39,0.684,7,none
2026-08-27 16:36:08,2026-08-27 16:35:00,80287.0,80236.0,79026.0,1.5957,1.5311,2.6022,-1.3011,77997.81,81082.39,0.687,7,none
2026-08-27 16:41:07,2026-08-27 16:40:00,80420.0,80350.0,79026.0,1.764,1.6754,2.6022,-1.3011,77997.81,81082.39,0.691,7,none
2026-08-27 16:46:07,2026-08-27 16:45:00,80521.0,80493.0,79026.0,1.8918,1.8564,2.6022,-1.3011,77997.81,81082.39,0.694,7,none
2026-08-27 16:51:09,2026-08-27 16:50:00,80410.0,80376.0,79026.0,1.7513,1.7083,2.6022,-1.3011,77997.81,81082.39,0.698,7,none
2026-08-27 16:56:01,2026-08-27 16:55:00,80359.0,80323.0,79026.0,1.6868,1.6412,2.6022,-1.3011,77997.81,81082.39,0.701,7,none
2026-08-27 17:01:23,2026-08-27 17:00:00,80299.0,80299.0,79026.0,1.6109,1.6109,2.6022,-1.3011,77997.81,81082.39,0.705,7,none
2026-08-27 17:06:07,2026-08-27 17:05:00,80297.0,80267.0,79026.0,1.6083,1.5704,2.6022,-1.3011,77997.81,81082.39,0.708,7,none
2026-08-27 17:11:11,2026-08-27 17:10:00,80510.0,80481.0,79026.0,1.8779,1.8412,2.6022,-1.3011,77997.81,81082.39,0.712,7,none
2026-08-27 17:16:14,2026-08-27 17:15:00,80613.0,80601.0,79026.0,2.0082,1.993,2.6022,-1.3011,77997.81,81082.39,0.715,7,none
2026-08-27 17:21:06,2026-08-27 17:20:00,80771.0,80769.0,79026.0,2.2081,2.2056,2.6022,-1.3011,77997.81,81082.39,0.719,7,none
2026-08-27 17:26:08,2026-08-27 17:25:00,80756.0,80736.0,79026.0,2.1892,2.1638,2.6022,-1.3011,77997.81,81082.39,0.722,7,none
2026-08-27 17:31:14,2026-08-27 17:30:00,80749.0,80683.0,79026.0,2.1803,2.0968,2.6022,-1.3011,77997.81,81082.39,0.726,7,none
2026-08-27 17:36:08,2026-08-27 17:35:00,80677.0,80553.0,79026.0,2.0892,1.9323,2.6022,-1.3011,77997.81,81082.39,0.729,7,none
2026-08-27 17:41:18,2026-08-27 17:40:00,80636.0,80630.0,79026.0,2.0373,2.0297,2.6022,-1.3011,77997.81,81082.39,0.733,7,none
2026-08-27 17:46:11,2026-08-27 17:45:00,80413.0,80412.0,79026.0,1.7551,1.7539,2.6022,-1.3011,77997.81,81082.39,0.736,7,none
2026-08-27 17:51:15,2026-08-27 17:50:00,80524.0,80462.0,79026.0,1.8956,1.8171,2.6022,-1.3011,77997.81,81082.39,0.74,7,none
2026-08-27 17:56:08,2026-08-27 17:55:00,80463.0,80460.0,79026.0,1.8184,1.8146,2.6022,-1.3011,77997.81,81082.39,0.743,7,none
2026-08-27 18:01:17,2026-08-27 18:00:00,80364.0,80364.0,79026.0,1.6931,1.6931,2.6022,-1.3011,77997.81,81082.39,0.747,7,none
2026-08-27 18:06:04,2026-08-27 18:05:00,80319.0,80312.0,79026.0,1.6362,1.6273,2.6022,-1.3011,77997.81,81082.39,0.75,7,none
2026-08-27 18:11:11,2026-08-27 18:10:00,80294.0,80275.0,79026.0,1.6045,1.5805,2.6022,-1.3011,77997.81,81082.39,0.753,7,none
2026-08-27 18:16:07,2026-08-27 18:15:00,80131.0,80047.0,79026.0,1.3983,1.292,2.6022,-1.3011,77997.81,81082.39,0.757,7,none
2026-08-27 18:21:08,2026-08-27 18:20:00,79808.0,79790.0,79026.0,0.9895,0.9668,2.6022,-1.3011,77997.81,81082.39,0.76,7,none
2026-08-27 18:26:04,2026-08-27 18:25:00,79917.0,79893.0,79026.0,1.1275,1.0971,2.6022,-1.3011,77997.81,81082.39,0.764,7,none
2026-08-27 18:31:21,2026-08-27 18:30:00,79902.0,79860.0,79026.0,1.1085,1.0553,2.6022,-1.3011,77997.81,81082.39,0.767,7,none
2026-08-27 18:36:03,2026-08-27 18:35:00,79914.0,79809.0,79026.0,1.1237,0.9908,2.6022,-1.3011,77997.81,81082.39,0.771,7,none
2026-08-27 18:41:28,2026-08-27 18:40:00,79984.0,79972.0,79026.0,1.2123,1.1971,2.6022,-1.3011,77997.81,81082.39,0.774,7,none
2026-08-27 18:46:08,2026-08-27 18:45:00,79885.0,79876.0,79026.0,1.087,1.0756,2.6022,-1.3011,77997.81,81082.39,0.778,7,none
2026-08-27 18:51:04,2026-08-27 18:49:00,79954.0,79954.0,79026.0,1.1743,1.1743,2.6022,-1.3011,77997.81,81082.39,0.781,7,none
2026-08-27 18:56:06,2026-08-27 18:55:00,79965.0,79965.0,79026.0,1.1882,1.1882,2.6022,-1.3011,77997.81,81082.39,0.785,7,none
2026-08-27 19:01:21,2026-08-27 19:00:00,80119.0,80080.0,79026.0,1.3831,1.3337,2.6022,-1.3011,77997.81,81082.39,0.788,7,none
2026-08-27 19:06:07,2026-08-27 19:05:00,80207.0,80173.0,79026.0,1.4944,1.4514,2.6022,-1.3011,77997.81,81082.39,0.792,7,none
2026-08-27 19:11:10,2026-08-27 19:10:00,80206.0,80181.0,79026.0,1.4932,1.4615,2.6022,-1.3011,77997.81,81082.39,0.795,7,none
2026-08-27 19:16:04,2026-08-27 19:15:00,80085.0,80061.0,79026.0,1.3401,1.3097,2.6022,-1.3011,77997.81,81082.39,0.798,7,none
2026-08-27 19:21:07,2026-08-27 19:20:00,80104.0,80096.0,79026.0,1.3641,1.354,2.6022,-1.3011,77997.81,81082.39,0.802,7,none
2026-08-27 19:25:59,2026-08-27 19:24:00,80095.0,80069.0,79026.0,1.3527,1.3198,2.6022,-1.3011,77997.81,81082.39,0.805,7,none
2026-08-27 19:31:16,2026-08-27 19:30:00,80151.0,80149.0,79026.0,1.4236,1.4211,2.6022,-1.3011,77997.81,81082.39,0.809,7,none
2026-08-27 19:36:10,2026-08-27 19:35:00,80066.0,80062.0,79026.0,1.316,1.311,2.6022,-1.3011,77997.81,81082.39,0.812,7,none
2026-08-27 19:41:14,2026-08-27 19:40:00,79954.0,79953.0,79026.0,1.1743,1.173,2.6022,-1.3011,77997.81,81082.39,0.816,7,none
2026-08-27 19:46:10,2026-08-27 19:45:00,79994.0,79967.0,79026.0,1.2249,1.1907,2.6022,-1.3011,77997.81,81082.39,0.819,7,none
2026-08-27 19:51:12,2026-08-27 19:50:00,79989.0,79957.0,79026.0,1.2186,1.1781,2.6022,-1.3011,77997.81,81082.39,0.823,7,none
2026-08-27 19:56:08,2026-08-27 19:55:00,79984.0,79980.0,79026.0,1.2123,1.2072,2.6022,-1.3011,77997.81,81082.39,0.826,7,none
2026-08-27 20:01:31,2026-08-27 20:00:00,79874.0,79868.0,79026.0,1.0731,1.0655,2.6022,-1.3011,77997.81,81082.39,0.83,7,none
2026-08-27 20:06:03,2026-08-27 20:05:00,79993.0,79856.0,79026.0,1.2236,1.0503,2.6022,-1.3011,77997.81,81082.39,0.833,7,none
2026-08-27 20:11:09,2026-08-27 20:10:00,79963.0,79962.0,79026.0,1.1857,1.1844,2.6022,-1.3011,77997.81,81082.39,0.837,7,none
2026-08-27 20:16:13,2026-08-27 20:15:00,79934.0,79922.0,79026.0,1.149,1.1338,2.6022,-1.3011,77997.81,81082.39,0.84,7,none
2026-08-27 20:21:12,2026-08-27 20:20:00,80000.0,79977.0,79026.0,1.2325,1.2034,2.6022,-1.3011,77997.81,81082.39,0.844,7,none
2026-08-27 20:26:01,2026-08-27 20:24:00,80016.0,79985.0,79026.0,1.2528,1.2135,2.6022,-1.3011,77997.81,81082.39,0.847,7,none
2026-08-27 20:31:15,2026-08-27 20:30:00,79946.0,79946.0,79026.0,1.1642,1.1642,2.6022,-1.3011,77997.81,81082.39,0.851,7,none
2026-08-27 20:36:07,2026-08-27 20:35:00,79952.0,79951.0,79026.0,1.1718,1.1705,2.6022,-1.3011,77997.81,81082.39,0.854,7,none
2026-08-27 20:41:10,2026-08-27 20:40:00,79972.0,79958.0,79026.0,1.1971,1.1794,2.6022,-1.3011,77997.81,81082.39,0.858,7,none
2026-08-27 20:46:09,2026-08-27 20:45:00,79993.0,79975.0,79026.0,1.2236,1.2009,2.6022,-1.3011,77997.81,81082.39,0.861,7,none
2026-08-27 20:51:06,2026-08-27 20:50:00,79966.0,79960.0,79026.0,1.1895,1.1819,2.6022,-1.3011,77997.81,81082.39,0.864,7,none
2026-08-27 20:56:09,2026-08-27 20:55:00,79959.0,79956.0,79026.0,1.1806,1.1768,2.6022,-1.3011,77997.81,81082.39,0.868,7,none
2026-08-27 21:01:13,2026-08-27 21:00:00,80012.0,80011.0,79026.0,1.2477,1.2464,2.6022,-1.3011,77997.81,81082.39,0.871,7,none
2026-08-27 21:05:58,2026-08-27 21:04:00,80044.0,80042.0,79026.0,1.2882,1.2857,2.6022,-1.3011,77997.81,81082.39,0.875,7,none
2026-08-27 21:11:14,2026-08-27 21:10:00,80041.0,80039.0,79026.0,1.2844,1.2819,2.6022,-1.3011,77997.81,81082.39,0.878,7,none
2026-08-27 21:16:04,2026-08-27 21:15:00,80099.0,80056.0,79026.0,1.3578,1.3034,2.6022,-1.3011,77997.81,81082.39,0.882,7,none
2026-08-27 21:21:07,2026-08-27 21:20:00,79968.0,79967.0,79026.0,1.192,1.1907,2.6022,-1.3011,77997.81,81082.39,0.885,7,none
2026-08-27 21:26:10,2026-08-27 21:25:00,80030.0,80029.0,79026.0,1.2705,1.2692,2.6022,-1.3011,77997.81,81082.39,0.889,7,none
2026-08-27 21:31:14,2026-08-27 21:30:00,80039.0,80001.0,79026.0,1.2819,1.2338,2.6022,-1.3011,77997.81,81082.39,0.892,7,none
2026-08-27 21:36:02,2026-08-27 21:35:00,80058.0,80050.0,79026.0,1.3059,1.2958,2.6022,-1.3011,77997.81,81082.39,0.896,7,none
2026-08-27 21:41:08,2026-08-27 21:40:00,80026.0,80018.0,79026.0,1.2654,1.2553,2.6022,-1.3011,77997.81,81082.39,0.899,7,none
2026-08-27 21:46:10,2026-08-27 21:45:00,79988.0,79977.0,79026.0,1.2173,1.2034,2.6022,-1.3011,77997.81,81082.39,0.903,7,none
2026-08-27 21:51:08,2026-08-27 21:50:00,80067.0,80066.0,79026.0,1.3173,1.316,2.6022,-1.3011,77997.81,81082.39,0.906,7,none
2026-08-27 21:56:07,2026-08-27 21:55:00,80092.0,80086.0,79026.0,1.3489,1.3413,2.6022,-1.3011,77997.81,81082.39,0.91,7,none
2026-08-27 22:01:16,2026-08-27 22:00:00,80206.0,80156.0,79026.0,1.4932,1.4299,2.6022,-1.3011,77997.81,81082.39,0.913,7,none
2026-08-27 22:06:08,2026-08-27 22:05:00,80251.0,80232.0,79026.0,1.5501,1.5261,2.6022,-1.3011,77997.81,81082.39,0.917,7,none
2026-08-27 22:11:15,2026-08-27 22:10:00,80187.0,80182.0,79026.0,1.4691,1.4628,2.6022,-1.3011,77997.81,81082.39,0.92,7,none
2026-08-27 22:16:13,2026-08-27 22:15:00,80279.0,80214.0,79026.0,1.5856,1.5033,2.6022,-1.3011,77997.81,81082.39,0.924,7,none
2026-08-27 22:21:09,2026-08-27 22:20:00,80351.0,80344.0,79026.0,1.6767,1.6678,2.6022,-1.3011,77997.81,81082.39,0.927,7,none
2026-08-27 22:26:08,2026-08-27 22:25:00,80298.0,80283.0,79026.0,1.6096,1.5906,2.6022,-1.3011,77997.81,81082.39,0.93,7,none
2026-08-27 22:31:10,2026-08-27 22:30:00,80174.0,80156.0,79026.0,1.4527,1.4299,2.6022,-1.3011,77997.81,81082.39,0.934,7,none
2026-08-27 22:36:05,2026-08-27 22:35:00,80205.0,80204.0,79026.0,1.4919,1.4906,2.6022,-1.3011,77997.81,81082.39,0.937,7,none
2026-08-27 22:41:10,2026-08-27 22:40:00,80194.0,80189.0,79026.0,1.478,1.4717,2.6022,-1.3011,77997.81,81082.39,0.941,7,none
2026-08-27 22:46:02,2026-08-27 22:45:00,80209.0,80209.0,79026.0,1.497,1.497,2.6022,-1.3011,77997.81,81082.39,0.944,7,none
2026-08-27 22:51:05,2026-08-27 22:50:00,80210.0,80209.0,79026.0,1.4982,1.497,2.6022,-1.3011,77997.81,81082.39,0.948,7,none
2026-08-27 22:56:03,2026-08-27 22:55:00,80212.0,80208.0,79026.0,1.5008,1.4957,2.6022,-1.3011,77997.81,81082.39,0.951,7,none
2026-08-27 23:01:18,2026-08-27 23:00:00,80239.0,80238.0,79026.0,1.5349,1.5337,2.6022,-1.3011,77997.81,81082.39,0.955,7,none
2026-08-27 23:06:04,2026-08-27 23:05:00,80203.0,80200.0,79026.0,1.4894,1.4856,2.6022,-1.3011,77997.81,81082.39,0.958,7,none
2026-08-27 23:11:09,2026-08-27 23:10:00,80201.0,80167.0,79026.0,1.4869,1.4438,2.6022,-1.3011,77997.81,81082.39,0.962,7,none
2026-08-27 23:16:02,2026-08-27 23:15:00,80176.0,80092.0,79026.0,1.4552,1.3489,2.6022,-1.3011,77997.81,81082.39,0.965,7,none
2026-08-27 23:19:24,2026-08-27 23:18:00,80258.0,80234.0,79026.0,1.559,1.5286,2.6022,-1.3011,77997.81,81082.39,0.967,7,none
2026-08-27 23:21:07,2026-08-27 23:20:00,80321.0,80256.0,79026.0,1.6387,1.5564,2.6022,-1.3011,77997.81,81082.39,0.969,7,none
2026-08-27 23:26:10,2026-08-27 23:25:00,80282.0,80281.0,79026.0,1.5894,1.5881,2.6022,-1.3011,77997.81,81082.39,0.972,7,none
2026-08-27 23:31:13,2026-08-27 23:30:00,80253.0,80253.0,79026.0,1.5527,1.5527,2.6022,-1.3011,77997.81,81082.39,0.976,7,none
2026-08-27 23:36:04,2026-08-27 23:35:00,80247.0,80247.0,79026.0,1.5451,1.5451,2.6022,-1.3011,77997.81,81082.39,0.979,7,none
2026-08-27 23:41:08,2026-08-27 23:40:00,80270.0,80264.0,79026.0,1.5742,1.5666,2.6022,-1.3011,77997.81,81082.39,0.983,7,none
2026-08-27 23:46:03,2026-08-27 23:45:00,80237.0,80217.0,79026.0,1.5324,1.5071,2.6022,-1.3011,77997.81,81082.39,0.986,7,none
2026-08-27 23:51:07,2026-08-27 23:50:00,80226.0,80207.0,79026.0,1.5185,1.4944,2.6022,-1.3011,77997.81,81082.39,0.989,7,none
2026-08-27 23:56:04,2026-08-27 23:55:00,80243.0,80242.0,79026.0,1.54,1.5387,2.6022,-1.3011,77997.81,81082.39,0.993,7,none
2026-08-28 00:01:23,2026-08-28 00:00:00,80223.0,80220.0,79026.0,1.5147,1.5109,2.6022,-1.3011,77997.81,81082.39,0.997,7,none
2026-08-28 00:06:44,2026-08-28 00:05:00,80149.0,80106.0,79026.0,1.4211,1.3666,2.6022,-1.3011,77997.81,81082.39,1.0,7,none
2026-08-28 00:11:08,2026-08-28 00:10:00,80157.0,80134.0,79026.0,1.4312,1.4021,2.6022,-1.3011,77997.81,81082.39,1.003,7,none
2026-08-28 00:16:03,2026-08-28 00:15:00,80292.0,80179.0,79026.0,1.602,1.459,2.6022,-1.3011,77997.81,81082.39,1.007,7,none
2026-08-28 00:21:06,2026-08-28 00:20:00,80339.0,80311.0,79026.0,1.6615,1.626,2.6022,-1.3011,77997.81,81082.39,1.01,7,none
2026-08-28 00:26:01,2026-08-28 00:25:00,80319.0,80318.0,79026.0,1.6362,1.6349,2.6022,-1.3011,77997.81,81082.39,1.014,7,none
2026-08-28 00:31:10,2026-08-28 00:30:00,80352.0,80351.0,79026.0,1.6779,1.6767,2.6022,-1.3011,77997.81,81082.39,1.017,7,none
2026-08-28 00:36:04,2026-08-28 00:35:00,80394.0,80393.0,79026.0,1.7311,1.7298,2.6022,-1.3011,77997.81,81082.39,1.021,7,none
2026-08-28 00:41:10,2026-08-28 00:40:00,80411.0,80411.0,79026.0,1.7526,1.7526,2.6022,-1.3011,77997.81,81082.39,1.024,7,none
2026-08-28 00:46:06,2026-08-28 00:45:00,80356.0,80354.0,79026.0,1.683,1.6805,2.6022,-1.3011,77997.81,81082.39,1.028,7,none
2026-08-28 00:51:04,2026-08-28 00:50:00,80387.0,80377.0,79026.0,1.7222,1.7096,2.6022,-1.3011,77997.81,81082.39,1.031,7,none
2026-08-28 00:56:04,2026-08-28 00:55:00,80471.0,80411.0,79026.0,1.8285,1.7526,2.6022,-1.3011,77997.81,81082.39,1.035,7,none
2026-08-28 01:01:20,2026-08-28 01:00:00,80620.0,80548.0,79026.0,2.0171,1.9259,2.6022,-1.3011,77997.81,81082.39,1.038,7,none
2026-08-28 01:06:03,2026-08-28 01:05:00,80732.0,80715.0,79026.0,2.1588,2.1373,2.6022,-1.3011,77997.81,81082.39,1.042,7,none
2026-08-28 01:11:08,2026-08-28 01:10:00,80784.0,80766.0,79026.0,2.2246,2.2018,2.6022,-1.3011,77997.81,81082.39,1.045,7,none
2026-08-28 01:16:09,2026-08-28 01:15:00,80719.0,80653.0,79026.0,2.1423,2.0588,2.6022,-1.3011,77997.81,81082.39,1.049,7,none
2026-08-28 01:21:11,2026-08-28 01:20:00,81081.0,80951.0,79026.0,2.6004,2.4359,2.6022,-1.3011,77997.81,81082.39,1.052,7,none
2026-08-28 01:25:58,2026-08-28 01:24:00,81030.0,80990.0,79026.0,2.5359,2.4853,2.6022,-1.3011,77997.81,81082.39,1.055,7,none
2026-08-28 01:31:07,2026-08-28 01:30:00,81070.0,81070.0,79026.0,2.5865,2.5865,2.6022,-1.3011,77997.81,81082.39,1.059,7,none
2026-08-28 01:36:06,2026-08-28 01:35:00,81148.0,81088.0,79026.0,2.6852,2.6093,2.6022,-1.3011,77997.81,81082.39,1.062,7,target_reached
2026-08-29 00:06:39,2026-08-29 00:05:00,77759.0,77759.0,77832.0,-0.0938,-0.0938,2.9594,-1.4797,76680.32,80135.35,0.0,7,none
2026-08-29 00:11:00,2026-08-29 00:10:00,77818.0,77818.0,77832.0,-0.018,-0.018,2.9594,-1.4797,76680.32,80135.35,0.003,7,none
2026-08-29 00:16:13,2026-08-29 00:15:00,77792.0,77790.0,77832.0,-0.0514,-0.054,2.9594,-1.4797,76680.32,80135.35,0.007,7,none
2026-08-29 00:21:08,2026-08-29 00:20:00,77873.0,77848.0,77832.0,0.0527,0.0206,2.9594,-1.4797,76680.32,80135.35,0.01,7,none
2026-08-29 00:26:05,2026-08-29 00:25:00,77885.0,77872.0,77832.0,0.0681,0.0514,2.9594,-1.4797,76680.32,80135.35,0.014,7,none
2026-08-29 00:31:19,2026-08-29 00:30:00,77858.0,77858.0,77832.0,0.0334,0.0334,2.9594,-1.4797,76680.32,80135.35,0.017,7,none
2026-08-29 00:36:09,2026-08-29 00:35:00,77786.0,77751.0,77832.0,-0.0591,-0.1041,2.9594,-1.4797,76680.32,80135.35,0.021,7,none
2026-08-29 00:41:09,2026-08-29 00:40:00,77761.0,77760.0,77832.0,-0.0912,-0.0925,2.9594,-1.4797,76680.32,80135.35,0.024,7,none
2026-08-29 00:46:06,2026-08-29 00:45:00,77750.0,77749.0,77832.0,-0.1054,-0.1066,2.9594,-1.4797,76680.32,80135.35,0.028,7,none
2026-08-29 00:51:19,2026-08-29 00:50:00,77704.0,77704.0,77832.0,-0.1645,-0.1645,2.9594,-1.4797,76680.32,80135.35,0.031,7,none
2026-08-29 00:56:00,2026-08-29 00:55:00,77771.0,77735.0,77832.0,-0.0784,-0.1246,2.9594,-1.4797,76680.32,80135.35,0.034,7,none
2026-08-29 01:01:16,2026-08-29 01:00:00,77685.0,77685.0,77832.0,-0.1889,-0.1889,2.9594,-1.4797,76680.32,80135.35,0.038,7,none
2026-08-29 01:06:02,2026-08-29 01:05:00,77660.0,77659.0,77832.0,-0.221,-0.2223,2.9594,-1.4797,76680.32,80135.35,0.041,7,none
2026-08-29 01:11:08,2026-08-29 01:10:00,77644.0,77644.0,77832.0,-0.2415,-0.2415,2.9594,-1.4797,76680.32,80135.35,0.045,7,none
2026-08-29 01:16:08,2026-08-29 01:15:00,77615.0,77603.0,77832.0,-0.2788,-0.2942,2.9594,-1.4797,76680.32,80135.35,0.048,7,none
2026-08-29 01:21:07,2026-08-29 01:20:00,77676.0,77665.0,77832.0,-0.2004,-0.2146,2.9594,-1.4797,76680.32,80135.35,0.052,7,none
2026-08-29 01:26:03,2026-08-29 01:25:00,77735.0,77735.0,77832.0,-0.1246,-0.1246,2.9594,-1.4797,76680.32,80135.35,0.055,7,none
2026-08-29 01:31:08,2026-08-29 01:30:00,77773.0,77753.0,77832.0,-0.0758,-0.1015,2.9594,-1.4797,76680.32,80135.35,0.059,7,none
2026-08-29 01:36:00,2026-08-29 01:34:00,77782.0,77770.0,77832.0,-0.0642,-0.0797,2.9594,-1.4797,76680.32,80135.35,0.062,7,none
2026-08-29 01:41:09,2026-08-29 01:40:00,77752.0,77744.0,77832.0,-0.1028,-0.1131,2.9594,-1.4797,76680.32,80135.35,0.066,7,none
2026-08-29 01:46:02,2026-08-29 01:45:00,77772.0,77772.0,77832.0,-0.0771,-0.0771,2.9594,-1.4797,76680.32,80135.35,0.069,7,none
2026-08-29 01:51:04,2026-08-29 01:50:00,77793.0,77772.0,77832.0,-0.0501,-0.0771,2.9594,-1.4797,76680.32,80135.35,0.073,7,none
2026-08-29 01:56:05,2026-08-29 01:55:00,77784.0,77783.0,77832.0,-0.0617,-0.063,2.9594,-1.4797,76680.32,80135.35,0.076,7,none
2026-08-29 02:01:14,2026-08-29 02:00:00,77763.0,77762.0,77832.0,-0.0887,-0.0899,2.9594,-1.4797,76680.32,80135.35,0.08,7,none
2026-08-29 02:06:04,2026-08-29 02:05:00,77771.0,77753.0,77832.0,-0.0784,-0.1015,2.9594,-1.4797,76680.32,80135.35,0.083,7,none
2026-08-29 02:11:10,2026-08-29 02:10:00,77752.0,77744.0,77832.0,-0.1028,-0.1131,2.9594,-1.4797,76680.32,80135.35,0.087,7,none
2026-08-29 02:16:05,2026-08-29 02:15:00,77691.0,77691.0,77832.0,-0.1812,-0.1812,2.9594,-1.4797,76680.32,80135.35,0.09,7,none
2026-08-29 02:21:04,2026-08-29 02:20:00,77590.0,77590.0,77832.0,-0.3109,-0.3109,2.9594,-1.4797,76680.32,80135.35,0.093,7,none
2026-08-29 02:25:59,2026-08-29 02:24:00,77540.0,77540.0,77832.0,-0.3752,-0.3752,2.9594,-1.4797,76680.32,80135.35,0.097,7,none
2026-08-29 02:31:08,2026-08-29 02:30:00,77595.0,77594.0,77832.0,-0.3045,-0.3058,2.9594,-1.4797,76680.32,80135.35,0.1,7,none
2026-08-29 02:33:48,2026-08-29 02:32:00,77632.0,77594.0,77832.0,-0.257,-0.3058,2.9594,-1.4797,76680.32,80135.35,0.102,7,none
2026-08-29 02:36:00,2026-08-29 02:35:00,77566.0,77556.0,77832.0,-0.3418,-0.3546,2.9594,-1.4797,76680.32,80135.35,0.104,7,none
2026-08-29 02:41:06,2026-08-29 02:40:00,77635.0,77632.0,77832.0,-0.2531,-0.257,2.9594,-1.4797,76680.32,80135.35,0.107,7,none
2026-08-29 02:46:05,2026-08-29 02:45:00,77609.0,77589.0,77832.0,-0.2865,-0.3122,2.9594,-1.4797,76680.32,80135.35,0.111,7,none
2026-08-29 02:51:14,2026-08-29 02:50:00,77615.0,77607.0,77832.0,-0.2788,-0.2891,2.9594,-1.4797,76680.32,80135.35,0.114,7,none
2026-08-29 02:56:12,2026-08-29 02:55:00,77641.0,77639.0,77832.0,-0.2454,-0.248,2.9594,-1.4797,76680.32,80135.35,0.118,7,none
2026-08-29 03:01:29,2026-08-29 03:00:00,77660.0,77635.0,77832.0,-0.221,-0.2531,2.9594,-1.4797,76680.32,80135.35,0.122,7,none
2026-08-29 03:05:58,2026-08-29 03:04:00,77670.0,77669.0,77832.0,-0.2081,-0.2094,2.9594,-1.4797,76680.32,80135.35,0.125,7,none
2026-08-29 03:11:10,2026-08-29 03:10:00,77664.0,77663.0,77832.0,-0.2158,-0.2171,2.9594,-1.4797,76680.32,80135.35,0.128,7,none
2026-08-29 03:16:03,2026-08-29 03:15:00,77647.0,77647.0,77832.0,-0.2377,-0.2377,2.9594,-1.4797,76680.32,80135.35,0.132,7,none
2026-08-29 03:21:08,2026-08-29 03:20:00,77624.0,77624.0,77832.0,-0.2672,-0.2672,2.9594,-1.4797,76680.32,80135.35,0.135,7,none
2026-08-29 03:26:07,2026-08-29 03:25:00,77658.0,77632.0,77832.0,-0.2236,-0.257,2.9594,-1.4797,76680.32,80135.35,0.139,7,none
2026-08-29 03:31:09,2026-08-29 03:30:00,77656.0,77655.0,77832.0,-0.2261,-0.2274,2.9594,-1.4797,76680.32,80135.35,0.142,7,none
2026-08-29 03:36:06,2026-08-29 03:35:00,77603.0,77588.0,77832.0,-0.2942,-0.3135,2.9594,-1.4797,76680.32,80135.35,0.146,7,none
2026-08-29 03:41:05,2026-08-29 03:40:00,77572.0,77571.0,77832.0,-0.3341,-0.3353,2.9594,-1.4797,76680.32,80135.35,0.149,7,none
2026-08-29 03:46:02,2026-08-29 03:45:00,77564.0,77563.0,77832.0,-0.3443,-0.3456,2.9594,-1.4797,76680.32,80135.35,0.152,7,none
2026-08-29 03:51:11,2026-08-29 03:50:00,77546.0,77546.0,77832.0,-0.3675,-0.3675,2.9594,-1.4797,76680.32,80135.35,0.156,7,none
2026-08-29 03:56:02,2026-08-29 03:55:00,77508.0,77496.0,77832.0,-0.4163,-0.4317,2.9594,-1.4797,76680.32,80135.35,0.159,7,none
2026-08-29 04:01:19,2026-08-29 04:00:00,77483.0,77469.0,77832.0,-0.4484,-0.4664,2.9594,-1.4797,76680.32,80135.35,0.163,7,none
2026-08-29 04:06:03,2026-08-29 04:05:00,77536.0,77529.0,77832.0,-0.3803,-0.3893,2.9594,-1.4797,76680.32,80135.35,0.166,7,none
2026-08-29 04:11:14,2026-08-29 04:10:00,77547.0,77534.0,77832.0,-0.3662,-0.3829,2.9594,-1.4797,76680.32,80135.35,0.17,7,none
2026-08-29 04:16:09,2026-08-29 04:15:00,77576.0,77550.0,77832.0,-0.3289,-0.3623,2.9594,-1.4797,76680.32,80135.35,0.173,7,none
2026-08-29 04:20:59,2026-08-29 04:19:00,77564.0,77564.0,77832.0,-0.3443,-0.3443,2.9594,-1.4797,76680.32,80135.35,0.177,7,none
2026-08-29 04:26:08,2026-08-29 04:25:00,77589.0,77584.0,77832.0,-0.3122,-0.3186,2.9594,-1.4797,76680.32,80135.35,0.18,7,none
2026-08-29 04:31:09,2026-08-29 04:30:00,77580.0,77579.0,77832.0,-0.3238,-0.3251,2.9594,-1.4797,76680.32,80135.35,0.184,7,none
2026-08-29 04:36:00,2026-08-29 04:35:00,77564.0,77563.0,77832.0,-0.3443,-0.3456,2.9594,-1.4797,76680.32,80135.35,0.187,7,none
2026-08-29 04:41:06,2026-08-29 04:40:00,77596.0,77596.0,77832.0,-0.3032,-0.3032,2.9594,-1.4797,76680.32,80135.35,0.191,7,none
2026-08-29 04:46:04,2026-08-29 04:45:00,77584.0,77583.0,77832.0,-0.3186,-0.3199,2.9594,-1.4797,76680.32,80135.35,0.194,7,none
2026-08-29 04:51:05,2026-08-29 04:50:00,77608.0,77605.0,77832.0,-0.2878,-0.2917,2.9594,-1.4797,76680.32,80135.35,0.198,7,none
2026-08-29 04:56:00,2026-08-29 04:54:00,77633.0,77599.0,77832.0,-0.2557,-0.2994,2.9594,-1.4797,76680.32,80135.35,0.201,7,none
2026-08-29 05:01:15,2026-08-29 05:00:00,77612.0,77611.0,77832.0,-0.2827,-0.2839,2.9594,-1.4797,76680.32,80135.35,0.205,7,none
2026-08-29 05:06:10,2026-08-29 05:05:00,77649.0,77635.0,77832.0,-0.2351,-0.2531,2.9594,-1.4797,76680.32,80135.35,0.208,7,none
2026-08-29 05:11:06,2026-08-29 05:10:00,77646.0,77646.0,77832.0,-0.239,-0.239,2.9594,-1.4797,76680.32,80135.35,0.212,7,none
2026-08-29 05:16:07,2026-08-29 05:15:00,77682.0,77682.0,77832.0,-0.1927,-0.1927,2.9594,-1.4797,76680.32,80135.35,0.215,7,none
2026-08-29 05:21:08,2026-08-29 05:20:00,77649.0,77648.0,77832.0,-0.2351,-0.2364,2.9594,-1.4797,76680.32,80135.35,0.219,7,none
2026-08-29 05:26:10,2026-08-29 05:25:00,77644.0,77643.0,77832.0,-0.2415,-0.2428,2.9594,-1.4797,76680.32,80135.35,0.222,7,none
2026-08-29 05:31:14,2026-08-29 05:30:00,77637.0,77636.0,77832.0,-0.2505,-0.2518,2.9594,-1.4797,76680.32,80135.35,0.226,7,none
2026-08-29 05:36:02,2026-08-29 05:35:00,77650.0,77615.0,77832.0,-0.2338,-0.2788,2.9594,-1.4797,76680.32,80135.35,0.229,7,none
2026-08-29 05:41:05,2026-08-29 05:40:00,77692.0,77691.0,77832.0,-0.1799,-0.1812,2.9594,-1.4797,76680.32,80135.35,0.232,7,none
2026-08-29 05:46:08,2026-08-29 05:45:00,77668.0,77668.0,77832.0,-0.2107,-0.2107,2.9594,-1.4797,76680.32,80135.35,0.236,7,none
2026-08-29 05:51:03,2026-08-29 05:50:00,77660.0,77660.0,77832.0,-0.221,-0.221,2.9594,-1.4797,76680.32,80135.35,0.239,7,none
2026-08-29 05:56:07,2026-08-29 05:55:00,77601.0,77600.0,77832.0,-0.2968,-0.2981,2.9594,-1.4797,76680.32,80135.35,0.243,7,none
2026-08-29 06:01:21,2026-08-29 06:00:00,77608.0,77607.0,77832.0,-0.2878,-0.2891,2.9594,-1.4797,76680.32,80135.35,0.246,7,none
2026-08-29 06:05:57,2026-08-29 06:04:00,77546.0,77546.0,77832.0,-0.3675,-0.3675,2.9594,-1.4797,76680.32,80135.35,0.25,7,none
2026-08-29 06:11:08,2026-08-29 06:10:00,77529.0,77528.0,77832.0,-0.3893,-0.3906,2.9594,-1.4797,76680.32,80135.35,0.253,7,none
2026-08-29 06:16:04,2026-08-29 06:15:00,77471.0,77444.0,77832.0,-0.4638,-0.4985,2.9594,-1.4797,76680.32,80135.35,0.257,7,none
2026-08-29 06:21:10,2026-08-29 06:20:00,77401.0,77400.0,77832.0,-0.5538,-0.555,2.9594,-1.4797,76680.32,80135.35,0.26,7,none
2026-08-29 06:25:58,2026-08-29 06:24:00,77376.0,77352.0,77832.0,-0.5859,-0.6167,2.9594,-1.4797,76680.32,80135.35,0.264,7,none
2026-08-29 06:31:14,2026-08-29 06:30:00,77423.0,77376.0,77832.0,-0.5255,-0.5859,2.9594,-1.4797,76680.32,80135.35,0.267,7,none
2026-08-29 06:35:59,2026-08-29 06:34:00,77431.0,77428.0,77832.0,-0.5152,-0.5191,2.9594,-1.4797,76680.32,80135.35,0.271,7,none
2026-08-29 06:41:08,2026-08-29 06:40:00,77397.0,77390.0,77832.0,-0.5589,-0.5679,2.9594,-1.4797,76680.32,80135.35,0.274,7,none
2026-08-29 06:46:07,2026-08-29 06:45:00,77420.0,77416.0,77832.0,-0.5293,-0.5345,2.9594,-1.4797,76680.32,80135.35,0.278,7,none
2026-08-29 06:51:09,2026-08-29 06:50:00,77440.0,77439.0,77832.0,-0.5036,-0.5049,2.9594,-1.4797,76680.32,80135.35,0.281,7,none
2026-08-29 06:56:02,2026-08-29 06:55:00,77421.0,77413.0,77832.0,-0.5281,-0.5383,2.9594,-1.4797,76680.32,80135.35,0.284,7,none
2026-08-29 07:01:20,2026-08-29 07:00:00,77445.0,77436.0,77832.0,-0.4972,-0.5088,2.9594,-1.4797,76680.32,80135.35,0.288,7,none
2026-08-29 07:06:04,2026-08-29 07:05:00,77505.0,77483.0,77832.0,-0.4201,-0.4484,2.9594,-1.4797,76680.32,80135.35,0.291,7,none
2026-08-29 07:11:05,2026-08-29 07:10:00,77414.0,77402.0,77832.0,-0.5371,-0.5525,2.9594,-1.4797,76680.32,80135.35,0.295,7,none
2026-08-29 07:16:04,2026-08-29 07:15:00,77418.0,77418.0,77832.0,-0.5319,-0.5319,2.9594,-1.4797,76680.32,80135.35,0.298,7,none
2026-08-29 07:21:07,2026-08-29 07:20:00,77481.0,77480.0,77832.0,-0.451,-0.4523,2.9594,-1.4797,76680.32,80135.35,0.302,7,none
2026-08-29 07:26:00,2026-08-29 07:25:00,77493.0,77468.0,77832.0,-0.4356,-0.4677,2.9594,-1.4797,76680.32,80135.35,0.305,7,none
2026-08-29 07:31:18,2026-08-29 07:30:00,77486.0,77475.0,77832.0,-0.4445,-0.4587,2.9594,-1.4797,76680.32,80135.35,0.309,7,none
2026-08-29 07:36:02,2026-08-29 07:35:00,77503.0,77502.0,77832.0,-0.4227,-0.424,2.9594,-1.4797,76680.32,80135.35,0.312,7,none
2026-08-29 07:41:10,2026-08-29 07:40:00,77611.0,77581.0,77832.0,-0.2839,-0.3225,2.9594,-1.4797,76680.32,80135.35,0.316,7,none
2026-08-29 07:46:11,2026-08-29 07:45:00,77628.0,77628.0,77832.0,-0.2621,-0.2621,2.9594,-1.4797,76680.32,80135.35,0.319,7,none
2026-08-29 07:51:10,2026-08-29 07:50:00,77605.0,77604.0,77832.0,-0.2917,-0.2929,2.9594,-1.4797,76680.32,80135.35,0.323,7,none
2026-08-29 07:56:10,2026-08-29 07:55:00,77618.0,77603.0,77832.0,-0.275,-0.2942,2.9594,-1.4797,76680.32,80135.35,0.326,7,none
2026-08-29 08:01:14,2026-08-29 08:00:00,77550.0,77550.0,77832.0,-0.3623,-0.3623,2.9594,-1.4797,76680.32,80135.35,0.33,7,none
2026-08-29 08:06:04,2026-08-29 08:05:00,77481.0,77455.0,77832.0,-0.451,-0.4844,2.9594,-1.4797,76680.32,80135.35,0.333,7,none
2026-08-29 08:11:10,2026-08-29 08:10:00,77466.0,77465.0,77832.0,-0.4702,-0.4715,2.9594,-1.4797,76680.32,80135.35,0.337,7,none
2026-08-29 08:16:05,2026-08-29 08:15:00,77478.0,77478.0,77832.0,-0.4548,-0.4548,2.9594,-1.4797,76680.32,80135.35,0.34,7,none
2026-08-29 08:21:03,2026-08-29 08:20:00,77505.0,77505.0,77832.0,-0.4201,-0.4201,2.9594,-1.4797,76680.32,80135.35,0.343,7,none
2026-08-29 08:26:02,2026-08-29 08:25:00,77528.0,77527.0,77832.0,-0.3906,-0.3919,2.9594,-1.4797,76680.32,80135.35,0.347,7,none
2026-08-29 08:31:13,2026-08-29 08:30:00,77542.0,77541.0,77832.0,-0.3726,-0.3739,2.9594,-1.4797,76680.32,80135.35,0.351,7,none
2026-08-29 08:41:07,2026-08-29 08:40:00,77513.0,77510.0,77832.0,-0.4099,-0.4137,2.9594,-1.4797,76680.32,80135.35,0.357,7,none
2026-08-29 08:46:13,2026-08-29 08:45:00,77534.0,77498.0,77832.0,-0.3829,-0.4291,2.9594,-1.4797,76680.32,80135.35,0.361,7,none
2026-08-29 08:51:05,2026-08-29 08:50:00,77557.0,77542.0,77832.0,-0.3533,-0.3726,2.9594,-1.4797,76680.32,80135.35,0.364,7,none
2026-08-29 08:56:01,2026-08-29 08:55:00,77557.0,77546.0,77832.0,-0.3533,-0.3675,2.9594,-1.4797,76680.32,80135.35,0.368,7,none
2026-08-29 09:01:21,2026-08-29 09:00:00,77629.0,77604.0,77832.0,-0.2608,-0.2929,2.9594,-1.4797,76680.32,80135.35,0.371,7,none
2026-08-29 09:06:02,2026-08-29 09:05:00,77649.0,77618.0,77832.0,-0.2351,-0.275,2.9594,-1.4797,76680.32,80135.35,0.375,7,none
2026-08-29 09:11:06,2026-08-29 09:10:00,77571.0,77570.0,77832.0,-0.3353,-0.3366,2.9594,-1.4797,76680.32,80135.35,0.378,7,none
2026-08-29 09:16:07,2026-08-29 09:15:00,77625.0,77604.0,77832.0,-0.266,-0.2929,2.9594,-1.4797,76680.32,80135.35,0.382,7,none
2026-08-29 09:21:06,2026-08-29 09:20:00,77611.0,77610.0,77832.0,-0.2839,-0.2852,2.9594,-1.4797,76680.32,80135.35,0.385,7,none
2026-08-29 09:26:10,2026-08-29 09:25:00,77607.0,77607.0,77832.0,-0.2891,-0.2891,2.9594,-1.4797,76680.32,80135.35,0.389,7,none
2026-08-29 09:30:34,2026-08-29 09:29:00,77590.0,77589.0,77832.0,-0.3109,-0.3122,2.9594,-1.4797,76680.32,80135.35,0.392,7,none
2026-08-29 09:36:07,2026-08-29 09:35:00,77631.0,77622.0,77832.0,-0.2582,-0.2698,2.9594,-1.4797,76680.32,80135.35,0.396,7,none
2026-08-29 09:41:06,2026-08-29 09:40:00,77701.0,77697.0,77832.0,-0.1683,-0.1735,2.9594,-1.4797,76680.32,80135.35,0.399,7,none
2026-08-29 09:46:08,2026-08-29 09:45:00,77633.0,77630.0,77832.0,-0.2557,-0.2595,2.9594,-1.4797,76680.32,80135.35,0.403,7,none
2026-08-29 09:51:17,2026-08-29 09:50:00,77642.0,77632.0,77832.0,-0.2441,-0.257,2.9594,-1.4797,76680.32,80135.35,0.406,7,none
2026-08-29 09:56:04,2026-08-29 09:55:00,77648.0,77648.0,77832.0,-0.2364,-0.2364,2.9594,-1.4797,76680.32,80135.35,0.409,7,none
2026-08-29 10:01:14,2026-08-29 10:00:00,77615.0,77615.0,77832.0,-0.2788,-0.2788,2.9594,-1.4797,76680.32,80135.35,0.413,7,none
2026-08-29 10:06:02,2026-08-29 10:05:00,77506.0,77506.0,77832.0,-0.4189,-0.4189,2.9594,-1.4797,76680.32,80135.35,0.416,7,none
2026-08-29 10:11:08,2026-08-29 10:10:00,77528.0,77523.0,77832.0,-0.3906,-0.397,2.9594,-1.4797,76680.32,80135.35,0.42,7,none
2026-08-29 10:16:06,2026-08-29 10:15:00,77600.0,77559.0,77832.0,-0.2981,-0.3508,2.9594,-1.4797,76680.32,80135.35,0.423,7,none
2026-08-29 10:21:07,2026-08-29 10:20:00,77681.0,77668.0,77832.0,-0.194,-0.2107,2.9594,-1.4797,76680.32,80135.35,0.427,7,none
2026-08-29 10:26:05,2026-08-29 10:25:00,77640.0,77640.0,77832.0,-0.2467,-0.2467,2.9594,-1.4797,76680.32,80135.35,0.43,7,none
2026-08-29 10:31:07,2026-08-29 10:30:00,77637.0,77637.0,77832.0,-0.2505,-0.2505,2.9594,-1.4797,76680.32,80135.35,0.434,7,none
2026-08-29 10:36:01,2026-08-29 10:35:00,77637.0,77637.0,77832.0,-0.2505,-0.2505,2.9594,-1.4797,76680.32,80135.35,0.437,7,none
2026-08-29 10:41:03,2026-08-29 10:40:00,77658.0,77653.0,77832.0,-0.2236,-0.23,2.9594,-1.4797,76680.32,80135.35,0.441,7,none
2026-08-29 10:46:16,2026-08-29 10:45:00,77658.0,77658.0,77832.0,-0.2236,-0.2236,2.9594,-1.4797,76680.32,80135.35,0.444,7,none
2026-08-29 10:51:05,2026-08-29 10:50:00,77702.0,77701.0,77832.0,-0.167,-0.1683,2.9594,-1.4797,76680.32,80135.35,0.448,7,none
2026-08-29 10:55:59,2026-08-29 10:54:00,77700.0,77700.0,77832.0,-0.1696,-0.1696,2.9594,-1.4797,76680.32,80135.35,0.451,7,none
2026-08-29 11:01:18,2026-08-29 11:00:00,77600.0,77600.0,77832.0,-0.2981,-0.2981,2.9594,-1.4797,76680.32,80135.35,0.455,7,none
2026-08-29 11:06:04,2026-08-29 11:05:00,77623.0,77609.0,77832.0,-0.2685,-0.2865,2.9594,-1.4797,76680.32,80135.35,0.458,7,none
2026-08-29 11:10:59,2026-08-29 11:09:00,77615.0,77614.0,77832.0,-0.2788,-0.2801,2.9594,-1.4797,76680.32,80135.35,0.461,7,none
2026-08-29 11:16:12,2026-08-29 11:15:00,77691.0,77690.0,77832.0,-0.1812,-0.1824,2.9594,-1.4797,76680.32,80135.35,0.465,7,none
2026-08-29 11:21:04,2026-08-29 11:20:00,77668.0,77668.0,77832.0,-0.2107,-0.2107,2.9594,-1.4797,76680.32,80135.35,0.468,7,none
2026-08-29 11:26:14,2026-08-29 11:25:00,77665.0,77654.0,77832.0,-0.2146,-0.2287,2.9594,-1.4797,76680.32,80135.35,0.472,7,none
2026-08-29 11:31:17,2026-08-29 11:30:00,77653.0,77652.0,77832.0,-0.23,-0.2313,2.9594,-1.4797,76680.32,80135.35,0.476,7,none
2026-08-29 11:36:00,2026-08-29 11:35:00,77659.0,77657.0,77832.0,-0.2223,-0.2248,2.9594,-1.4797,76680.32,80135.35,0.479,7,none
2026-08-29 11:41:07,2026-08-29 11:40:00,77643.0,77643.0,77832.0,-0.2428,-0.2428,2.9594,-1.4797,76680.32,80135.35,0.482,7,none
2026-08-29 11:46:05,2026-08-29 11:45:00,77616.0,77608.0,77832.0,-0.2775,-0.2878,2.9594,-1.4797,76680.32,80135.35,0.486,7,none
2026-08-29 11:51:10,2026-08-29 11:50:00,77615.0,77615.0,77832.0,-0.2788,-0.2788,2.9594,-1.4797,76680.32,80135.35,0.489,7,none
2026-08-29 11:56:03,2026-08-29 11:55:00,77596.0,77596.0,77832.0,-0.3032,-0.3032,2.9594,-1.4797,76680.32,80135.35,0.493,7,none
2026-08-29 12:01:16,2026-08-29 12:00:00,77564.0,77563.0,77832.0,-0.3443,-0.3456,2.9594,-1.4797,76680.32,80135.35,0.496,7,none
2026-08-29 12:06:05,2026-08-29 12:05:00,77576.0,77570.0,77832.0,-0.3289,-0.3366,2.9594,-1.4797,76680.32,80135.35,0.5,7,none
2026-08-29 12:11:08,2026-08-29 12:10:00,77535.0,77534.0,77832.0,-0.3816,-0.3829,2.9594,-1.4797,76680.32,80135.35,0.503,7,none
2026-08-29 12:16:08,2026-08-29 12:15:00,77597.0,77563.0,77832.0,-0.3019,-0.3456,2.9594,-1.4797,76680.32,80135.35,0.507,7,none
2026-08-29 12:21:09,2026-08-29 12:20:00,77626.0,77613.0,77832.0,-0.2647,-0.2814,2.9594,-1.4797,76680.32,80135.35,0.51,7,none
2026-08-29 12:26:01,2026-08-29 12:25:00,77528.0,77501.0,77832.0,-0.3906,-0.4253,2.9594,-1.4797,76680.32,80135.35,0.514,7,none
2026-08-29 12:31:12,2026-08-29 12:30:00,77560.0,77559.0,77832.0,-0.3495,-0.3508,2.9594,-1.4797,76680.32,80135.35,0.517,7,none
2026-08-29 12:36:05,2026-08-29 12:35:00,77523.0,77499.0,77832.0,-0.397,-0.4278,2.9594,-1.4797,76680.32,80135.35,0.521,7,none
2026-08-29 12:41:07,2026-08-29 12:40:00,77533.0,77533.0,77832.0,-0.3842,-0.3842,2.9594,-1.4797,76680.32,80135.35,0.524,7,none
2026-08-29 12:46:06,2026-08-29 12:45:00,77546.0,77545.0,77832.0,-0.3675,-0.3687,2.9594,-1.4797,76680.32,80135.35,0.528,7,none
2026-08-29 12:51:06,2026-08-29 12:50:00,77554.0,77554.0,77832.0,-0.3572,-0.3572,2.9594,-1.4797,76680.32,80135.35,0.531,7,none
2026-08-29 12:56:04,2026-08-29 12:55:00,77538.0,77515.0,77832.0,-0.3777,-0.4073,2.9594,-1.4797,76680.32,80135.35,0.534,7,none
2026-08-29 13:01:17,2026-08-29 13:00:00,77558.0,77554.0,77832.0,-0.352,-0.3572,2.9594,-1.4797,76680.32,80135.35,0.538,7,none
2026-08-29 13:06:02,2026-08-29 13:05:00,77554.0,77542.0,77832.0,-0.3572,-0.3726,2.9594,-1.4797,76680.32,80135.35,0.541,7,none
2026-08-29 13:11:05,2026-08-29 13:10:00,77567.0,77565.0,77832.0,-0.3405,-0.343,2.9594,-1.4797,76680.32,80135.35,0.545,7,none
2026-08-29 13:16:05,2026-08-29 13:15:00,77621.0,77612.0,77832.0,-0.2711,-0.2827,2.9594,-1.4797,76680.32,80135.35,0.548,7,none
2026-08-29 13:21:05,2026-08-29 13:20:00,77628.0,77628.0,77832.0,-0.2621,-0.2621,2.9594,-1.4797,76680.32,80135.35,0.552,7,none
2026-08-29 13:26:06,2026-08-29 13:25:00,77656.0,77649.0,77832.0,-0.2261,-0.2351,2.9594,-1.4797,76680.32,80135.35,0.555,7,none
2026-08-29 13:31:11,2026-08-29 13:30:00,77656.0,77619.0,77832.0,-0.2261,-0.2737,2.9594,-1.4797,76680.32,80135.35,0.559,7,none
2026-08-29 13:36:04,2026-08-29 13:35:00,77645.0,77615.0,77832.0,-0.2403,-0.2788,2.9594,-1.4797,76680.32,80135.35,0.562,7,none
2026-08-29 13:42:27,2026-08-29 13:41:00,77644.0,77644.0,77832.0,-0.2415,-0.2415,2.9594,-1.4797,76680.32,80135.35,0.567,7,none
2026-08-29 13:46:10,2026-08-29 13:45:00,77641.0,77641.0,77832.0,-0.2454,-0.2454,2.9594,-1.4797,76680.32,80135.35,0.569,7,none
2026-08-29 13:51:05,2026-08-29 13:50:00,77675.0,77675.0,77832.0,-0.2017,-0.2017,2.9594,-1.4797,76680.32,80135.35,0.573,7,none
2026-08-29 13:56:03,2026-08-29 13:55:00,77680.0,77680.0,77832.0,-0.1953,-0.1953,2.9594,-1.4797,76680.32,80135.35,0.576,7,none
2026-08-29 14:01:19,2026-08-29 14:00:00,77674.0,77673.0,77832.0,-0.203,-0.2043,2.9594,-1.4797,76680.32,80135.35,0.58,7,none
2026-08-29 14:06:02,2026-08-29 14:05:00,77689.0,77681.0,77832.0,-0.1837,-0.194,2.9594,-1.4797,76680.32,80135.35,0.583,7,none
2026-08-29 14:11:10,2026-08-29 14:10:00,77635.0,77634.0,77832.0,-0.2531,-0.2544,2.9594,-1.4797,76680.32,80135.35,0.587,7,none
2026-08-29 14:16:36,2026-08-29 14:15:00,77661.0,77647.0,77832.0,-0.2197,-0.2377,2.9594,-1.4797,76680.32,80135.35,0.59,7,none
2026-08-29 14:21:05,2026-08-29 14:20:00,77665.0,77646.0,77832.0,-0.2146,-0.239,2.9594,-1.4797,76680.32,80135.35,0.594,7,none
2026-08-29 14:26:01,2026-08-29 14:25:00,77705.0,77700.0,77832.0,-0.1632,-0.1696,2.9594,-1.4797,76680.32,80135.35,0.597,7,none
2026-08-29 14:31:16,2026-08-29 14:30:00,77676.0,77676.0,77832.0,-0.2004,-0.2004,2.9594,-1.4797,76680.32,80135.35,0.601,7,none
2026-08-29 14:36:03,2026-08-29 14:35:00,77675.0,77665.0,77832.0,-0.2017,-0.2146,2.9594,-1.4797,76680.32,80135.35,0.604,7,none
2026-08-29 14:41:04,2026-08-29 14:40:00,77793.0,77724.0,77832.0,-0.0501,-0.1388,2.9594,-1.4797,76680.32,80135.35,0.607,7,none
2026-08-29 14:46:04,2026-08-29 14:45:00,77946.0,77898.0,77832.0,0.1465,0.0848,2.9594,-1.4797,76680.32,80135.35,0.611,7,none
2026-08-29 14:51:02,2026-08-29 14:50:00,78010.0,77959.0,77832.0,0.2287,0.1632,2.9594,-1.4797,76680.32,80135.35,0.614,7,none
2026-08-29 14:56:06,2026-08-29 14:55:00,77967.0,77955.0,77832.0,0.1735,0.158,2.9594,-1.4797,76680.32,80135.35,0.618,7,none
2026-08-29 15:01:16,2026-08-29 15:00:00,77964.0,77960.0,77832.0,0.1696,0.1645,2.9594,-1.4797,76680.32,80135.35,0.621,7,none
2026-08-29 15:06:05,2026-08-29 15:05:00,77846.0,77846.0,77832.0,0.018,0.018,2.9594,-1.4797,76680.32,80135.35,0.625,7,none
2026-08-29 15:11:05,2026-08-29 15:10:00,77916.0,77906.0,77832.0,0.1079,0.0951,2.9594,-1.4797,76680.32,80135.35,0.628,7,none
2026-08-29 15:16:19,2026-08-29 15:15:00,77914.0,77914.0,77832.0,0.1054,0.1054,2.9594,-1.4797,76680.32,80135.35,0.632,7,none
2026-08-29 15:21:07,2026-08-29 15:20:00,77909.0,77881.0,77832.0,0.0989,0.063,2.9594,-1.4797,76680.32,80135.35,0.635,7,none
2026-08-29 15:26:06,2026-08-29 15:25:00,77913.0,77913.0,77832.0,0.1041,0.1041,2.9594,-1.4797,76680.32,80135.35,0.639,7,none
2026-08-29 15:31:09,2026-08-29 15:30:00,77825.0,77803.0,77832.0,-0.009,-0.0373,2.9594,-1.4797,76680.32,80135.35,0.642,7,none
2026-08-29 15:36:01,2026-08-29 15:34:00,77831.0,77815.0,77832.0,-0.0013,-0.0218,2.9594,-1.4797,76680.32,80135.35,0.646,7,none
2026-08-29 15:41:05,2026-08-29 15:39:00,77849.0,77849.0,77832.0,0.0218,0.0218,2.9594,-1.4797,76680.32,80135.35,0.649,7,none
2026-08-29 15:46:04,2026-08-29 15:44:00,77806.0,77805.0,77832.0,-0.0334,-0.0347,2.9594,-1.4797,76680.32,80135.35,0.653,7,none
2026-08-29 15:51:07,2026-08-29 15:50:00,77897.0,77886.0,77832.0,0.0835,0.0694,2.9594,-1.4797,76680.32,80135.35,0.656,7,none
2026-08-29 15:56:07,2026-08-29 15:55:00,77777.0,77776.0,77832.0,-0.0707,-0.0719,2.9594,-1.4797,76680.32,80135.35,0.66,7,none
2026-08-29 16:01:16,2026-08-29 16:00:00,77851.0,77827.0,77832.0,0.0244,-0.0064,2.9594,-1.4797,76680.32,80135.35,0.663,7,none
2026-08-29 16:06:00,2026-08-29 16:05:00,77894.0,77882.0,77832.0,0.0797,0.0642,2.9594,-1.4797,76680.32,80135.35,0.666,7,none
2026-08-29 16:11:07,2026-08-29 16:10:00,77950.0,77939.0,77832.0,0.1516,0.1375,2.9594,-1.4797,76680.32,80135.35,0.67,7,none
2026-08-29 16:16:10,2026-08-29 16:15:00,78068.0,77970.0,77832.0,0.3032,0.1773,2.9594,-1.4797,76680.32,80135.35,0.673,7,none
2026-08-29 16:21:05,2026-08-29 16:20:00,77999.0,77999.0,77832.0,0.2146,0.2146,2.9594,-1.4797,76680.32,80135.35,0.677,7,none
2026-08-29 16:25:59,2026-08-29 16:24:00,77936.0,77903.0,77832.0,0.1336,0.0912,2.9594,-1.4797,76680.32,80135.35,0.68,7,none
2026-08-29 16:31:11,2026-08-29 16:30:00,77902.0,77902.0,77832.0,0.0899,0.0899,2.9594,-1.4797,76680.32,80135.35,0.684,7,none
2026-08-29 16:36:09,2026-08-29 16:35:00,77954.0,77954.0,77832.0,0.1567,0.1567,2.9594,-1.4797,76680.32,80135.35,0.687,7,none
2026-08-29 16:41:07,2026-08-29 16:40:00,77989.0,77941.0,77832.0,0.2017,0.14,2.9594,-1.4797,76680.32,80135.35,0.691,7,none
2026-08-29 16:46:08,2026-08-29 16:45:00,77989.0,77987.0,77832.0,0.2017,0.1991,2.9594,-1.4797,76680.32,80135.35,0.694,7,none
2026-08-29 16:51:13,2026-08-29 16:50:00,78019.0,78002.0,77832.0,0.2403,0.2184,2.9594,-1.4797,76680.32,80135.35,0.698,7,none
2026-08-29 16:56:06,2026-08-29 16:55:00,78017.0,78007.0,77832.0,0.2377,0.2248,2.9594,-1.4797,76680.32,80135.35,0.701,7,none
2026-08-29 17:01:22,2026-08-29 17:00:00,78007.0,77995.0,77832.0,0.2248,0.2094,2.9594,-1.4797,76680.32,80135.35,0.705,7,none
2026-08-29 17:06:05,2026-08-29 17:05:00,78008.0,78008.0,77832.0,0.2261,0.2261,2.9594,-1.4797,76680.32,80135.35,0.708,7,none
2026-08-29 17:11:15,2026-08-29 17:10:00,78004.0,78003.0,77832.0,0.221,0.2197,2.9594,-1.4797,76680.32,80135.35,0.712,7,none
2026-08-29 17:16:08,2026-08-29 17:15:00,78032.0,78020.0,77832.0,0.257,0.2415,2.9594,-1.4797,76680.32,80135.35,0.715,7,none
2026-08-29 17:21:05,2026-08-29 17:20:00,78009.0,78009.0,77832.0,0.2274,0.2274,2.9594,-1.4797,76680.32,80135.35,0.719,7,none
2026-08-29 17:26:12,2026-08-29 17:25:00,77998.0,77960.0,77832.0,0.2133,0.1645,2.9594,-1.4797,76680.32,80135.35,0.722,7,none
2026-08-29 17:31:09,2026-08-29 17:30:00,77981.0,77955.0,77832.0,0.1914,0.158,2.9594,-1.4797,76680.32,80135.35,0.725,7,none
2026-08-29 17:36:12,2026-08-29 17:35:00,77890.0,77866.0,77832.0,0.0745,0.0437,2.9594,-1.4797,76680.32,80135.35,0.729,7,none
2026-08-29 17:41:05,2026-08-29 17:40:00,77973.0,77918.0,77832.0,0.1812,0.1105,2.9594,-1.4797,76680.32,80135.35,0.732,7,none
2026-08-29 17:46:06,2026-08-29 17:45:00,77986.0,77980.0,77832.0,0.1979,0.1902,2.9594,-1.4797,76680.32,80135.35,0.736,7,none
2026-08-29 17:51:04,2026-08-29 17:50:00,78022.0,78012.0,77832.0,0.2441,0.2313,2.9594,-1.4797,76680.32,80135.35,0.739,7,none
2026-08-29 17:56:06,2026-08-29 17:55:00,77952.0,77943.0,77832.0,0.1542,0.1426,2.9594,-1.4797,76680.32,80135.35,0.743,7,none
2026-08-29 17:59:14,2026-08-29 17:58:00,77969.0,77966.0,77832.0,0.176,0.1722,2.9594,-1.4797,76680.32,80135.35,0.745,7,none
2026-08-29 18:01:11,2026-08-29 18:00:00,78100.0,78069.0,77832.0,0.3443,0.3045,2.9594,-1.4797,76680.32,80135.35,0.746,7,none
2026-08-29 18:06:00,2026-08-29 18:04:00,78042.0,78041.0,77832.0,0.2698,0.2685,2.9594,-1.4797,76680.32,80135.35,0.75,7,none
2026-08-29 18:11:07,2026-08-29 18:10:00,78069.0,78058.0,77832.0,0.3045,0.2904,2.9594,-1.4797,76680.32,80135.35,0.753,7,none
2026-08-29 18:16:12,2026-08-29 18:15:00,78053.0,78048.0,77832.0,0.2839,0.2775,2.9594,-1.4797,76680.32,80135.35,0.757,7,none
2026-08-29 18:21:05,2026-08-29 18:20:00,78028.0,78028.0,77832.0,0.2518,0.2518,2.9594,-1.4797,76680.32,80135.35,0.76,7,none
2026-08-29 18:26:03,2026-08-29 18:25:00,78058.0,78057.0,77832.0,0.2904,0.2891,2.9594,-1.4797,76680.32,80135.35,0.764,7,none
2026-08-29 18:31:21,2026-08-29 18:30:00,78000.0,78000.0,77832.0,0.2158,0.2158,2.9594,-1.4797,76680.32,80135.35,0.767,7,none
2026-08-29 18:36:03,2026-08-29 18:35:00,78100.0,78055.0,77832.0,0.3443,0.2865,2.9594,-1.4797,76680.32,80135.35,0.771,7,none
2026-08-29 18:41:12,2026-08-29 18:40:00,78164.0,78137.0,77832.0,0.4266,0.3919,2.9594,-1.4797,76680.32,80135.35,0.774,7,none
2026-08-29 18:46:04,2026-08-29 18:45:00,78123.0,78112.0,77832.0,0.3739,0.3597,2.9594,-1.4797,76680.32,80135.35,0.778,7,none
2026-08-29 18:51:10,2026-08-29 18:50:00,78197.0,78196.0,77832.0,0.469,0.4677,2.9594,-1.4797,76680.32,80135.35,0.781,7,none
2026-08-29 18:56:01,2026-08-29 18:54:00,78180.0,78180.0,77832.0,0.4471,0.4471,2.9594,-1.4797,76680.32,80135.35,0.784,7,none
2026-08-29 19:01:18,2026-08-29 19:00:00,78137.0,78131.0,77832.0,0.3919,0.3842,2.9594,-1.4797,76680.32,80135.35,0.788,7,none
2026-08-29 19:06:07,2026-08-29 19:05:00,78203.0,78198.0,77832.0,0.4767,0.4702,2.9594,-1.4797,76680.32,80135.35,0.791,7,none
2026-08-29 19:11:14,2026-08-29 19:10:00,78233.0,78225.0,77832.0,0.5152,0.5049,2.9594,-1.4797,76680.32,80135.35,0.795,7,none
2026-08-29 19:16:04,2026-08-29 19:15:00,78279.0,78276.0,77832.0,0.5743,0.5705,2.9594,-1.4797,76680.32,80135.35,0.798,7,none
2026-08-29 19:21:05,2026-08-29 19:20:00,78281.0,78280.0,77832.0,0.5769,0.5756,2.9594,-1.4797,76680.32,80135.35,0.802,7,none
2026-08-29 19:26:07,2026-08-29 19:25:00,78250.0,78241.0,77832.0,0.5371,0.5255,2.9594,-1.4797,76680.32,80135.35,0.805,7,none
2026-08-29 19:31:14,2026-08-29 19:30:00,78231.0,78230.0,77832.0,0.5126,0.5114,2.9594,-1.4797,76680.32,80135.35,0.809,7,none
2026-08-29 19:36:06,2026-08-29 19:35:00,78197.0,78194.0,77832.0,0.469,0.4651,2.9594,-1.4797,76680.32,80135.35,0.812,7,none
2026-08-29 19:41:04,2026-08-29 19:40:00,78187.0,78175.0,77832.0,0.4561,0.4407,2.9594,-1.4797,76680.32,80135.35,0.816,7,none
2026-08-29 19:46:05,2026-08-29 19:45:00,78220.0,78219.0,77832.0,0.4985,0.4972,2.9594,-1.4797,76680.32,80135.35,0.819,7,none
2026-08-29 19:51:09,2026-08-29 19:50:00,78204.0,78203.0,77832.0,0.478,0.4767,2.9594,-1.4797,76680.32,80135.35,0.823,7,none
2026-08-29 19:56:06,2026-08-29 19:55:00,78150.0,78150.0,77832.0,0.4086,0.4086,2.9594,-1.4797,76680.32,80135.35,0.826,7,none
2026-08-29 20:01:17,2026-08-29 20:00:00,78165.0,78160.0,77832.0,0.4278,0.4214,2.9594,-1.4797,76680.32,80135.35,0.83,7,none
2026-08-29 20:05:59,2026-08-29 20:04:00,78222.0,78221.0,77832.0,0.5011,0.4998,2.9594,-1.4797,76680.32,80135.35,0.833,7,none
2026-08-29 20:11:08,2026-08-29 20:10:00,78197.0,78196.0,77832.0,0.469,0.4677,2.9594,-1.4797,76680.32,80135.35,0.837,7,none
2026-08-29 20:16:09,2026-08-29 20:15:00,78211.0,78209.0,77832.0,0.4869,0.4844,2.9594,-1.4797,76680.32,80135.35,0.84,7,none
2026-08-29 20:21:06,2026-08-29 20:20:00,78234.0,78233.0,77832.0,0.5165,0.5152,2.9594,-1.4797,76680.32,80135.35,0.844,7,none
2026-08-29 20:24:03,2026-08-29 20:22:00,78194.0,78194.0,77832.0,0.4651,0.4651,2.9594,-1.4797,76680.32,80135.35,0.846,7,none
2026-08-29 20:26:02,2026-08-29 20:24:00,78186.0,78186.0,77832.0,0.4548,0.4548,2.9594,-1.4797,76680.32,80135.35,0.847,7,none
2026-08-29 20:31:16,2026-08-29 20:30:00,78139.0,78138.0,77832.0,0.3944,0.3932,2.9594,-1.4797,76680.32,80135.35,0.851,7,none
2026-08-29 20:36:07,2026-08-29 20:35:00,78133.0,78095.0,77832.0,0.3867,0.3379,2.9594,-1.4797,76680.32,80135.35,0.854,7,none
2026-08-29 20:41:05,2026-08-29 20:40:00,78100.0,78100.0,77832.0,0.3443,0.3443,2.9594,-1.4797,76680.32,80135.35,0.857,7,none
2026-08-29 20:46:03,2026-08-29 20:45:00,78116.0,78107.0,77832.0,0.3649,0.3533,2.9594,-1.4797,76680.32,80135.35,0.861,7,none
2026-08-29 20:51:05,2026-08-29 20:50:00,78118.0,78118.0,77832.0,0.3675,0.3675,2.9594,-1.4797,76680.32,80135.35,0.864,7,none
2026-08-29 20:56:07,2026-08-29 20:55:00,78122.0,78121.0,77832.0,0.3726,0.3713,2.9594,-1.4797,76680.32,80135.35,0.868,7,none
2026-08-29 21:01:22,2026-08-29 21:00:00,78087.0,78086.0,77832.0,0.3276,0.3263,2.9594,-1.4797,76680.32,80135.35,0.871,7,none
2026-08-29 21:06:05,2026-08-29 21:05:00,78054.0,78032.0,77832.0,0.2852,0.257,2.9594,-1.4797,76680.32,80135.35,0.875,7,none
2026-08-29 21:11:14,2026-08-29 21:10:00,78108.0,78100.0,77832.0,0.3546,0.3443,2.9594,-1.4797,76680.32,80135.35,0.878,7,none
2026-08-29 21:16:05,2026-08-29 21:15:00,78124.0,78123.0,77832.0,0.3752,0.3739,2.9594,-1.4797,76680.32,80135.35,0.882,7,none
2026-08-29 21:21:07,2026-08-29 21:20:00,78151.0,78150.0,77832.0,0.4099,0.4086,2.9594,-1.4797,76680.32,80135.35,0.885,7,none
2026-08-29 21:26:05,2026-08-29 21:25:00,78082.0,78080.0,77832.0,0.3212,0.3186,2.9594,-1.4797,76680.32,80135.35,0.889,7,none
2026-08-29 21:31:09,2026-08-29 21:30:00,78076.0,78075.0,77832.0,0.3135,0.3122,2.9594,-1.4797,76680.32,80135.35,0.892,7,none
2026-08-29 21:36:01,2026-08-29 21:35:00,78078.0,78077.0,77832.0,0.3161,0.3148,2.9594,-1.4797,76680.32,80135.35,0.896,7,none
2026-08-29 21:41:05,2026-08-29 21:40:00,78063.0,78046.0,77832.0,0.2968,0.275,2.9594,-1.4797,76680.32,80135.35,0.899,7,none
2026-08-29 21:46:06,2026-08-29 21:45:00,78084.0,78073.0,77832.0,0.3238,0.3096,2.9594,-1.4797,76680.32,80135.35,0.903,7,none
2026-08-29 21:51:11,2026-08-29 21:50:00,78146.0,78142.0,77832.0,0.4034,0.3983,2.9594,-1.4797,76680.32,80135.35,0.906,7,none
2026-08-29 21:56:04,2026-08-29 21:55:00,78168.0,78168.0,77832.0,0.4317,0.4317,2.9594,-1.4797,76680.32,80135.35,0.909,7,none
2026-08-29 22:01:17,2026-08-29 22:00:00,78127.0,78126.0,77832.0,0.379,0.3777,2.9594,-1.4797,76680.32,80135.35,0.913,7,none
2026-08-29 22:06:02,2026-08-29 22:04:00,78164.0,78154.0,77832.0,0.4266,0.4137,2.9594,-1.4797,76680.32,80135.35,0.916,7,none
2026-08-29 22:11:07,2026-08-29 22:10:00,78196.0,78185.0,77832.0,0.4677,0.4535,2.9594,-1.4797,76680.32,80135.35,0.92,7,none
2026-08-29 22:16:04,2026-08-29 22:15:00,78127.0,78116.0,77832.0,0.379,0.3649,2.9594,-1.4797,76680.32,80135.35,0.923,7,none
2026-08-29 22:21:09,2026-08-29 22:20:00,78056.0,78055.0,77832.0,0.2878,0.2865,2.9594,-1.4797,76680.32,80135.35,0.927,7,none
2026-08-29 22:26:01,2026-08-29 22:24:00,78074.0,78073.0,77832.0,0.3109,0.3096,2.9594,-1.4797,76680.32,80135.35,0.93,7,none
2026-08-29 22:31:13,2026-08-29 22:30:00,78120.0,78119.0,77832.0,0.37,0.3687,2.9594,-1.4797,76680.32,80135.35,0.934,7,none
2026-08-29 22:36:05,2026-08-29 22:35:00,78117.0,78117.0,77832.0,0.3662,0.3662,2.9594,-1.4797,76680.32,80135.35,0.937,7,none
2026-08-29 22:41:09,2026-08-29 22:40:00,78152.0,78151.0,77832.0,0.4111,0.4099,2.9594,-1.4797,76680.32,80135.35,0.941,7,none
2026-08-29 22:46:24,2026-08-29 22:45:00,78168.0,78145.0,77832.0,0.4317,0.4021,2.9594,-1.4797,76680.32,80135.35,0.944,7,none
2026-08-29 22:51:10,2026-08-29 22:50:00,78164.0,78163.0,77832.0,0.4266,0.4253,2.9594,-1.4797,76680.32,80135.35,0.948,7,none
2026-08-29 22:54:11,2026-08-29 22:53:00,78169.0,78168.0,77832.0,0.433,0.4317,2.9594,-1.4797,76680.32,80135.35,0.95,7,none
2026-08-29 22:56:02,2026-08-29 22:54:00,78188.0,78168.0,77832.0,0.4574,0.4317,2.9594,-1.4797,76680.32,80135.35,0.951,7,none
2026-08-29 23:01:18,2026-08-29 23:00:00,78215.0,78201.0,77832.0,0.4921,0.4741,2.9594,-1.4797,76680.32,80135.35,0.955,7,none
2026-08-29 23:06:04,2026-08-29 23:05:00,78212.0,78200.0,77832.0,0.4882,0.4728,2.9594,-1.4797,76680.32,80135.35,0.958,7,none
2026-08-29 23:11:10,2026-08-29 23:10:00,78217.0,78197.0,77832.0,0.4947,0.469,2.9594,-1.4797,76680.32,80135.35,0.962,7,none
2026-08-29 23:16:09,2026-08-29 23:15:00,78201.0,78200.0,77832.0,0.4741,0.4728,2.9594,-1.4797,76680.32,80135.35,0.965,7,none
2026-08-29 23:21:08,2026-08-29 23:20:00,78230.0,78228.0,77832.0,0.5114,0.5088,2.9594,-1.4797,76680.32,80135.35,0.969,7,none
2026-08-29 23:26:04,2026-08-29 23:25:00,78181.0,78180.0,77832.0,0.4484,0.4471,2.9594,-1.4797,76680.32,80135.35,0.972,7,none
2026-08-29 23:31:08,2026-08-29 23:30:00,78245.0,78240.0,77832.0,0.5306,0.5242,2.9594,-1.4797,76680.32,80135.35,0.975,7,none
2026-08-29 23:36:08,2026-08-29 23:35:00,78207.0,78207.0,77832.0,0.4818,0.4818,2.9594,-1.4797,76680.32,80135.35,0.979,7,none
2026-08-29 23:41:10,2026-08-29 23:40:00,78249.0,78248.0,77832.0,0.5358,0.5345,2.9594,-1.4797,76680.32,80135.35,0.982,7,none
2026-08-29 23:46:06,2026-08-29 23:45:00,78229.0,78207.0,77832.0,0.5101,0.4818,2.9594,-1.4797,76680.32,80135.35,0.986,7,none
2026-08-29 23:51:06,2026-08-29 23:50:00,78248.0,78247.0,77832.0,0.5345,0.5332,2.9594,-1.4797,76680.32,80135.35,0.989,7,none
2026-08-29 23:56:09,2026-08-29 23:55:00,78228.0,78228.0,77832.0,0.5088,0.5088,2.9594,-1.4797,76680.32,80135.35,0.993,7,none
2026-08-30 00:01:16,2026-08-30 00:00:00,78204.0,78191.0,77832.0,0.478,0.4612,2.9594,-1.4797,76680.32,80135.35,0.996,7,none
2026-08-30 00:06:21,2026-08-30 00:05:00,78180.0,78177.0,77832.0,0.4471,0.4433,2.9594,-1.4797,76680.32,80135.35,1.0,7,none
2026-08-30 00:11:05,2026-08-30 00:10:00,78150.0,78150.0,77832.0,0.4086,0.4086,2.9594,-1.4797,76680.32,80135.35,1.003,7,none
2026-08-30 00:16:04,2026-08-30 00:15:00,78183.0,78153.0,77832.0,0.451,0.4124,2.9594,-1.4797,76680.32,80135.35,1.007,7,none
2026-08-30 00:21:07,2026-08-30 00:20:00,78200.0,78200.0,77832.0,0.4728,0.4728,2.9594,-1.4797,76680.32,80135.35,1.01,7,none
2026-08-30 00:26:00,2026-08-30 00:24:00,78192.0,78192.0,77832.0,0.4625,0.4625,2.9594,-1.4797,76680.32,80135.35,1.014,7,none
2026-08-30 00:31:13,2026-08-30 00:30:00,78175.0,78174.0,77832.0,0.4407,0.4394,2.9594,-1.4797,76680.32,80135.35,1.017,7,none
2026-08-30 00:36:07,2026-08-30 00:35:00,78220.0,78192.0,77832.0,0.4985,0.4625,2.9594,-1.4797,76680.32,80135.35,1.021,7,none
2026-08-30 00:41:02,2026-08-30 00:40:00,78215.0,78214.0,77832.0,0.4921,0.4908,2.9594,-1.4797,76680.32,80135.35,1.024,7,none
2026-08-30 00:46:06,2026-08-30 00:45:00,78190.0,78173.0,77832.0,0.46,0.4381,2.9594,-1.4797,76680.32,80135.35,1.028,7,none
2026-08-30 00:51:08,2026-08-30 00:50:00,78222.0,78215.0,77832.0,0.5011,0.4921,2.9594,-1.4797,76680.32,80135.35,1.031,7,none
2026-08-30 00:52:25,2026-08-30 00:51:00,78216.0,78215.0,77832.0,0.4934,0.4921,2.9594,-1.4797,76680.32,80135.35,1.032,7,none
2026-08-30 00:56:02,2026-08-30 00:55:00,78187.0,78187.0,77832.0,0.4561,0.4561,2.9594,-1.4797,76680.32,80135.35,1.034,7,none
2026-08-30 01:01:20,2026-08-30 01:00:00,78141.0,78140.0,77832.0,0.397,0.3957,2.9594,-1.4797,76680.32,80135.35,1.038,7,none
2026-08-30 01:06:02,2026-08-30 01:05:00,78155.0,78154.0,77832.0,0.415,0.4137,2.9594,-1.4797,76680.32,80135.35,1.041,7,none
2026-08-30 01:10:59,2026-08-30 01:09:00,78093.0,78086.0,77832.0,0.3353,0.3263,2.9594,-1.4797,76680.32,80135.35,1.045,7,none
2026-08-30 01:16:04,2026-08-30 01:15:00,78038.0,78016.0,77832.0,0.2647,0.2364,2.9594,-1.4797,76680.32,80135.35,1.048,7,none
2026-08-30 01:21:12,2026-08-30 01:20:00,78024.0,78006.0,77832.0,0.2467,0.2236,2.9594,-1.4797,76680.32,80135.35,1.052,7,none
2026-08-30 01:26:07,2026-08-30 01:25:00,77995.0,77988.0,77832.0,0.2094,0.2004,2.9594,-1.4797,76680.32,80135.35,1.055,7,none
2026-08-30 01:31:10,2026-08-30 01:30:00,77970.0,77969.0,77832.0,0.1773,0.176,2.9594,-1.4797,76680.32,80135.35,1.059,7,none
2026-08-30 01:36:09,2026-08-30 01:35:00,77975.0,77970.0,77832.0,0.1837,0.1773,2.9594,-1.4797,76680.32,80135.35,1.062,7,none
2026-08-30 01:41:10,2026-08-30 01:40:00,78022.0,78021.0,77832.0,0.2441,0.2428,2.9594,-1.4797,76680.32,80135.35,1.066,7,none
2026-08-30 01:46:05,2026-08-30 01:45:00,78073.0,78031.0,77832.0,0.3096,0.2557,2.9594,-1.4797,76680.32,80135.35,1.069,7,none
2026-08-30 01:51:04,2026-08-30 01:50:00,78081.0,78079.0,77832.0,0.3199,0.3174,2.9594,-1.4797,76680.32,80135.35,1.073,7,none
2026-08-30 01:56:05,2026-08-30 01:55:00,78030.0,78029.0,77832.0,0.2544,0.2531,2.9594,-1.4797,76680.32,80135.35,1.076,7,none
2026-08-30 02:01:19,2026-08-30 02:00:00,78054.0,78050.0,77832.0,0.2852,0.2801,2.9594,-1.4797,76680.32,80135.35,1.08,7,none
2026-08-30 02:06:00,2026-08-30 02:04:00,78103.0,78095.0,77832.0,0.3482,0.3379,2.9594,-1.4797,76680.32,80135.35,1.083,7,none
2026-08-30 02:10:59,2026-08-30 02:09:00,78055.0,78046.0,77832.0,0.2865,0.275,2.9594,-1.4797,76680.32,80135.35,1.086,7,none
2026-08-30 02:15:55,2026-08-30 02:14:00,78060.0,78052.0,77832.0,0.2929,0.2827,2.9594,-1.4797,76680.32,80135.35,1.09,7,none
2026-08-30 02:21:05,2026-08-30 02:20:00,78041.0,78040.0,77832.0,0.2685,0.2672,2.9594,-1.4797,76680.32,80135.35,1.094,7,none
2026-08-30 02:26:02,2026-08-30 02:25:00,78006.0,78006.0,77832.0,0.2236,0.2236,2.9594,-1.4797,76680.32,80135.35,1.097,7,none
2026-08-30 02:31:10,2026-08-30 02:30:00,78022.0,78013.0,77832.0,0.2441,0.2326,2.9594,-1.4797,76680.32,80135.35,1.101,7,none
2026-08-30 02:36:00,2026-08-30 02:34:00,78014.0,77981.0,77832.0,0.2338,0.1914,2.9594,-1.4797,76680.32,80135.35,1.104,7,none
2026-08-30 02:41:07,2026-08-30 02:40:00,78076.0,78038.0,77832.0,0.3135,0.2647,2.9594,-1.4797,76680.32,80135.35,1.107,7,none
2026-08-30 02:46:08,2026-08-30 02:45:00,78059.0,78058.0,77832.0,0.2917,0.2904,2.9594,-1.4797,76680.32,80135.35,1.111,7,none
2026-08-30 02:51:08,2026-08-30 02:50:00,78100.0,78084.0,77832.0,0.3443,0.3238,2.9594,-1.4797,76680.32,80135.35,1.114,7,none
2026-08-30 02:56:04,2026-08-30 02:55:00,78125.0,78123.0,77832.0,0.3765,0.3739,2.9594,-1.4797,76680.32,80135.35,1.118,7,none
2026-08-30 03:01:16,2026-08-30 03:00:00,78076.0,78076.0,77832.0,0.3135,0.3135,2.9594,-1.4797,76680.32,80135.35,1.121,7,none
2026-08-30 03:06:02,2026-08-30 03:04:00,78056.0,78055.0,77832.0,0.2878,0.2865,2.9594,-1.4797,76680.32,80135.35,1.125,7,none
2026-08-30 03:11:03,2026-08-30 03:09:00,78071.0,78062.0,77832.0,0.3071,0.2955,2.9594,-1.4797,76680.32,80135.35,1.128,7,none
2026-08-30 03:16:06,2026-08-30 03:15:00,78058.0,78057.0,77832.0,0.2904,0.2891,2.9594,-1.4797,76680.32,80135.35,1.132,7,none
2026-08-30 03:21:11,2026-08-30 03:20:00,78053.0,78050.0,77832.0,0.2839,0.2801,2.9594,-1.4797,76680.32,80135.35,1.135,7,none
2026-08-30 03:26:00,2026-08-30 03:24:00,78072.0,78049.0,77832.0,0.3084,0.2788,2.9594,-1.4797,76680.32,80135.35,1.139,7,none
2026-08-30 03:31:12,2026-08-30 03:30:00,78129.0,78119.0,77832.0,0.3816,0.3687,2.9594,-1.4797,76680.32,80135.35,1.142,7,none
2026-08-30 03:36:04,2026-08-30 03:35:00,78187.0,78186.0,77832.0,0.4561,0.4548,2.9594,-1.4797,76680.32,80135.35,1.146,7,none
2026-08-30 03:41:10,2026-08-30 03:40:00,78147.0,78146.0,77832.0,0.4047,0.4034,2.9594,-1.4797,76680.32,80135.35,1.149,7,none
2026-08-30 03:46:05,2026-08-30 03:45:00,78154.0,78118.0,77832.0,0.4137,0.3675,2.9594,-1.4797,76680.32,80135.35,1.153,7,none
2026-08-30 03:51:07,2026-08-30 03:50:00,78129.0,78128.0,77832.0,0.3816,0.3803,2.9594,-1.4797,76680.32,80135.35,1.156,7,none
2026-08-30 03:56:04,2026-08-30 03:55:00,78122.0,78119.0,77832.0,0.3726,0.3687,2.9594,-1.4797,76680.32,80135.35,1.159,7,none
2026-08-30 04:01:14,2026-08-30 04:00:00,78118.0,78117.0,77832.0,0.3675,0.3662,2.9594,-1.4797,76680.32,80135.35,1.163,7,none
2026-08-30 04:06:00,2026-08-30 04:04:00,78189.0,78188.0,77832.0,0.4587,0.4574,2.9594,-1.4797,76680.32,80135.35,1.166,7,none
2026-08-30 04:10:56,2026-08-30 04:09:00,78136.0,78135.0,77832.0,0.3906,0.3893,2.9594,-1.4797,76680.32,80135.35,1.17,7,none
2026-08-30 04:16:10,2026-08-30 04:15:00,78140.0,78138.0,77832.0,0.3957,0.3932,2.9594,-1.4797,76680.32,80135.35,1.173,7,none
2026-08-30 04:21:12,2026-08-30 04:20:00,78132.0,78124.0,77832.0,0.3854,0.3752,2.9594,-1.4797,76680.32,80135.35,1.177,7,none
2026-08-30 04:26:09,2026-08-30 04:25:00,78108.0,78070.0,77832.0,0.3546,0.3058,2.9594,-1.4797,76680.32,80135.35,1.18,7,none
2026-08-30 04:31:14,2026-08-30 04:30:00,78084.0,78083.0,77832.0,0.3238,0.3225,2.9594,-1.4797,76680.32,80135.35,1.184,7,none
2026-08-30 04:36:04,2026-08-30 04:35:00,78053.0,78052.0,77832.0,0.2839,0.2827,2.9594,-1.4797,76680.32,80135.35,1.187,7,none
2026-08-30 04:41:10,2026-08-30 04:40:00,78020.0,77997.0,77832.0,0.2415,0.212,2.9594,-1.4797,76680.32,80135.35,1.191,7,none
2026-08-30 04:46:10,2026-08-30 04:45:00,77979.0,77978.0,77832.0,0.1889,0.1876,2.9594,-1.4797,76680.32,80135.35,1.194,7,none
2026-08-30 04:51:04,2026-08-30 04:50:00,77977.0,77976.0,77832.0,0.1863,0.185,2.9594,-1.4797,76680.32,80135.35,1.198,7,none
2026-08-30 04:55:59,2026-08-30 04:54:00,78042.0,78011.0,77832.0,0.2698,0.23,2.9594,-1.4797,76680.32,80135.35,1.201,7,none
2026-08-30 05:01:16,2026-08-30 05:00:00,78087.0,78078.0,77832.0,0.3276,0.3161,2.9594,-1.4797,76680.32,80135.35,1.205,7,none
2026-08-30 05:06:01,2026-08-30 05:04:00,78167.0,78153.0,77832.0,0.4304,0.4124,2.9594,-1.4797,76680.32,80135.35,1.208,7,none
2026-08-30 05:11:04,2026-08-30 05:10:00,78146.0,78145.0,77832.0,0.4034,0.4021,2.9594,-1.4797,76680.32,80135.35,1.212,7,none
2026-08-30 05:16:04,2026-08-30 05:15:00,78118.0,78117.0,77832.0,0.3675,0.3662,2.9594,-1.4797,76680.32,80135.35,1.215,7,none
2026-08-30 05:21:11,2026-08-30 05:20:00,78102.0,78101.0,77832.0,0.3469,0.3456,2.9594,-1.4797,76680.32,80135.35,1.219,7,none
2026-08-30 05:25:59,2026-08-30 05:24:00,78110.0,78109.0,77832.0,0.3572,0.3559,2.9594,-1.4797,76680.32,80135.35,1.222,7,none
2026-08-30 05:31:15,2026-08-30 05:30:00,78117.0,78116.0,77832.0,0.3662,0.3649,2.9594,-1.4797,76680.32,80135.35,1.226,7,none
2026-08-30 05:36:07,2026-08-30 05:35:00,78100.0,78099.0,77832.0,0.3443,0.343,2.9594,-1.4797,76680.32,80135.35,1.229,7,none
2026-08-30 05:41:08,2026-08-30 05:40:00,78108.0,78095.0,77832.0,0.3546,0.3379,2.9594,-1.4797,76680.32,80135.35,1.232,7,none
2026-08-30 05:46:12,2026-08-30 05:45:00,78102.0,78101.0,77832.0,0.3469,0.3456,2.9594,-1.4797,76680.32,80135.35,1.236,7,none
2026-08-30 05:51:07,2026-08-30 05:50:00,78101.0,78100.0,77832.0,0.3456,0.3443,2.9594,-1.4797,76680.32,80135.35,1.239,7,none
2026-08-30 05:56:01,2026-08-30 05:55:00,78097.0,78096.0,77832.0,0.3405,0.3392,2.9594,-1.4797,76680.32,80135.35,1.243,7,none
2026-08-30 06:01:20,2026-08-30 06:00:00,78096.0,78095.0,77832.0,0.3392,0.3379,2.9594,-1.4797,76680.32,80135.35,1.246,7,none
2026-08-30 06:06:07,2026-08-30 06:05:00,78095.0,78094.0,77832.0,0.3379,0.3366,2.9594,-1.4797,76680.32,80135.35,1.25,7,none
2026-08-30 06:11:12,2026-08-30 06:10:00,78084.0,78084.0,77832.0,0.3238,0.3238,2.9594,-1.4797,76680.32,80135.35,1.253,7,none
2026-08-30 06:16:12,2026-08-30 06:15:00,78095.0,78084.0,77832.0,0.3379,0.3238,2.9594,-1.4797,76680.32,80135.35,1.257,7,none
2026-08-30 06:21:07,2026-08-30 06:20:00,78120.0,78119.0,77832.0,0.37,0.3687,2.9594,-1.4797,76680.32,80135.35,1.26,7,none
2026-08-30 06:26:06,2026-08-30 06:25:00,78154.0,78153.0,77832.0,0.4137,0.4124,2.9594,-1.4797,76680.32,80135.35,1.264,7,none
2026-08-30 06:31:13,2026-08-30 06:30:00,78161.0,78160.0,77832.0,0.4227,0.4214,2.9594,-1.4797,76680.32,80135.35,1.267,7,none
2026-08-30 06:36:15,2026-08-30 06:35:00,78181.0,78172.0,77832.0,0.4484,0.4368,2.9594,-1.4797,76680.32,80135.35,1.271,7,none
2026-08-30 06:41:04,2026-08-30 06:40:00,78235.0,78210.0,77832.0,0.5178,0.4857,2.9594,-1.4797,76680.32,80135.35,1.274,7,none
2026-08-30 06:46:09,2026-08-30 06:45:00,78213.0,78212.0,77832.0,0.4895,0.4882,2.9594,-1.4797,76680.32,80135.35,1.278,7,none
2026-08-30 06:51:02,2026-08-30 06:50:00,78222.0,78222.0,77832.0,0.5011,0.5011,2.9594,-1.4797,76680.32,80135.35,1.281,7,none
2026-08-30 06:56:10,2026-08-30 06:55:00,78254.0,78253.0,77832.0,0.5422,0.5409,2.9594,-1.4797,76680.32,80135.35,1.285,7,none
2026-08-30 07:01:15,2026-08-30 07:00:00,78256.0,78255.0,77832.0,0.5448,0.5435,2.9594,-1.4797,76680.32,80135.35,1.288,7,none
2026-08-30 07:05:59,2026-08-30 07:04:00,78244.0,78243.0,77832.0,0.5293,0.5281,2.9594,-1.4797,76680.32,80135.35,1.291,7,none
2026-08-30 07:11:15,2026-08-30 07:10:00,78234.0,78234.0,77832.0,0.5165,0.5165,2.9594,-1.4797,76680.32,80135.35,1.295,7,none
2026-08-30 07:16:14,2026-08-30 07:15:00,78235.0,78234.0,77832.0,0.5178,0.5165,2.9594,-1.4797,76680.32,80135.35,1.298,7,none
2026-08-30 07:21:05,2026-08-30 07:20:00,78218.0,78217.0,77832.0,0.4959,0.4947,2.9594,-1.4797,76680.32,80135.35,1.302,7,none
2026-08-30 07:26:06,2026-08-30 07:25:00,78208.0,78205.0,77832.0,0.4831,0.4792,2.9594,-1.4797,76680.32,80135.35,1.305,7,none
2026-08-30 07:31:11,2026-08-30 07:30:00,78201.0,78200.0,77832.0,0.4741,0.4728,2.9594,-1.4797,76680.32,80135.35,1.309,7,none
2026-08-30 07:36:07,2026-08-30 07:35:00,78157.0,78157.0,77832.0,0.4176,0.4176,2.9594,-1.4797,76680.32,80135.35,1.312,7,none
2026-08-30 07:41:08,2026-08-30 07:40:00,78163.0,78163.0,77832.0,0.4253,0.4253,2.9594,-1.4797,76680.32,80135.35,1.316,7,none
2026-08-30 07:46:11,2026-08-30 07:45:00,78124.0,78124.0,77832.0,0.3752,0.3752,2.9594,-1.4797,76680.32,80135.35,1.319,7,none
2026-08-30 07:51:04,2026-08-30 07:50:00,78120.0,78120.0,77832.0,0.37,0.37,2.9594,-1.4797,76680.32,80135.35,1.323,7,none
2026-08-30 07:56:02,2026-08-30 07:55:00,78115.0,78114.0,77832.0,0.3636,0.3623,2.9594,-1.4797,76680.32,80135.35,1.326,7,none
2026-08-30 08:01:16,2026-08-30 08:00:00,78096.0,78086.0,77832.0,0.3392,0.3263,2.9594,-1.4797,76680.32,80135.35,1.33,7,none
2026-08-30 08:06:01,2026-08-30 08:04:00,78117.0,78117.0,77832.0,0.3662,0.3662,2.9594,-1.4797,76680.32,80135.35,1.333,7,none
2026-08-30 08:11:08,2026-08-30 08:10:00,78144.0,78130.0,77832.0,0.4009,0.3829,2.9594,-1.4797,76680.32,80135.35,1.337,7,none
2026-08-30 08:16:04,2026-08-30 08:15:00,78141.0,78129.0,77832.0,0.397,0.3816,2.9594,-1.4797,76680.32,80135.35,1.34,7,none
2026-08-30 08:21:08,2026-08-30 08:20:00,78171.0,78170.0,77832.0,0.4356,0.4343,2.9594,-1.4797,76680.32,80135.35,1.344,7,none
2026-08-30 08:26:07,2026-08-30 08:25:00,78154.0,78138.0,77832.0,0.4137,0.3932,2.9594,-1.4797,76680.32,80135.35,1.347,7,none
2026-08-30 08:31:11,2026-08-30 08:30:00,78120.0,78120.0,77832.0,0.37,0.37,2.9594,-1.4797,76680.32,80135.35,1.351,7,none
2026-08-30 08:36:00,2026-08-30 08:35:00,78091.0,78091.0,77832.0,0.3328,0.3328,2.9594,-1.4797,76680.32,80135.35,1.354,7,none
2026-08-30 08:41:11,2026-08-30 08:40:00,78027.0,78026.0,77832.0,0.2505,0.2493,2.9594,-1.4797,76680.32,80135.35,1.357,7,none
2026-08-30 08:46:11,2026-08-30 08:45:00,78032.0,78032.0,77832.0,0.257,0.257,2.9594,-1.4797,76680.32,80135.35,1.361,7,none
2026-08-30 08:51:08,2026-08-30 08:50:00,78022.0,78021.0,77832.0,0.2441,0.2428,2.9594,-1.4797,76680.32,80135.35,1.364,7,none
2026-08-30 08:56:08,2026-08-30 08:55:00,78045.0,78035.0,77832.0,0.2737,0.2608,2.9594,-1.4797,76680.32,80135.35,1.368,7,none
2026-08-30 09:01:16,2026-08-30 09:00:00,78058.0,78044.0,77832.0,0.2904,0.2724,2.9594,-1.4797,76680.32,80135.35,1.371,7,none
2026-08-30 09:05:53,2026-08-30 09:04:00,78070.0,78070.0,77832.0,0.3058,0.3058,2.9594,-1.4797,76680.32,80135.35,1.375,7,none
2026-08-30 09:11:11,2026-08-30 09:10:00,78062.0,78061.0,77832.0,0.2955,0.2942,2.9594,-1.4797,76680.32,80135.35,1.378,7,none
2026-08-30 09:16:13,2026-08-30 09:15:00,78084.0,78083.0,77832.0,0.3238,0.3225,2.9594,-1.4797,76680.32,80135.35,1.382,7,none
2026-08-30 09:21:10,2026-08-30 09:20:00,78077.0,78056.0,77832.0,0.3148,0.2878,2.9594,-1.4797,76680.32,80135.35,1.385,7,none
2026-08-30 09:26:07,2026-08-30 09:25:00,78025.0,78024.0,77832.0,0.248,0.2467,2.9594,-1.4797,76680.32,80135.35,1.389,7,none
2026-08-30 09:31:14,2026-08-30 09:30:00,77992.0,77974.0,77832.0,0.2056,0.1824,2.9594,-1.4797,76680.32,80135.35,1.392,7,none
2026-08-30 09:36:05,2026-08-30 09:35:00,77979.0,77979.0,77832.0,0.1889,0.1889,2.9594,-1.4797,76680.32,80135.35,1.396,7,none
2026-08-30 09:41:05,2026-08-30 09:40:00,78010.0,77982.0,77832.0,0.2287,0.1927,2.9594,-1.4797,76680.32,80135.35,1.399,7,none
2026-08-30 09:46:05,2026-08-30 09:45:00,78007.0,78006.0,77832.0,0.2248,0.2236,2.9594,-1.4797,76680.32,80135.35,1.403,7,none
2026-08-30 09:51:04,2026-08-30 09:50:00,77981.0,77981.0,77832.0,0.1914,0.1914,2.9594,-1.4797,76680.32,80135.35,1.406,7,none
2026-08-30 09:56:05,2026-08-30 09:55:00,77982.0,77974.0,77832.0,0.1927,0.1824,2.9594,-1.4797,76680.32,80135.35,1.409,7,none
2026-08-30 10:01:17,2026-08-30 10:00:00,77970.0,77970.0,77832.0,0.1773,0.1773,2.9594,-1.4797,76680.32,80135.35,1.413,7,none
2026-08-30 10:06:05,2026-08-30 10:05:00,77968.0,77936.0,77832.0,0.1747,0.1336,2.9594,-1.4797,76680.32,80135.35,1.416,7,none
2026-08-30 10:11:09,2026-08-30 10:10:00,78048.0,78024.0,77832.0,0.2775,0.2467,2.9594,-1.4797,76680.32,80135.35,1.42,7,none
2026-08-30 10:16:05,2026-08-30 10:15:00,77991.0,77988.0,77832.0,0.2043,0.2004,2.9594,-1.4797,76680.32,80135.35,1.423,7,none
2026-08-30 10:21:08,2026-08-30 10:20:00,78018.0,77997.0,77832.0,0.239,0.212,2.9594,-1.4797,76680.32,80135.35,1.427,7,none
2026-08-30 10:26:06,2026-08-30 10:25:00,78047.0,78044.0,77832.0,0.2762,0.2724,2.9594,-1.4797,76680.32,80135.35,1.43,7,none
2026-08-30 10:31:13,2026-08-30 10:30:00,78026.0,78026.0,77832.0,0.2493,0.2493,2.9594,-1.4797,76680.32,80135.35,1.434,7,none
2026-08-30 10:36:06,2026-08-30 10:35:00,78041.0,78040.0,77832.0,0.2685,0.2672,2.9594,-1.4797,76680.32,80135.35,1.437,7,none
2026-08-30 10:41:08,2026-08-30 10:40:00,78061.0,78060.0,77832.0,0.2942,0.2929,2.9594,-1.4797,76680.32,80135.35,1.441,7,none
2026-08-30 10:46:04,2026-08-30 10:45:00,78101.0,78096.0,77832.0,0.3456,0.3392,2.9594,-1.4797,76680.32,80135.35,1.444,7,none
2026-08-30 10:51:09,2026-08-30 10:50:00,78124.0,78124.0,77832.0,0.3752,0.3752,2.9594,-1.4797,76680.32,80135.35,1.448,7,none
2026-08-30 10:56:03,2026-08-30 10:55:00,78129.0,78128.0,77832.0,0.3816,0.3803,2.9594,-1.4797,76680.32,80135.35,1.451,7,none
2026-08-30 11:01:16,2026-08-30 11:00:00,78130.0,78129.0,77832.0,0.3829,0.3816,2.9594,-1.4797,76680.32,80135.35,1.455,7,none
2026-08-30 11:06:06,2026-08-30 11:05:00,78150.0,78139.0,77832.0,0.4086,0.3944,2.9594,-1.4797,76680.32,80135.35,1.458,7,none
2026-08-30 11:11:05,2026-08-30 11:10:00,78183.0,78182.0,77832.0,0.451,0.4497,2.9594,-1.4797,76680.32,80135.35,1.462,7,none
2026-08-30 11:16:03,2026-08-30 11:15:00,78152.0,78152.0,77832.0,0.4111,0.4111,2.9594,-1.4797,76680.32,80135.35,1.465,7,none
2026-08-30 11:21:09,2026-08-30 11:20:00,78154.0,78153.0,77832.0,0.4137,0.4124,2.9594,-1.4797,76680.32,80135.35,1.469,7,none
2026-08-30 11:26:03,2026-08-30 11:25:00,78157.0,78156.0,77832.0,0.4176,0.4163,2.9594,-1.4797,76680.32,80135.35,1.472,7,none
2026-08-30 11:31:11,2026-08-30 11:30:00,78161.0,78161.0,77832.0,0.4227,0.4227,2.9594,-1.4797,76680.32,80135.35,1.476,7,none
2026-08-30 11:36:07,2026-08-30 11:35:00,78165.0,78164.0,77832.0,0.4278,0.4266,2.9594,-1.4797,76680.32,80135.35,1.479,7,none
2026-08-30 11:41:03,2026-08-30 11:40:00,78155.0,78147.0,77832.0,0.415,0.4047,2.9594,-1.4797,76680.32,80135.35,1.482,7,none
2026-08-30 11:46:00,2026-08-30 11:44:00,78156.0,78154.0,77832.0,0.4163,0.4137,2.9594,-1.4797,76680.32,80135.35,1.486,7,none
2026-08-30 11:51:07,2026-08-30 11:50:00,78116.0,78115.0,77832.0,0.3649,0.3636,2.9594,-1.4797,76680.32,80135.35,1.489,7,none
2026-08-30 11:56:00,2026-08-30 11:54:00,78116.0,78115.0,77832.0,0.3649,0.3636,2.9594,-1.4797,76680.32,80135.35,1.493,7,none
2026-08-30 12:01:14,2026-08-30 12:00:00,78167.0,78149.0,77832.0,0.4304,0.4073,2.9594,-1.4797,76680.32,80135.35,1.496,7,none
2026-08-30 12:06:01,2026-08-30 12:05:00,78323.0,78260.0,77832.0,0.6308,0.5499,2.9594,-1.4797,76680.32,80135.35,1.5,7,none
2026-08-30 12:11:07,2026-08-30 12:10:00,78615.0,78572.0,77832.0,1.006,0.9508,2.9594,-1.4797,76680.32,80135.35,1.503,7,none
2026-08-30 12:16:13,2026-08-30 12:15:00,78565.0,78549.0,77832.0,0.9418,0.9212,2.9594,-1.4797,76680.32,80135.35,1.507,7,none
2026-08-30 12:21:06,2026-08-30 12:20:00,78532.0,78484.0,77832.0,0.8994,0.8377,2.9594,-1.4797,76680.32,80135.35,1.51,7,none
2026-08-30 12:23:31,2026-08-30 12:22:00,78493.0,78492.0,77832.0,0.8493,0.848,2.9594,-1.4797,76680.32,80135.35,1.512,7,none
2026-08-30 12:26:10,2026-08-30 12:25:00,78500.0,78492.0,77832.0,0.8583,0.848,2.9594,-1.4797,76680.32,80135.35,1.514,7,none
2026-08-30 12:31:10,2026-08-30 12:30:00,78621.0,78557.0,77832.0,1.0137,0.9315,2.9594,-1.4797,76680.32,80135.35,1.517,7,none
2026-08-30 12:36:05,2026-08-30 12:35:00,78560.0,78533.0,77832.0,0.9353,0.9007,2.9594,-1.4797,76680.32,80135.35,1.521,7,none
2026-08-30 12:41:14,2026-08-30 12:40:00,78587.0,78552.0,77832.0,0.97,0.9251,2.9594,-1.4797,76680.32,80135.35,1.524,7,none
2026-08-30 12:46:01,2026-08-30 12:44:00,78641.0,78640.0,77832.0,1.0394,1.0381,2.9594,-1.4797,76680.32,80135.35,1.527,7,none
2026-08-30 12:50:59,2026-08-30 12:49:00,78607.0,78592.0,77832.0,0.9957,0.9765,2.9594,-1.4797,76680.32,80135.35,1.531,7,none
2026-08-30 12:56:01,2026-08-30 12:55:00,78669.0,78611.0,77832.0,1.0754,1.0009,2.9594,-1.4797,76680.32,80135.35,1.534,7,none
2026-08-30 13:01:20,2026-08-30 13:00:00,78746.0,78729.0,77832.0,1.1743,1.1525,2.9594,-1.4797,76680.32,80135.35,1.538,7,none
2026-08-30 13:05:58,2026-08-30 13:04:00,78731.0,78702.0,77832.0,1.1551,1.1178,2.9594,-1.4797,76680.32,80135.35,1.541,7,none
2026-08-30 13:11:12,2026-08-30 13:10:00,78668.0,78661.0,77832.0,1.0741,1.0651,2.9594,-1.4797,76680.32,80135.35,1.545,7,none
2026-08-30 13:16:04,2026-08-30 13:15:00,78622.0,78615.0,77832.0,1.015,1.006,2.9594,-1.4797,76680.32,80135.35,1.548,7,none
2026-08-30 13:21:05,2026-08-30 13:20:00,78658.0,78650.0,77832.0,1.0613,1.051,2.9594,-1.4797,76680.32,80135.35,1.552,7,none
2026-08-30 13:26:01,2026-08-30 13:24:00,78699.0,78680.0,77832.0,1.1139,1.0895,2.9594,-1.4797,76680.32,80135.35,1.555,7,none
2026-08-30 13:31:11,2026-08-30 13:30:00,78681.0,78681.0,77832.0,1.0908,1.0908,2.9594,-1.4797,76680.32,80135.35,1.559,7,none
2026-08-30 13:36:01,2026-08-30 13:35:00,78671.0,78668.0,77832.0,1.078,1.0741,2.9594,-1.4797,76680.32,80135.35,1.562,7,none
2026-08-30 13:41:06,2026-08-30 13:40:00,78685.0,78675.0,77832.0,1.096,1.0831,2.9594,-1.4797,76680.32,80135.35,1.566,7,none
2026-08-30 13:46:02,2026-08-30 13:45:00,78811.0,78775.0,77832.0,1.2578,1.2116,2.9594,-1.4797,76680.32,80135.35,1.569,7,none
2026-08-30 13:51:13,2026-08-30 13:50:00,78945.0,78923.0,77832.0,1.43,1.4017,2.9594,-1.4797,76680.32,80135.35,1.573,7,none
2026-08-30 13:56:05,2026-08-30 13:55:00,78868.0,78868.0,77832.0,1.3311,1.3311,2.9594,-1.4797,76680.32,80135.35,1.576,7,none
2026-08-30 14:01:17,2026-08-30 14:00:00,78838.0,78811.0,77832.0,1.2925,1.2578,2.9594,-1.4797,76680.32,80135.35,1.58,7,none
2026-08-30 14:06:06,2026-08-30 14:05:00,78811.0,78811.0,77832.0,1.2578,1.2578,2.9594,-1.4797,76680.32,80135.35,1.583,7,none
2026-08-30 14:11:03,2026-08-30 14:10:00,78877.0,78868.0,77832.0,1.3426,1.3311,2.9594,-1.4797,76680.32,80135.35,1.587,7,none
2026-08-30 14:16:10,2026-08-30 14:15:00,78918.0,78896.0,77832.0,1.3953,1.367,2.9594,-1.4797,76680.32,80135.35,1.59,7,none
2026-08-30 14:21:09,2026-08-30 14:20:00,78812.0,78777.0,77832.0,1.2591,1.2142,2.9594,-1.4797,76680.32,80135.35,1.594,7,none
2026-08-30 14:26:00,2026-08-30 14:24:00,78827.0,78798.0,77832.0,1.2784,1.2411,2.9594,-1.4797,76680.32,80135.35,1.597,7,none
2026-08-30 14:31:17,2026-08-30 14:30:00,78821.0,78821.0,77832.0,1.2707,1.2707,2.9594,-1.4797,76680.32,80135.35,1.601,7,none
2026-08-30 14:36:12,2026-08-30 14:35:00,78789.0,78774.0,77832.0,1.2296,1.2103,2.9594,-1.4797,76680.32,80135.35,1.604,7,none
2026-08-30 14:41:05,2026-08-30 14:40:00,78732.0,78713.0,77832.0,1.1563,1.1319,2.9594,-1.4797,76680.32,80135.35,1.607,7,none
2026-08-30 14:46:12,2026-08-30 14:45:00,78702.0,78700.0,77832.0,1.1178,1.1152,2.9594,-1.4797,76680.32,80135.35,1.611,7,none
2026-08-30 14:51:05,2026-08-30 14:50:00,78747.0,78746.0,77832.0,1.1756,1.1743,2.9594,-1.4797,76680.32,80135.35,1.614,7,none
2026-08-30 14:56:07,2026-08-30 14:55:00,78794.0,78791.0,77832.0,1.236,1.2321,2.9594,-1.4797,76680.32,80135.35,1.618,7,none
2026-08-30 15:01:18,2026-08-30 15:00:00,78743.0,78743.0,77832.0,1.1705,1.1705,2.9594,-1.4797,76680.32,80135.35,1.621,7,none
2026-08-30 15:06:06,2026-08-30 15:05:00,78673.0,78666.0,77832.0,1.0805,1.0715,2.9594,-1.4797,76680.32,80135.35,1.625,7,none
2026-08-30 15:11:10,2026-08-30 15:10:00,78783.0,78756.0,77832.0,1.2219,1.1872,2.9594,-1.4797,76680.32,80135.35,1.628,7,none
2026-08-30 15:16:11,2026-08-30 15:15:00,78622.0,78622.0,77832.0,1.015,1.015,2.9594,-1.4797,76680.32,80135.35,1.632,7,none
2026-08-30 15:21:05,2026-08-30 15:20:00,78691.0,78673.0,77832.0,1.1037,1.0805,2.9594,-1.4797,76680.32,80135.35,1.635,7,none
2026-08-30 15:26:08,2026-08-30 15:25:00,78792.0,78743.0,77832.0,1.2334,1.1705,2.9594,-1.4797,76680.32,80135.35,1.639,7,none
2026-08-30 15:31:12,2026-08-30 15:30:00,78784.0,78760.0,77832.0,1.2231,1.1923,2.9594,-1.4797,76680.32,80135.35,1.642,7,none
2026-08-30 15:36:03,2026-08-30 15:35:00,78786.0,78779.0,77832.0,1.2257,1.2167,2.9594,-1.4797,76680.32,80135.35,1.646,7,none
2026-08-30 15:41:06,2026-08-30 15:40:00,78815.0,78803.0,77832.0,1.263,1.2476,2.9594,-1.4797,76680.32,80135.35,1.649,7,none
2026-08-30 15:46:05,2026-08-30 15:45:00,78832.0,78815.0,77832.0,1.2848,1.263,2.9594,-1.4797,76680.32,80135.35,1.653,7,none
2026-08-30 15:51:00,2026-08-30 15:49:00,78801.0,78801.0,77832.0,1.245,1.245,2.9594,-1.4797,76680.32,80135.35,1.656,7,none
2026-08-30 15:56:06,2026-08-30 15:55:00,78795.0,78781.0,77832.0,1.2373,1.2193,2.9594,-1.4797,76680.32,80135.35,1.659,7,none
2026-08-30 16:01:12,2026-08-30 16:00:00,78801.0,78800.0,77832.0,1.245,1.2437,2.9594,-1.4797,76680.32,80135.35,1.663,7,none
2026-08-30 16:06:07,2026-08-30 16:05:00,78969.0,78953.0,77832.0,1.4608,1.4403,2.9594,-1.4797,76680.32,80135.35,1.666,7,none
2026-08-30 16:11:06,2026-08-30 16:10:00,78784.0,78784.0,77832.0,1.2231,1.2231,2.9594,-1.4797,76680.32,80135.35,1.67,7,none
2026-08-30 16:16:07,2026-08-30 16:15:00,79190.0,79076.0,77832.0,1.7448,1.5983,2.9594,-1.4797,76680.32,80135.35,1.673,7,none
2026-08-30 16:21:05,2026-08-30 16:20:00,79020.0,79004.0,77832.0,1.5264,1.5058,2.9594,-1.4797,76680.32,80135.35,1.677,7,none
2026-08-30 16:26:04,2026-08-30 16:25:00,79092.0,79076.0,77832.0,1.6189,1.5983,2.9594,-1.4797,76680.32,80135.35,1.68,7,none
2026-08-30 16:31:12,2026-08-30 16:30:00,79034.0,79021.0,77832.0,1.5444,1.5276,2.9594,-1.4797,76680.32,80135.35,1.684,7,none
2026-08-30 16:36:01,2026-08-30 16:35:00,79123.0,79123.0,77832.0,1.6587,1.6587,2.9594,-1.4797,76680.32,80135.35,1.687,7,none
2026-08-30 16:41:05,2026-08-30 16:40:00,79197.0,79111.0,77832.0,1.7538,1.6433,2.9594,-1.4797,76680.32,80135.35,1.691,7,none
2026-08-30 16:46:13,2026-08-30 16:45:00,79197.0,79175.0,77832.0,1.7538,1.7255,2.9594,-1.4797,76680.32,80135.35,1.694,7,none
2026-08-30 16:51:04,2026-08-30 16:50:00,79178.0,79149.0,77832.0,1.7294,1.6921,2.9594,-1.4797,76680.32,80135.35,1.698,7,none
2026-08-30 16:56:08,2026-08-30 16:55:00,79182.0,79182.0,77832.0,1.7345,1.7345,2.9594,-1.4797,76680.32,80135.35,1.701,7,none
2026-08-30 17:01:20,2026-08-30 17:00:00,79273.0,79254.0,77832.0,1.8514,1.827,2.9594,-1.4797,76680.32,80135.35,1.705,7,none
2026-08-30 17:02:34,2026-08-30 17:01:00,79234.0,79232.0,77832.0,1.8013,1.7987,2.9594,-1.4797,76680.32,80135.35,1.706,7,none
2026-08-30 17:06:08,2026-08-30 17:05:00,79220.0,79220.0,77832.0,1.7833,1.7833,2.9594,-1.4797,76680.32,80135.35,1.708,7,none
2026-08-30 17:11:08,2026-08-30 17:10:00,79141.0,79125.0,77832.0,1.6818,1.6613,2.9594,-1.4797,76680.32,80135.35,1.712,7,none
2026-08-30 17:16:07,2026-08-30 17:15:00,79089.0,79079.0,77832.0,1.615,1.6022,2.9594,-1.4797,76680.32,80135.35,1.715,7,none
2026-08-30 17:21:17,2026-08-30 17:20:00,78991.0,78929.0,77832.0,1.4891,1.4094,2.9594,-1.4797,76680.32,80135.35,1.719,7,none
2026-08-30 17:26:06,2026-08-30 17:25:00,78792.0,78759.0,77832.0,1.2334,1.191,2.9594,-1.4797,76680.32,80135.35,1.722,7,none
2026-08-30 17:31:10,2026-08-30 17:30:00,78896.0,78870.0,77832.0,1.367,1.3336,2.9594,-1.4797,76680.32,80135.35,1.726,7,none
2026-08-30 17:35:59,2026-08-30 17:34:00,78988.0,78950.0,77832.0,1.4853,1.4364,2.9594,-1.4797,76680.32,80135.35,1.729,7,none
2026-08-30 17:41:04,2026-08-30 17:40:00,79004.0,78972.0,77832.0,1.5058,1.4647,2.9594,-1.4797,76680.32,80135.35,1.732,7,none
2026-08-30 17:46:11,2026-08-30 17:45:00,79059.0,79027.0,77832.0,1.5765,1.5354,2.9594,-1.4797,76680.32,80135.35,1.736,7,none
2026-08-30 17:51:14,2026-08-30 17:50:00,79016.0,79012.0,77832.0,1.5212,1.5161,2.9594,-1.4797,76680.32,80135.35,1.739,7,none
2026-08-30 17:56:05,2026-08-30 17:55:00,78985.0,78985.0,77832.0,1.4814,1.4814,2.9594,-1.4797,76680.32,80135.35,1.743,7,none
2026-08-30 18:01:16,2026-08-30 18:00:00,79052.0,79000.0,77832.0,1.5675,1.5007,2.9594,-1.4797,76680.32,80135.35,1.746,7,none
2026-08-30 18:06:09,2026-08-30 18:05:00,78959.0,78959.0,77832.0,1.448,1.448,2.9594,-1.4797,76680.32,80135.35,1.75,7,none
2026-08-30 18:11:06,2026-08-30 18:10:00,78776.0,78768.0,77832.0,1.2129,1.2026,2.9594,-1.4797,76680.32,80135.35,1.753,7,none
2026-08-30 18:16:06,2026-08-30 18:15:00,78855.0,78829.0,77832.0,1.3144,1.281,2.9594,-1.4797,76680.32,80135.35,1.757,7,none
2026-08-30 18:21:02,2026-08-30 18:20:00,78877.0,78852.0,77832.0,1.3426,1.3105,2.9594,-1.4797,76680.32,80135.35,1.76,7,none
2026-08-30 18:26:03,2026-08-30 18:25:00,78880.0,78858.0,77832.0,1.3465,1.3182,2.9594,-1.4797,76680.32,80135.35,1.764,7,none
2026-08-30 18:31:10,2026-08-30 18:30:00,79075.0,78989.0,77832.0,1.597,1.4865,2.9594,-1.4797,76680.32,80135.35,1.767,7,none
2026-08-30 18:36:09,2026-08-30 18:35:00,79150.0,79135.0,77832.0,1.6934,1.6741,2.9594,-1.4797,76680.32,80135.35,1.771,7,none
2026-08-30 18:41:09,2026-08-30 18:40:00,79142.0,79142.0,77832.0,1.6831,1.6831,2.9594,-1.4797,76680.32,80135.35,1.774,7,none
2026-08-30 18:46:07,2026-08-30 18:45:00,79054.0,79051.0,77832.0,1.57,1.5662,2.9594,-1.4797,76680.32,80135.35,1.778,7,none
2026-08-30 18:51:09,2026-08-30 18:50:00,79047.0,79046.0,77832.0,1.5611,1.5598,2.9594,-1.4797,76680.32,80135.35,1.781,7,none
2026-08-30 18:56:11,2026-08-30 18:55:00,79016.0,79015.0,77832.0,1.5212,1.5199,2.9594,-1.4797,76680.32,80135.35,1.785,7,none
2026-08-30 19:01:20,2026-08-30 19:00:00,79023.0,79022.0,77832.0,1.5302,1.5289,2.9594,-1.4797,76680.32,80135.35,1.788,7,none
2026-08-30 19:06:07,2026-08-30 19:05:00,78971.0,78963.0,77832.0,1.4634,1.4531,2.9594,-1.4797,76680.32,80135.35,1.791,7,none
2026-08-30 19:11:04,2026-08-30 19:10:00,78982.0,78979.0,77832.0,1.4775,1.4737,2.9594,-1.4797,76680.32,80135.35,1.795,7,none
2026-08-30 19:16:01,2026-08-30 19:15:00,78967.0,78967.0,77832.0,1.4583,1.4583,2.9594,-1.4797,76680.32,80135.35,1.798,7,none
2026-08-30 19:21:00,2026-08-30 19:19:00,78984.0,78979.0,77832.0,1.4801,1.4737,2.9594,-1.4797,76680.32,80135.35,1.802,7,none
2026-08-30 19:26:08,2026-08-30 19:25:00,78912.0,78911.0,77832.0,1.3876,1.3863,2.9594,-1.4797,76680.32,80135.35,1.805,7,none
